alloy,curve,lmp,stress_mpa,source_file,page,method,extracted_on
Centralloy ET 45 Micro,average,26.075890727027513,51.22313936867786,WST_ET_45_micro_161109.pdf,6,vector,2026-09-07
Centralloy ET 45 Micro,average,26.075980374547903,51.222085719525595,WST_ET_45_micro_161109.pdf,6,vector,2026-09-07
Centralloy ET 45 Micro,average,26.076249057378888,51.21892418937884,WST_ET_45_micro_161109.pdf,6,vector,2026-09-07
Centralloy ET 45 Micro,average,26.07669638592518,51.21365409956306,WST_ET_45_micro_161109.pdf,6,vector,2026-09-07
Centralloy ET 45 Micro,average,26.077321970591502,51.20627503216526,WST_ET_45_micro_161109.pdf,6,vector,2026-09-07
Centralloy ET 45 Micro,average,26.07812542178256,51.19678683033969,WST_ET_45_micro_161109.pdf,6,vector,2026-09-07
Centralloy ET 45 Micro,average,26.079106349903082,51.18518959856065,WST_ET_45_micro_161109.pdf,6,vector,2026-09-07
Centralloy ET 45 Micro,average,26.08026436535778,51.17148370282037,WST_ET_45_micro_161109.pdf,6,vector,2026-09-07
Centralloy ET 45 Micro,average,26.08159907855137,51.15566977077387,WST_ET_45_micro_161109.pdf,6,vector,2026-09-07
Centralloy ET 45 Micro,average,26.08311009988857,51.13774869182933,WST_ET_45_micro_161109.pdf,6,vector,2026-09-07
Centralloy ET 45 Micro,average,26.084797039774095,51.11772161718374,WST_ET_45_micro_161109.pdf,6,vector,2026-09-07
Centralloy ET 45 Micro,average,26.086659508612662,51.09558995980539,WST_ET_45_micro_161109.pdf,6,vector,2026-09-07
Centralloy ET 45 Micro,average,26.08869711680899,51.07135539436096,WST_ET_45_micro_161109.pdf,6,vector,2026-09-07
Centralloy ET 45 Micro,average,26.09090947476779,51.04501985708876,WST_ET_45_micro_161109.pdf,6,vector,2026-09-07
Centralloy ET 45 Micro,average,26.09329619289379,51.016585545617765,WST_ET_45_micro_161109.pdf,6,vector,2026-09-07
Centralloy ET 45 Micro,average,26.095856881591693,50.986054918731426,WST_ET_45_micro_161109.pdf,6,vector,2026-09-07
Centralloy ET 45 Micro,average,26.09859115126622,50.95343069607812,WST_ET_45_micro_161109.pdf,6,vector,2026-09-07
Centralloy ET 45 Micro,average,26.101498612322096,50.91871585782648,WST_ET_45_micro_161109.pdf,6,vector,2026-09-07
Centralloy ET 45 Micro,average,26.104578875164027,50.88191364426645,WST_ET_45_micro_161109.pdf,6,vector,2026-09-07
Centralloy ET 45 Micro,average,26.10783155019673,50.843027555356535,WST_ET_45_micro_161109.pdf,6,vector,2026-09-07
Centralloy ET 45 Micro,average,26.111256247824933,50.80206135021608,WST_ET_45_micro_161109.pdf,6,vector,2026-09-07
Centralloy ET 45 Micro,average,26.11485257845334,50.759019046564035,WST_ET_45_micro_161109.pdf,6,vector,2026-09-07
Centralloy ET 45 Micro,average,26.118620152486677,50.713904920103495,WST_ET_45_micro_161109.pdf,6,vector,2026-09-07
Centralloy ET 45 Micro,average,26.122558580329653,50.66672350385194,WST_ET_45_micro_161109.pdf,6,vector,2026-09-07
Centralloy ET 45 Micro,average,26.12666747238699,50.617479587418394,WST_ET_45_micro_161109.pdf,6,vector,2026-09-07
Centralloy ET 45 Micro,average,26.130946439063397,50.566178216226085,WST_ET_45_micro_161109.pdf,6,vector,2026-09-07
Centralloy ET 45 Micro,average,26.1353950907636,50.51282469068241,WST_ET_45_micro_161109.pdf,6,vector,2026-09-07
Centralloy ET 45 Micro,average,26.14001303789231,50.45742456529527,WST_ET_45_micro_161109.pdf,6,vector,2026-09-07
Centralloy ET 45 Micro,average,26.144799890854248,50.39998364773579,WST_ET_45_micro_161109.pdf,6,vector,2026-09-07
Centralloy ET 45 Micro,average,26.149755260054132,50.34050799784936,WST_ET_45_micro_161109.pdf,6,vector,2026-09-07
Centralloy ET 45 Micro,average,26.154878755896668,50.27900392661248,WST_ET_45_micro_161109.pdf,6,vector,2026-09-07
Centralloy ET 45 Micro,average,26.160169988786578,50.215477995038526,WST_ET_45_micro_161109.pdf,6,vector,2026-09-07
Centralloy ET 45 Micro,average,26.16562856912859,50.14993701303058,WST_ET_45_micro_161109.pdf,6,vector,2026-09-07
Centralloy ET 45 Micro,average,26.1712541073274,50.08238803818252,WST_ET_45_micro_161109.pdf,6,vector,2026-09-07
Centralloy ET 45 Micro,average,26.17704621378774,50.01283837452848,WST_ET_45_micro_161109.pdf,6,vector,2026-09-07
Centralloy ET 45 Micro,average,26.18300449891432,49.94129557124106,WST_ET_45_micro_161109.pdf,6,vector,2026-09-07
Centralloy ET 45 Micro,average,26.18912857311186,49.867767421278685,WST_ET_45_micro_161109.pdf,6,vector,2026-09-07
Centralloy ET 45 Micro,average,26.195418046785075,49.792261959981936,WST_ET_45_micro_161109.pdf,6,vector,2026-09-07
Centralloy ET 45 Micro,average,26.20187253033868,49.714787463619906,WST_ET_45_micro_161109.pdf,6,vector,2026-09-07
Centralloy ET 45 Micro,average,26.2084916341774,49.635352447886454,WST_ET_45_micro_161109.pdf,6,vector,2026-09-07
Centralloy ET 45 Micro,average,26.215274968705938,49.55396566634676,WST_ET_45_micro_161109.pdf,6,vector,2026-09-07
Centralloy ET 45 Micro,average,26.22222214432902,49.47063610883525,WST_ET_45_micro_161109.pdf,6,vector,2026-09-07
Centralloy ET 45 Micro,average,26.22933277145136,49.38537299980396,WST_ET_45_micro_161109.pdf,6,vector,2026-09-07
Centralloy ET 45 Micro,average,26.236606460477677,49.29818579662319,WST_ET_45_micro_161109.pdf,6,vector,2026-09-07
Centralloy ET 45 Micro,average,26.244042821812684,49.20908418783398,WST_ET_45_micro_161109.pdf,6,vector,2026-09-07
Centralloy ET 45 Micro,average,26.2516414658611,49.11807809135301,WST_ET_45_micro_161109.pdf,6,vector,2026-09-07
Centralloy ET 45 Micro,average,26.259402003027635,49.02517765263101,WST_ET_45_micro_161109.pdf,6,vector,2026-09-07
Centralloy ET 45 Micro,average,26.267324043717025,48.93039324276399,WST_ET_45_micro_161109.pdf,6,vector,2026-09-07
Centralloy ET 45 Micro,average,26.275407198333962,48.833735456558664,WST_ET_45_micro_161109.pdf,6,vector,2026-09-07
Centralloy ET 45 Micro,average,26.283651077283178,48.73521511055294,WST_ET_45_micro_161109.pdf,6,vector,2026-09-07
Centralloy ET 45 Micro,average,26.292055290969387,48.63484324099028,WST_ET_45_micro_161109.pdf,6,vector,2026-09-07
Centralloy ET 45 Micro,average,26.300619449797303,48.53263110175072,WST_ET_45_micro_161109.pdf,6,vector,2026-09-07
Centralloy ET 45 Micro,average,26.30934316417164,48.428590162237064,WST_ET_45_micro_161109.pdf,6,vector,2026-09-07
Centralloy ET 45 Micro,average,26.31822604449712,48.32273210521835,WST_ET_45_micro_161109.pdf,6,vector,2026-09-07
Centralloy ET 45 Micro,average,26.32726770117846,48.215068824630194,WST_ET_45_micro_161109.pdf,6,vector,2026-09-07
Centralloy ET 45 Micro,average,26.336467744620375,48.10561242333278,WST_ET_45_micro_161109.pdf,6,vector,2026-09-07
Centralloy ET 45 Micro,average,26.34582578522758,47.9943752108277,WST_ET_45_micro_161109.pdf,6,vector,2026-09-07
Centralloy ET 45 Micro,average,26.355341433404796,47.88136970093336,WST_ET_45_micro_161109.pdf,6,vector,2026-09-07
Centralloy ET 45 Micro,average,26.365014299556734,47.766608609419976,WST_ET_45_micro_161109.pdf,6,vector,2026-09-07
Centralloy ET 45 Micro,average,26.37484399408811,47.65010485160522,WST_ET_45_micro_161109.pdf,6,vector,2026-09-07
Centralloy ET 45 Micro,average,26.384830127403646,47.53187153991002,WST_ET_45_micro_161109.pdf,6,vector,2026-09-07
Centralloy ET 45 Micro,average,26.394972309908056,47.41192198137675,WST_ET_45_micro_161109.pdf,6,vector,2026-09-07
Centralloy ET 45 Micro,average,26.40527015200606,47.29026967514891,WST_ET_45_micro_161109.pdf,6,vector,2026-09-07
Centralloy ET 45 Micro,average,26.415723264102375,47.166928309913885,WST_ET_45_micro_161109.pdf,6,vector,2026-09-07
Centralloy ET 45 Micro,average,26.42633125660171,47.04191176130916,WST_ET_45_micro_161109.pdf,6,vector,2026-09-07
Centralloy ET 45 Micro,average,26.437093739908786,46.915234089293165,WST_ET_45_micro_161109.pdf,6,vector,2026-09-07
Centralloy ET 45 Micro,average,26.44801032442832,46.78690953548045,WST_ET_45_micro_161109.pdf,6,vector,2026-09-07
Centralloy ET 45 Micro,average,26.459080620565025,46.656952520443,WST_ET_45_micro_161109.pdf,6,vector,2026-09-07
Centralloy ET 45 Micro,average,26.470304238723628,46.52537764097757,WST_ET_45_micro_161109.pdf,6,vector,2026-09-07
Centralloy ET 45 Micro,average,26.481680789308836,46.392199667340364,WST_ET_45_micro_161109.pdf,6,vector,2026-09-07
Centralloy ET 45 Micro,average,26.493209882725363,46.257433540449405,WST_ET_45_micro_161109.pdf,6,vector,2026-09-07
Centralloy ET 45 Micro,average,26.50489112937794,46.12109436905578,WST_ET_45_micro_161109.pdf,6,vector,2026-09-07
Centralloy ET 45 Micro,average,26.516724139671265,45.98319742688377,WST_ET_45_micro_161109.pdf,6,vector,2026-09-07
Centralloy ET 45 Micro,average,26.528708524010074,45.843758149741525,WST_ET_45_micro_161109.pdf,6,vector,2026-09-07
Centralloy ET 45 Micro,average,26.54084389279907,45.70279213260232,WST_ET_45_micro_161109.pdf,6,vector,2026-09-07
Centralloy ET 45 Micro,average,26.553129856442972,45.56031512665777,WST_ET_45_micro_161109.pdf,6,vector,2026-09-07
Centralloy ET 45 Micro,average,26.5655660253465,45.41634303634332,WST_ET_45_micro_161109.pdf,6,vector,2026-09-07
Centralloy ET 45 Micro,average,26.578152009914366,45.27089191633714,WST_ET_45_micro_161109.pdf,6,vector,2026-09-07
Centralloy ET 45 Micro,average,26.590887420551294,45.1239779685328,WST_ET_45_micro_161109.pdf,6,vector,2026-09-07
Centralloy ET 45 Micro,average,26.603771867661994,44.97561753898716,WST_ET_45_micro_161109.pdf,6,vector,2026-09-07
Centralloy ET 45 Micro,average,26.61680496165118,44.825827114843804,WST_ET_45_micro_161109.pdf,6,vector,2026-09-07
Centralloy ET 45 Micro,average,26.629986312923577,44.67462332123301,WST_ET_45_micro_161109.pdf,6,vector,2026-09-07
Centralloy ET 45 Micro,average,26.6433155318839,44.52202291814903,WST_ET_45_micro_161109.pdf,6,vector,2026-09-07
Centralloy ET 45 Micro,average,26.65679222893686,44.36804279730555,WST_ET_45_micro_161109.pdf,6,vector,2026-09-07
Centralloy ET 45 Micro,average,26.670416014487184,44.212699978970015,WST_ET_45_micro_161109.pdf,6,vector,2026-09-07
Centralloy ET 45 Micro,average,26.684186498939575,44.05601160877832,WST_ET_45_micro_161109.pdf,6,vector,2026-09-07
Centralloy ET 45 Micro,average,26.698103292698757,43.897994954529615,WST_ET_45_micro_161109.pdf,6,vector,2026-09-07
Centralloy ET 45 Micro,average,26.71216600616945,43.73866740296295,WST_ET_45_micro_161109.pdf,6,vector,2026-09-07
Centralloy ET 45 Micro,average,26.726374249756365,43.57804645651635,WST_ET_45_micro_161109.pdf,6,vector,2026-09-07
Centralloy ET 45 Micro,average,26.740727633864225,43.41614973006898,WST_ET_45_micro_161109.pdf,6,vector,2026-09-07
Centralloy ET 45 Micro,average,26.75522576889773,43.252994947667545,WST_ET_45_micro_161109.pdf,6,vector,2026-09-07
Centralloy ET 45 Micro,average,26.769868265261618,43.088599939238094,WST_ET_45_micro_161109.pdf,6,vector,2026-09-07
Centralloy ET 45 Micro,average,26.78465473336059,42.922982637282786,WST_ET_45_micro_161109.pdf,6,vector,2026-09-07
Centralloy ET 45 Micro,average,26.79958478359938,42.756161073564215,WST_ET_45_micro_161109.pdf,6,vector,2026-09-07
Centralloy ET 45 Micro,average,26.814658026382688,42.58815337577701,WST_ET_45_micro_161109.pdf,6,vector,2026-09-07
Centralloy ET 45 Micro,average,26.829874072115235,42.41897776420783,WST_ET_45_micro_161109.pdf,6,vector,2026-09-07
Centralloy ET 45 Micro,average,26.845232531201738,42.24865254838516,WST_ET_45_micro_161109.pdf,6,vector,2026-09-07
Centralloy ET 45 Micro,average,26.86073301404691,42.07719612371862,WST_ET_45_micro_161109.pdf,6,vector,2026-09-07
Centralloy ET 45 Micro,average,26.876375131055486,41.904626968130366,WST_ET_45_micro_161109.pdf,6,vector,2026-09-07
Centralloy ET 45 Micro,average,26.89215849263216,41.730963638677366,WST_ET_45_micro_161109.pdf,6,vector,2026-09-07
Centralloy ET 45 Micro,average,26.908082709181656,41.55622476816742,WST_ET_45_micro_161109.pdf,6,vector,2026-09-07
Centralloy ET 45 Micro,average,26.924147391108697,41.38042906176884,WST_ET_45_micro_161109.pdf,6,vector,2026-09-07
Centralloy ET 45 Micro,average,26.94035214881799,41.203595293614185,WST_ET_45_micro_161109.pdf,6,vector,2026-09-07
Centralloy ET 45 Micro,average,26.956696592714263,41.02574230340031,WST_ET_45_micro_161109.pdf,6,vector,2026-09-07
Centralloy ET 45 Micro,average,26.973180333202226,40.84688899298402,WST_ET_45_micro_161109.pdf,6,vector,2026-09-07
Centralloy ET 45 Micro,average,26.989802980686587,40.66705432297569,WST_ET_45_micro_161109.pdf,6,vector,2026-09-07
Centralloy ET 45 Micro,average,27.006564145572074,40.48625730933069,WST_ET_45_micro_161109.pdf,6,vector,2026-09-07
Centralloy ET 45 Micro,average,27.023463438263402,40.3045170199397,WST_ET_45_micro_161109.pdf,6,vector,2026-09-07
Centralloy ET 45 Micro,average,27.04050046916529,40.1218525712194,WST_ET_45_micro_161109.pdf,6,vector,2026-09-07
Centralloy ET 45 Micro,average,27.057674848682453,39.938283124703226,WST_ET_45_micro_161109.pdf,6,vector,2026-09-07
Centralloy ET 45 Micro,average,27.0749861872196,39.75382788363449,WST_ET_45_micro_161109.pdf,6,vector,2026-09-07
Centralloy ET 45 Micro,average,27.092434095181456,39.56850608956155,WST_ET_45_micro_161109.pdf,6,vector,2026-09-07
Centralloy ET 45 Micro,average,27.110018182972734,39.382337018936255,WST_ET_45_micro_161109.pdf,6,vector,2026-09-07
Centralloy ET 45 Micro,average,27.127738060998155,39.19533997971716,WST_ET_45_micro_161109.pdf,6,vector,2026-09-07
Centralloy ET 45 Micro,average,27.145593339662433,39.00753430797699,WST_ET_45_micro_161109.pdf,6,vector,2026-09-07
Centralloy ET 45 Micro,average,27.16358362937028,38.81893936451669,WST_ET_45_micro_161109.pdf,6,vector,2026-09-07
Centralloy ET 45 Micro,average,27.181708540526415,38.62957453148605,WST_ET_45_micro_161109.pdf,6,vector,2026-09-07
Centralloy ET 45 Micro,average,27.199967683535558,38.4394592090118,WST_ET_45_micro_161109.pdf,6,vector,2026-09-07
Centralloy ET 45 Micro,average,27.21836066880243,38.2486128118342,WST_ET_45_micro_161109.pdf,6,vector,2026-09-07
Centralloy ET 45 Micro,average,27.236887106731736,38.05705476595288,WST_ET_45_micro_161109.pdf,6,vector,2026-09-07
Centralloy ET 45 Micro,average,27.2555466077282,37.864804505282756,WST_ET_45_micro_161109.pdf,6,vector,2026-09-07
Centralloy ET 45 Micro,average,27.274338782196537,37.671881468321224,WST_ET_45_micro_161109.pdf,6,vector,2026-09-07
Centralloy ET 45 Micro,average,27.293263240541464,37.47830509482631,WST_ET_45_micro_161109.pdf,6,vector,2026-09-07
Centralloy ET 45 Micro,average,27.312319593167693,37.284094822508095,WST_ET_45_micro_161109.pdf,6,vector,2026-09-07
Centralloy ET 45 Micro,average,27.33150745047995,37.08927008373296,WST_ET_45_micro_161109.pdf,6,vector,2026-09-07
Centralloy ET 45 Micro,average,27.350826422882946,36.89385030224234,WST_ET_45_micro_161109.pdf,6,vector,2026-09-07
Centralloy ET 45 Micro,average,27.370276120781394,36.69785488988608,WST_ET_45_micro_161109.pdf,6,vector,2026-09-07
Centralloy ET 45 Micro,average,27.38985615458002,36.501303243371694,WST_ET_45_micro_161109.pdf,6,vector,2026-09-07
Centralloy ET 45 Micro,average,27.40956613468353,36.30421474102996,WST_ET_45_micro_161109.pdf,6,vector,2026-09-07
Centralloy ET 45 Micro,average,27.42940567149665,36.106608739597675,WST_ET_45_micro_161109.pdf,6,vector,2026-09-07
Centralloy ET 45 Micro,average,27.449374375424092,35.90850457101879,WST_ET_45_micro_161109.pdf,6,vector,2026-09-07
Centralloy ET 45 Micro,average,27.469471856870573,35.70992153926363,WST_ET_45_micro_161109.pdf,6,vector,2026-09-07
Centralloy ET 45 Micro,average,27.48969772624081,35.510878917168256,WST_ET_45_micro_161109.pdf,6,vector,2026-09-07
Centralloy ET 45 Micro,average,27.510051593939522,35.31139594329347,WST_ET_45_micro_161109.pdf,6,vector,2026-09-07
Centralloy ET 45 Micro,average,27.53053307037142,35.11149181880523,WST_ET_45_micro_161109.pdf,6,vector,2026-09-07
Centralloy ET 45 Micro,average,27.551141765941225,34.91118570437623,WST_ET_45_micro_161109.pdf,6,vector,2026-09-07
Centralloy ET 45 Micro,average,27.571877291053653,34.71049671711024,WST_ET_45_micro_161109.pdf,6,vector,2026-09-07
Centralloy ET 45 Micro,average,27.59273925611342,34.50944392748927,WST_ET_45_micro_161109.pdf,6,vector,2026-09-07
Centralloy ET 45 Micro,average,27.613727271525242,34.30804635634445,WST_ET_45_micro_161109.pdf,6,vector,2026-09-07
Centralloy ET 45 Micro,average,27.634840947693835,34.10632297185142,WST_ET_45_micro_161109.pdf,6,vector,2026-09-07
Centralloy ET 45 Micro,average,27.65607989502392,33.904292686550626,WST_ET_45_micro_161109.pdf,6,vector,2026-09-07
Centralloy ET 45 Micro,average,27.67744372392021,33.70197435439348,WST_ET_45_micro_161109.pdf,6,vector,2026-09-07
Centralloy ET 45 Micro,average,27.698932044787426,33.499386767815004,WST_ET_45_micro_161109.pdf,6,vector,2026-09-07
Centralloy ET 45 Micro,average,27.720544468030273,33.29654865483288,WST_ET_45_micro_161109.pdf,6,vector,2026-09-07
Centralloy ET 45 Micro,average,27.74228060405348,33.09347867617503,WST_ET_45_micro_161109.pdf,6,vector,2026-09-07
Centralloy ET 45 Micro,average,27.764140063261763,32.89019542243463,WST_ET_45_micro_161109.pdf,6,vector,2026-09-07
Centralloy ET 45 Micro,average,27.78612245605983,32.68671741125439,WST_ET_45_micro_161109.pdf,6,vector,2026-09-07
Centralloy ET 45 Micro,average,27.8082273928524,32.48306308454,WST_ET_45_micro_161109.pdf,6,vector,2026-09-07
Centralloy ET 45 Micro,average,27.8304544840442,32.27925080570396,WST_ET_45_micro_161109.pdf,6,vector,2026-09-07
Centralloy ET 45 Micro,average,27.852803340039934,32.07529885693953,WST_ET_45_micro_161109.pdf,6,vector,2026-09-07
Centralloy ET 45 Micro,average,27.875273571244325,31.87122543652613,WST_ET_45_micro_161109.pdf,6,vector,2026-09-07
Centralloy ET 45 Micro,average,27.89786478806209,31.66704865616613,WST_ET_45_micro_161109.pdf,6,vector,2026-09-07
Centralloy ET 45 Micro,average,27.92057660089794,31.462786538354223,WST_ET_45_micro_161109.pdf,6,vector,2026-09-07
Centralloy ET 45 Micro,average,27.943408620156596,31.258457013779072,WST_ET_45_micro_161109.pdf,6,vector,2026-09-07
Centralloy ET 45 Micro,average,27.96636045624278,31.054077918758523,WST_ET_45_micro_161109.pdf,6,vector,2026-09-07
Centralloy ET 45 Micro,average,27.989431719561193,30.84966699270833,WST_ET_45_micro_161109.pdf,6,vector,2026-09-07
Centralloy ET 45 Micro,average,28.012622020516567,30.645241875645233,WST_ET_45_micro_161109.pdf,6,vector,2026-09-07
Centralloy ET 45 Micro,average,28.03593096951361,30.440820105724605,WST_ET_45_micro_161109.pdf,6,vector,2026-09-07
Centralloy ET 45 Micro,average,28.059358176957044,30.236419116813153,WST_ET_45_micro_161109.pdf,6,vector,2026-09-07
Centralloy ET 45 Micro,average,28.082903253251583,30.032056236097425,WST_ET_45_micro_161109.pdf,6,vector,2026-09-07
Centralloy ET 45 Micro,average,28.106565808801946,29.827748681728032,WST_ET_45_micro_161109.pdf,6,vector,2026-09-07
Centralloy ET 45 Micro,average,28.130345454012843,29.623513560500562,WST_ET_45_micro_161109.pdf,6,vector,2026-09-07
Centralloy ET 45 Micro,average,28.154241799289,29.41936786557302,WST_ET_45_micro_161109.pdf,6,vector,2026-09-07
Centralloy ET 45 Micro,average,28.178254455035127,29.215328474220815,WST_ET_45_micro_161109.pdf,6,vector,2026-09-07
Centralloy ET 45 Micro,average,28.20238303165594,29.011412145629023,WST_ET_45_micro_161109.pdf,6,vector,2026-09-07
Centralloy ET 45 Micro,average,28.22662713955616,28.807635518722762,WST_ET_45_micro_161109.pdf,6,vector,2026-09-07
Centralloy ET 45 Micro,average,28.250986389140504,28.604015110035963,WST_ET_45_micro_161109.pdf,6,vector,2026-09-07
Centralloy ET 45 Micro,average,28.275460390813684,28.40056731161855,WST_ET_45_micro_161109.pdf,6,vector,2026-09-07
Centralloy ET 45 Micro,average,28.30004875498042,28.19730838898274,WST_ET_45_micro_161109.pdf,6,vector,2026-09-07
Centralloy ET 45 Micro,average,28.324751092045425,27.994254479088685,WST_ET_45_micro_161109.pdf,6,vector,2026-09-07
Centralloy ET 45 Micro,average,28.34956701241342,27.791421588369527,WST_ET_45_micro_161109.pdf,6,vector,2026-09-07
Centralloy ET 45 Micro,average,28.37449612648912,27.588825590796397,WST_ET_45_micro_161109.pdf,6,vector,2026-09-07
Centralloy ET 45 Micro,average,28.399538044677243,27.38648222598362,WST_ET_45_micro_161109.pdf,6,vector,2026-09-07
Centralloy ET 45 Micro,average,28.424692377382502,27.184407097334166,WST_ET_45_micro_161109.pdf,6,vector,2026-09-07
Centralloy ET 45 Micro,average,28.449958735009616,26.9826156702258,WST_ET_45_micro_161109.pdf,6,vector,2026-09-07
Centralloy ET 45 Micro,average,28.475336727963306,26.781123270238236,WST_ET_45_micro_161109.pdf,6,vector,2026-09-07
Centralloy ET 45 Micro,average,28.50082596664828,26.579945081420973,WST_ET_45_micro_161109.pdf,6,vector,2026-09-07
Centralloy ET 45 Micro,average,28.52642606146926,26.379096144602915,WST_ET_45_micro_161109.pdf,6,vector,2026-09-07
Centralloy ET 45 Micro,average,28.552136622830957,26.17859135574319,WST_ET_45_micro_161109.pdf,6,vector,2026-09-07
Centralloy ET 45 Micro,average,28.577957261138096,25.978445464323485,WST_ET_45_micro_161109.pdf,6,vector,2026-09-07
Centralloy ET 45 Micro,average,28.60388758679539,25.77867307178243,WST_ET_45_micro_161109.pdf,6,vector,2026-09-07
Centralloy ET 45 Micro,average,28.629927210207555,25.579288629991936,WST_ET_45_micro_161109.pdf,6,vector,2026-09-07
Centralloy ET 45 Micro,average,28.656075741779308,25.380306439775378,WST_ET_45_micro_161109.pdf,6,vector,2026-09-07
Centralloy ET 45 Micro,average,28.682332791915364,25.181740649468306,WST_ET_45_micro_161109.pdf,6,vector,2026-09-07
Centralloy ET 45 Micro,average,28.708697971020445,24.983605253521127,WST_ET_45_micro_161109.pdf,6,vector,2026-09-07
Centralloy ET 45 Micro,average,28.735170889499262,24.785914091144537,WST_ET_45_micro_161109.pdf,6,vector,2026-09-07
Centralloy ET 45 Micro,average,28.76175115775653,24.588680844997203,WST_ET_45_micro_161109.pdf,6,vector,2026-09-07
Centralloy ET 45 Micro,average,28.788438386196976,24.39191903991601,WST_ET_45_micro_161109.pdf,6,vector,2026-09-07
Centralloy ET 45 Micro,average,28.815232185225305,24.195642041689258,WST_ET_45_micro_161109.pdf,6,vector,2026-09-07
Centralloy ET 45 Micro,average,28.84213216524624,23.99986305587182,WST_ET_45_micro_161109.pdf,6,vector,2026-09-07
Centralloy ET 45 Micro,average,28.869137936664497,23.804595126643793,WST_ET_45_micro_161109.pdf,6,vector,2026-09-07
Centralloy ET 45 Micro,average,28.896249109884792,23.609851135711207,WST_ET_45_micro_161109.pdf,6,vector,2026-09-07
Centralloy ET 45 Micro,average,28.923465295311836,23.415643801249796,WST_ET_45_micro_161109.pdf,6,vector,2026-09-07
Centralloy ET 45 Micro,average,28.950786103350357,23.22198567689118,WST_ET_45_micro_161109.pdf,6,vector,2026-09-07
Centralloy ET 45 Micro,average,28.978211144405062,23.028889150752004,WST_ET_45_micro_161109.pdf,6,vector,2026-09-07
Centralloy ET 45 Micro,average,29.005740028880673,22.83636644450535,WST_ET_45_micro_161109.pdf,6,vector,2026-09-07
Centralloy ET 45 Micro,average,29.033372367181908,22.64442961249511,WST_ET_45_micro_161109.pdf,6,vector,2026-09-07
Centralloy ET 45 Micro,average,29.061107769713477,22.45309054089248,WST_ET_45_micro_161109.pdf,6,vector,2026-09-07
Centralloy ET 45 Micro,average,29.0889458468801,22.26236094689509,WST_ET_45_micro_161109.pdf,6,vector,2026-09-07
Centralloy ET 45 Micro,average,29.116886209086495,22.072252377968553,WST_ET_45_micro_161109.pdf,6,vector,2026-09-07
Centralloy ET 45 Micro,average,29.144928466737376,21.882776211129976,WST_ET_45_micro_161109.pdf,6,vector,2026-09-07
Centralloy ET 45 Micro,average,29.173072230237462,21.69394365227396,WST_ET_45_micro_161109.pdf,6,vector,2026-09-07
Centralloy ET 45 Micro,average,29.20131710999147,21.505765735540237,WST_ET_45_micro_161109.pdf,6,vector,2026-09-07
Centralloy ET 45 Micro,average,29.229662716404114,21.318253322723436,WST_ET_45_micro_161109.pdf,6,vector,2026-09-07
Centralloy ET 45 Micro,average,29.258108659880115,21.131417102724587,WST_ET_45_micro_161109.pdf,6,vector,2026-09-07
Centralloy ET 45 Micro,average,29.28665455082418,20.9452675910439,WST_ET_45_micro_161109.pdf,6,vector,2026-09-07
Centralloy ET 45 Micro,average,29.31529999964104,20.75981512931531,WST_ET_45_micro_161109.pdf,6,vector,2026-09-07
Centralloy ET 45 Micro,average,29.3440446167354,20.5750698848819,WST_ET_45_micro_161109.pdf,6,vector,2026-09-07
Centralloy ET 45 Micro,average,29.372888012511982,20.39104185041257,WST_ET_45_micro_161109.pdf,6,vector,2026-09-07
Centralloy ET 45 Micro,average,29.4018297973755,20.2077408435595,WST_ET_45_micro_161109.pdf,6,vector,2026-09-07
Centralloy ET 45 Micro,average,29.430869581730676,20.025176506655963,WST_ET_45_micro_161109.pdf,6,vector,2026-09-07
Centralloy ET 45 Micro,average,29.460006975982214,19.843358306454828,WST_ET_45_micro_161109.pdf,6,vector,2026-09-07
Centralloy ET 45 Micro,average,29.489241590534846,19.662295533907052,WST_ET_45_micro_161109.pdf,6,vector,2026-09-07
Centralloy ET 45 Micro,average,29.51857303579328,19.48199730397995,WST_ET_45_micro_161109.pdf,6,vector,2026-09-07
Centralloy ET 45 Micro,average,29.548000922162235,19.302472555515294,WST_ET_45_micro_161109.pdf,6,vector,2026-09-07
Centralloy ET 45 Micro,average,29.577524860046427,19.12373005112667,WST_ET_45_micro_161109.pdf,6,vector,2026-09-07
Centralloy ET 45 Micro,average,29.60714445985057,18.94577837713586,WST_ET_45_micro_161109.pdf,6,vector,2026-09-07
Centralloy ET 45 Micro,average,29.636859331979387,18.76862594354812,WST_ET_45_micro_161109.pdf,6,vector,2026-09-07
Centralloy ET 45 Micro,average,29.66666908683759,18.59228098406588,WST_ET_45_micro_161109.pdf,6,vector,2026-09-07
Centralloy ET 45 Micro,average,29.696573334829896,18.416751556140674,WST_ET_45_micro_161109.pdf,6,vector,2026-09-07
Centralloy ET 45 Micro,average,29.726571686361023,18.242045541062925,WST_ET_45_micro_161109.pdf,6,vector,2026-09-07
Centralloy ET 45 Micro,average,29.75666375183569,18.06817064408925,WST_ET_45_micro_161109.pdf,6,vector,2026-09-07
Centralloy ET 45 Micro,average,29.786849141658603,17.89513439460705,WST_ET_45_micro_161109.pdf,6,vector,2026-09-07
Centralloy ET 45 Micro,average,29.817127466234492,17.72294414633585,WST_ET_45_micro_161109.pdf,6,vector,2026-09-07
Centralloy ET 45 Micro,average,29.847498335968066,17.55160707756528,WST_ET_45_micro_161109.pdf,6,vector,2026-09-07
Centralloy ET 45 Micro,average,29.877961361264045,17.381130191429154,WST_ET_45_micro_161109.pdf,6,vector,2026-09-07
Centralloy ET 45 Micro,average,29.90851615252714,17.211520316215303,WST_ET_45_micro_161109.pdf,6,vector,2026-09-07
Centralloy ET 45 Micro,average,29.939162320162076,17.04278410571089,WST_ET_45_micro_161109.pdf,6,vector,2026-09-07
Centralloy ET 45 Micro,average,29.969899474573566,16.8749280395827,WST_ET_45_micro_161109.pdf,6,vector,2026-09-07
Centralloy ET 45 Micro,average,30.000727226166322,16.707958423792153,WST_ET_45_micro_161109.pdf,6,vector,2026-09-07
Centralloy ET 45 Micro,average,30.03164518534507,16.541881391044363,WST_ET_45_micro_161109.pdf,6,vector,2026-09-07
Centralloy ET 45 Micro,average,30.062652962514516,16.37670290127125,WST_ET_45_micro_161109.pdf,6,vector,2026-09-07
Centralloy ET 45 Micro,average,30.093750168079385,16.212428742147974,WST_ET_45_micro_161109.pdf,6,vector,2026-09-07
Centralloy ET 45 Micro,average,30.12493641244439,16.04906452964232,WST_ET_45_micro_161109.pdf,6,vector,2026-09-07
Centralloy ET 45 Micro,average,30.15621130601425,15.88661570859672,WST_ET_45_micro_161109.pdf,6,vector,2026-09-07
Centralloy ET 45 Micro,average,30.187574459193677,15.72508755334245,WST_ET_45_micro_161109.pdf,6,vector,2026-09-07
Centralloy ET 45 Micro,average,30.21902548238739,15.56448516834536,WST_ET_45_micro_161109.pdf,6,vector,2026-09-07
Centralloy ET 45 Micro,average,30.25056398600011,15.404813488883091,WST_ET_45_micro_161109.pdf,6,vector,2026-09-07
Centralloy ET 45 Micro,average,30.282189580436548,15.246077281752891,WST_ET_45_micro_161109.pdf,6,vector,2026-09-07
Centralloy ET 45 Micro,average,30.313901876101422,15.088281146009859,WST_ET_45_micro_161109.pdf,6,vector,2026-09-07
Centralloy ET 45 Micro,average,30.340022012709273,14.959380127858259,WST_ET_45_micro_161109.pdf,6,vector,2026-09-07
Centralloy ET 45 Micro,average,30.36605001438927,14.831930149397111,WST_ET_45_micro_161109.pdf,6,vector,2026-09-07
Centralloy ET 45 Micro,average,30.3919861692924,14.705910634977112,WST_ET_45_micro_161109.pdf,6,vector,2026-09-07
Centralloy ET 45 Micro,average,30.41783076556967,14.581301341474878,WST_ET_45_micro_161109.pdf,6,vector,2026-09-07
Centralloy ET 45 Micro,average,30.443584091372063,14.458082352299167,WST_ET_45_micro_161109.pdf,6,vector,2026-09-07
Centralloy ET 45 Micro,average,30.469246434850586,14.336234071516284,WST_ET_45_micro_161109.pdf,6,vector,2026-09-07
Centralloy ET 45 Micro,average,30.494818084156233,14.215737218091803,WST_ET_45_micro_161109.pdf,6,vector,2026-09-07
Centralloy ET 45 Micro,average,30.520299327439997,14.096572820246145,WST_ET_45_micro_161109.pdf,6,vector,2026-09-07
Centralloy ET 45 Micro,average,30.54569045285288,13.97872220992186,WST_ET_45_micro_161109.pdf,6,vector,2026-09-07
Centralloy ET 45 Micro,average,30.57099174854587,13.862167017359882,WST_ET_45_micro_161109.pdf,6,vector,2026-09-07
Centralloy ET 45 Micro,average,30.596203502669972,13.746889165782607,WST_ET_45_micro_161109.pdf,6,vector,2026-09-07
Centralloy ET 45 Micro,average,30.62132600337618,13.632870866181477,WST_ET_45_micro_161109.pdf,6,vector,2026-09-07
Centralloy ET 45 Micro,average,30.646359538815485,13.520094612206764,WST_ET_45_micro_161109.pdf,6,vector,2026-09-07
Centralloy ET 45 Micro,average,30.671304397138897,13.408543175157751,WST_ET_45_micro_161109.pdf,6,vector,2026-09-07
Centralloy ET 45 Micro,average,30.696160866497394,13.298199599070504,WST_ET_45_micro_161109.pdf,6,vector,2026-09-07
Centralloy ET 45 Micro,average,30.720929235041982,13.18904719590194,WST_ET_45_micro_161109.pdf,6,vector,2026-09-07
Centralloy ET 45 Micro,average,30.74560979092366,13.081069540807558,WST_ET_45_micro_161109.pdf,6,vector,2026-09-07
Centralloy ET 45 Micro,average,30.770202822293417,12.974250467511082,WST_ET_45_micro_161109.pdf,6,vector,2026-09-07
Centralloy ET 45 Micro,average,30.79470861730226,12.868574063764282,WST_ET_45_micro_161109.pdf,6,vector,2026-09-07
Centralloy ET 45 Micro,average,30.81912746410117,12.764024666894603,WST_ET_45_micro_161109.pdf,6,vector,2026-09-07
Centralloy ET 45 Micro,average,30.84345965084116,12.660586859439281,WST_ET_45_micro_161109.pdf,6,vector,2026-09-07
Centralloy ET 45 Micro,average,30.867705465673218,12.558245464863669,WST_ET_45_micro_161109.pdf,6,vector,2026-09-07
Centralloy ET 45 Micro,average,30.891865196748338,12.45698554336241,WST_ET_45_micro_161109.pdf,6,vector,2026-09-07
Centralloy ET 45 Micro,average,30.915939132217524,12.356792387741327,WST_ET_45_micro_161109.pdf,6,vector,2026-09-07
Centralloy ET 45 Micro,average,30.93992756023176,12.257651519378754,WST_ET_45_micro_161109.pdf,6,vector,2026-09-07
Centralloy ET 45 Micro,average,30.963830768942053,12.159548684264394,WST_ET_45_micro_161109.pdf,6,vector,2026-09-07
Centralloy ET 45 Micro,average,30.9876490464994,12.062469849114065,WST_ET_45_micro_161109.pdf,6,vector,2026-09-07
Centralloy ET 45 Micro,average,31.01138268105479,11.966401197558913,WST_ET_45_micro_161109.pdf,6,vector,2026-09-07
Centralloy ET 45 Micro,average,31.035031960759227,11.871329126407515,WST_ET_45_micro_161109.pdf,6,vector,2026-09-07
Centralloy ET 45 Micro,average,31.0585971737637,11.77724024197924,WST_ET_45_micro_161109.pdf,6,vector,2026-09-07
Centralloy ET 45 Micro,average,31.08207860821921,11.684121356507541,WST_ET_45_micro_161109.pdf,6,vector,2026-09-07
Centralloy ET 45 Micro,average,31.105476552276752,11.591959484611694,WST_ET_45_micro_161109.pdf,6,vector,2026-09-07
Centralloy ET 45 Micro,average,31.12879129408732,11.500741839835383,WST_ET_45_micro_161109.pdf,6,vector,2026-09-07
Centralloy ET 45 Micro,average,31.152023121801918,11.410455831251234,WST_ET_45_micro_161109.pdf,6,vector,2026-09-07
Centralloy ET 45 Micro,average,31.175172323571537,11.321089060129262,WST_ET_45_micro_161109.pdf,6,vector,2026-09-07
Centralloy ET 45 Micro,average,31.19823918754717,11.232629316668648,WST_ET_45_micro_161109.pdf,6,vector,2026-09-07
Centralloy ET 45 Micro,average,31.221224001879822,11.14506457679094,WST_ET_45_micro_161109.pdf,6,vector,2026-09-07
Centralloy ET 45 Micro,average,31.24412705472048,11.058382998993691,WST_ET_45_micro_161109.pdf,6,vector,2026-09-07
Centralloy ET 45 Micro,average,31.26694863422015,10.972572921263525,WST_ET_45_micro_161109.pdf,6,vector,2026-09-07
Centralloy ET 45 Micro,average,31.289689028529818,10.88762285804678,WST_ET_45_micro_161109.pdf,6,vector,2026-09-07
Centralloy ET 45 Micro,average,31.312348525800488,10.803521497277355,WST_ET_45_micro_161109.pdf,6,vector,2026-09-07
Centralloy ET 45 Micro,average,31.334927414183156,10.720257697459884,WST_ET_45_micro_161109.pdf,6,vector,2026-09-07
Centralloy ET 45 Micro,average,31.35742598182881,10.637820484807566,WST_ET_45_micro_161109.pdf,6,vector,2026-09-07
Centralloy ET 45 Micro,average,31.37984451688846,10.556199050433445,WST_ET_45_micro_161109.pdf,6,vector,2026-09-07
Centralloy ET 45 Micro,average,31.40218330751309,10.475382747593835,WST_ET_45_micro_161109.pdf,6,vector,2026-09-07
Centralloy ET 45 Micro,average,31.424442641853705,10.395361088983204,WST_ET_45_micro_161109.pdf,6,vector,2026-09-07
Centralloy ET 45 Micro,average,31.4466228080613,10.316123744079242,WST_ET_45_micro_161109.pdf,6,vector,2026-09-07
Centralloy ET 45 Micro,average,31.468724094286863,10.237660536536984,WST_ET_45_micro_161109.pdf,6,vector,2026-09-07
Centralloy ET 45 Micro,average,31.4907467886814,10.1599614416315,WST_ET_45_micro_161109.pdf,6,vector,2026-09-07
Centralloy ET 45 Micro,average,31.5126911793959,10.083016583747387,WST_ET_45_micro_161109.pdf,6,vector,2026-09-07
Centralloy ET 45 Micro,average,31.53455755458137,10.006816233915124,WST_ET_45_micro_161109.pdf,6,vector,2026-09-07
Centralloy ET 45 Micro,average,31.556346202388795,9.931350807392318,WST_ET_45_micro_161109.pdf,6,vector,2026-09-07
Centralloy ET 45 Micro,average,31.57805741096918,9.856610861289699,WST_ET_45_micro_161109.pdf,6,vector,2026-09-07
Centralloy ET 45 Micro,average,31.599691468473516,9.782587092240671,WST_ET_45_micro_161109.pdf,6,vector,2026-09-07
Centralloy ET 45 Micro,average,31.621248663052796,9.709270334113494,WST_ET_45_micro_161109.pdf,6,vector,2026-09-07
Centralloy ET 45 Micro,average,31.642729282858024,9.636651555765484,WST_ET_45_micro_161109.pdf,6,vector,2026-09-07
Centralloy ET 45 Micro,average,31.664133616040196,9.564721858838073,WST_ET_45_micro_161109.pdf,6,vector,2026-09-07
Centralloy ET 45 Micro,average,31.685461950750305,9.493472475592242,WST_ET_45_micro_161109.pdf,6,vector,2026-09-07
Centralloy ET 45 Micro,average,31.70671457513935,9.422894766783333,WST_ET_45_micro_161109.pdf,6,vector,2026-09-07
Centralloy ET 45 Micro,average,31.727891777358323,9.352980219574437,WST_ET_45_micro_161109.pdf,6,vector,2026-09-07
Centralloy ET 45 Micro,average,31.74899384555822,9.283720445487814,WST_ET_45_micro_161109.pdf,6,vector,2026-09-07
Centralloy ET 45 Micro,average,31.770021067890045,9.215107178393314,WST_ET_45_micro_161109.pdf,6,vector,2026-09-07
Centralloy ET 45 Micro,average,31.79097373250479,9.147132272533232,WST_ET_45_micro_161109.pdf,6,vector,2026-09-07
Centralloy ET 45 Micro,average,31.81185212755345,9.079787700582878,WST_ET_45_micro_161109.pdf,6,vector,2026-09-07
Centralloy ET 45 Micro,average,31.83265654118702,9.013065551746145,WST_ET_45_micro_161109.pdf,6,vector,2026-09-07
Centralloy ET 45 Micro,average,31.853387261556502,8.946958029885336,WST_ET_45_micro_161109.pdf,6,vector,2026-09-07
Centralloy ET 45 Micro,average,31.87404457681289,8.881457451684664,WST_ET_45_micro_161109.pdf,6,vector,2026-09-07
Centralloy ET 45 Micro,average,31.89462877510718,8.816556244846623,WST_ET_45_micro_161109.pdf,6,vector,2026-09-07
Centralloy ET 45 Micro,average,31.915140144590367,8.752246946320819,WST_ET_45_micro_161109.pdf,6,vector,2026-09-07
Centralloy ET 45 Micro,average,31.935578973413445,8.688522200564357,WST_ET_45_micro_161109.pdf,6,vector,2026-09-07
Centralloy ET 45 Micro,average,31.955945549727417,8.625374757833479,WST_ET_45_micro_161109.pdf,6,vector,2026-09-07
Centralloy ET 45 Micro,average,31.976240161683275,8.562797472505562,WST_ET_45_micro_161109.pdf,6,vector,2026-09-07
Centralloy ET 45 Micro,average,31.996463097432017,8.500783301430872,WST_ET_45_micro_161109.pdf,6,vector,2026-09-07
Centralloy ET 45 Micro,average,32.01661464512464,8.43932530231391,WST_ET_45_micro_161109.pdf,6,vector,2026-09-07
Centralloy ET 45 Micro,average,32.03669509291214,8.378416632123274,WST_ET_45_micro_161109.pdf,6,vector,2026-09-07
Centralloy ET 45 Micro,average,32.056704728945505,8.318050545529767,WST_ET_45_micro_161109.pdf,6,vector,2026-09-07
Centralloy ET 45 Micro,average,32.07664384137575,8.258220393372158,WST_ET_45_micro_161109.pdf,6,vector,2026-09-07
Centralloy ET 45 Micro,average,32.09651271835385,8.198919621149992,WST_ET_45_micro_161109.pdf,6,vector,2026-09-07
Centralloy ET 45 Micro,average,32.11631164803082,8.14014176754297,WST_ET_45_micro_161109.pdf,6,vector,2026-09-07
Centralloy ET 45 Micro,average,32.13604091855765,8.081880462956505,WST_ET_45_micro_161109.pdf,6,vector,2026-09-07
Centralloy ET 45 Micro,average,32.15570081808532,8.024129428092747,WST_ET_45_micro_161109.pdf,6,vector,2026-09-07
Centralloy ET 45 Micro,average,32.175291634764854,7.966882472546689,WST_ET_45_micro_161109.pdf,6,vector,2026-09-07
Centralloy ET 45 Micro,average,32.194813656747236,7.910133493426888,WST_ET_45_micro_161109.pdf,6,vector,2026-09-07
Centralloy ET 45 Micro,average,32.214267172183455,7.853876474000316,WST_ET_45_micro_161109.pdf,6,vector,2026-09-07
Centralloy ET 45 Micro,average,32.233652469224516,7.798105482360854,WST_ET_45_micro_161109.pdf,6,vector,2026-09-07
Centralloy ET 45 Micro,average,32.252969836021414,7.742814670121054,WST_ET_45_micro_161109.pdf,6,vector,2026-09-07
Centralloy ET 45 Micro,average,32.27221956072514,7.687998271126559,WST_ET_45_micro_161109.pdf,6,vector,2026-09-07
Centralloy ET 45 Micro,average,32.2914019314867,7.633650600192994,WST_ET_45_micro_161109.pdf,6,vector,2026-09-07
Centralloy ET 45 Micro,average,32.31051723645709,7.579766051864668,WST_ET_45_micro_161109.pdf,6,vector,2026-09-07
Centralloy ET 45 Micro,average,32.32956576378729,7.526339099194759,WST_ET_45_micro_161109.pdf,6,vector,2026-09-07
Centralloy ET 45 Micro,average,32.348547801628314,7.473364292546749,WST_ET_45_micro_161109.pdf,6,vector,2026-09-07
Centralloy ET 45 Micro,average,32.367463638131156,7.420836258416365,WST_ET_45_micro_161109.pdf,6,vector,2026-09-07
Centralloy ET 45 Micro,average,32.386313561446805,7.368749698273866,WST_ET_45_micro_161109.pdf,6,vector,2026-09-07
Centralloy ET 45 Micro,average,32.40509785972626,7.317099387426275,WST_ET_45_micro_161109.pdf,6,vector,2026-09-07
Centralloy ET 45 Micro,average,32.423816821120525,7.265880173899179,WST_ET_45_micro_161109.pdf,6,vector,2026-09-07
Centralloy ET 45 Micro,average,32.44247073378058,7.215086977337642,WST_ET_45_micro_161109.pdf,6,vector,2026-09-07
Centralloy ET 45 Micro,average,32.46105988585744,7.164714787925897,WST_ET_45_micro_161109.pdf,6,vector,2026-09-07
Centralloy ET 45 Micro,average,32.479584565502094,7.114758665325641,WST_ET_45_micro_161109.pdf,6,vector,2026-09-07
Centralloy ET 45 Micro,average,32.498045060865536,7.065213737632238,WST_ET_45_micro_161109.pdf,6,vector,2026-09-07
Centralloy ET 45 Micro,average,32.51644166009876,7.0160752003488485,WST_ET_45_micro_161109.pdf,6,vector,2026-09-07
Centralloy ET 45 Micro,average,32.53477465135276,6.967338315377955,WST_ET_45_micro_161109.pdf,6,vector,2026-09-07
Centralloy ET 45 Micro,average,32.55304432277855,6.9189984100299755,WST_ET_45_micro_161109.pdf,6,vector,2026-09-07
Centralloy ET 45 Micro,average,32.5712509625271,6.871050876048698,WST_ET_45_micro_161109.pdf,6,vector,2026-09-07
Centralloy ET 45 Micro,average,32.589394858749436,6.82349116865314,WST_ET_45_micro_161109.pdf,6,vector,2026-09-07
Centralloy ET 45 Micro,average,32.607476299596534,6.776314805595664,WST_ET_45_micro_161109.pdf,6,vector,2026-09-07
Centralloy ET 45 Micro,average,32.625495573219396,6.729517366235913,WST_ET_45_micro_161109.pdf,6,vector,2026-09-07
Centralloy ET 45 Micro,average,32.643452967769015,6.68309449063031,WST_ET_45_micro_161109.pdf,6,vector,2026-09-07
Centralloy ET 45 Micro,average,32.66134877139639,6.63704187863689,WST_ET_45_micro_161109.pdf,6,vector,2026-09-07
Centralloy ET 45 Micro,average,32.67918327225253,6.591355289035085,WST_ET_45_micro_161109.pdf,6,vector,2026-09-07
Centralloy ET 45 Micro,average,32.696956758488405,6.5460305386602595,WST_ET_45_micro_161109.pdf,6,vector,2026-09-07
Centralloy ET 45 Micro,average,32.71466951825503,6.501063501552756,WST_ET_45_micro_161109.pdf,6,vector,2026-09-07
Centralloy ET 45 Micro,average,32.732321839703395,6.456450108120975,WST_ET_45_micro_161109.pdf,6,vector,2026-09-07
Centralloy ET 45 Micro,average,32.749914010984504,6.412186344318563,WST_ET_45_micro_161109.pdf,6,vector,2026-09-07
Centralloy ET 45 Micro,average,32.76744632024935,6.368268250835096,WST_ET_45_micro_161109.pdf,6,vector,2026-09-07
Centralloy ET 45 Micro,average,32.78491905564891,6.324691922300344,WST_ET_45_micro_161109.pdf,6,vector,2026-09-07
Centralloy ET 45 Micro,average,32.80233250533421,6.281453506501549,WST_ET_45_micro_161109.pdf,6,vector,2026-09-07
Centralloy ET 45 Micro,average,32.81968695745624,6.2385492036137515,WST_ET_45_micro_161109.pdf,6,vector,2026-09-07
Centralloy ET 45 Micro,average,32.83698270016598,6.195975265442744,WST_ET_45_micro_161109.pdf,6,vector,2026-09-07
Centralloy ET 45 Micro,average,32.854220021614445,6.153727994680459,WST_ET_45_micro_161109.pdf,6,vector,2026-09-07
Centralloy ET 45 Micro,average,32.871399209952614,6.111803744172653,WST_ET_45_micro_161109.pdf,6,vector,2026-09-07
Centralloy ET 45 Micro,average,32.888520553331496,6.070198916198583,WST_ET_45_micro_161109.pdf,6,vector,2026-09-07
Centralloy ET 45 Micro,average,32.905584339902084,6.028909961762378,WST_ET_45_micro_161109.pdf,6,vector,2026-09-07
Centralloy ET 45 Micro,average,32.92259085781537,5.987933379896122,WST_ET_45_micro_161109.pdf,6,vector,2026-09-07
Centralloy ET 45 Micro,average,32.93954039522236,5.947265716974157,WST_ET_45_micro_161109.pdf,6,vector,2026-09-07
Centralloy ET 45 Micro,average,32.956433240274045,5.906903566038663,WST_ET_45_micro_161109.pdf,6,vector,2026-09-07
Centralloy ET 45 Micro,average,32.973269681121415,5.866843566136055,WST_ET_45_micro_161109.pdf,6,vector,2026-09-07
Centralloy ET 45 Micro,average,32.99005000591548,5.827082401664269,WST_ET_45_micro_161109.pdf,6,vector,2026-09-07
Centralloy ET 45 Micro,average,33.00677450280722,5.787616801730485,WST_ET_45_micro_161109.pdf,6,vector,2026-09-07
Centralloy ET 45 Micro,average,33.02344345994765,5.748443539519276,WST_ET_45_micro_161109.pdf,6,vector,2026-09-07
Centralloy ET 45 Micro,average,33.04005716548775,5.709559431670911,WST_ET_45_micro_161109.pdf,6,vector,2026-09-07
Centralloy ET 45 Micro,average,33.056615907578525,5.67096133766963,WST_ET_45_micro_161109.pdf,6,vector,2026-09-07
Centralloy ET 45 Micro,average,33.07311997437097,5.632646159241785,WST_ET_45_micro_161109.pdf,6,vector,2026-09-07
Centralloy ET 45 Micro,average,33.08956965401608,5.594610839763543,WST_ET_45_micro_161109.pdf,6,vector,2026-09-07
Centralloy ET 45 Micro,average,33.10596523466485,5.556852363678068,WST_ET_45_micro_161109.pdf,6,vector,2026-09-07
Centralloy ET 45 Micro,average,33.12230700446828,5.519367755922051,WST_ET_45_micro_161109.pdf,6,vector,2026-09-07
Centralloy ET 45 Micro,average,33.13859525157737,5.48215408136123,WST_ET_45_micro_161109.pdf,6,vector,2026-09-07
Centralloy ET 45 Micro,average,33.1548302641431,5.4452084442349955,WST_ET_45_micro_161109.pdf,6,vector,2026-09-07
Centralloy ET 45 Micro,average,33.171012330316486,5.408527987609711,WST_ET_45_micro_161109.pdf,6,vector,2026-09-07
Centralloy ET 45 Micro,average,33.18714173824851,5.372109892840676,WST_ET_45_micro_161109.pdf,6,vector,2026-09-07
Centralloy ET 45 Micro,average,33.20321877609018,5.335951379042587,WST_ET_45_micro_161109.pdf,6,vector,2026-09-07
Centralloy ET 45 Micro,average,33.21924373199249,5.30004970256834,WST_ET_45_micro_161109.pdf,6,vector,2026-09-07
Centralloy ET 45 Micro,average,33.23521689410643,5.264402156495953,WST_ET_45_micro_161109.pdf,6,vector,2026-09-07
Centralloy ET 45 Micro,average,33.25113855058299,5.229006070123563,WST_ET_45_micro_161109.pdf,6,vector,2026-09-07
Centralloy ET 45 Micro,average,33.26700898957319,5.193858808472316,WST_ET_45_micro_161109.pdf,6,vector,2026-09-07
Centralloy ET 45 Micro,average,33.282828499228,5.158957771796966,WST_ET_45_micro_161109.pdf,6,vector,2026-09-07
Centralloy ET 45 Micro,average,33.29859736769844,5.124300395104097,WST_ET_45_micro_161109.pdf,6,vector,2026-09-07
Centralloy ET 45 Micro,average,33.314315883135485,5.089884147677825,WST_ET_45_micro_161109.pdf,6,vector,2026-09-07
Centralloy ET 45 Micro,average,33.32998433369015,5.055706532612827,WST_ET_45_micro_161109.pdf,6,vector,2026-09-07
Centralloy ET 45 Micro,average,33.34560300751342,5.021765086354571,WST_ET_45_micro_161109.pdf,6,vector,2026-09-07
Centralloy ET 45 Micro,average,33.361172192756285,4.988057378246619,WST_ET_45_micro_161109.pdf,6,vector,2026-09-07
Centralloy ET 45 Micro,average,33.37669217756976,4.954581010084909,WST_ET_45_micro_161109.pdf,6,vector,2026-09-07
Centralloy ET 45 Micro,average,33.39216325010483,4.921333615678825,WST_ET_45_micro_161109.pdf,6,vector,2026-09-07
Centralloy ET 45 Micro,average,33.40758569851249,4.888312860418985,WST_ET_45_micro_161109.pdf,6,vector,2026-09-07
Centralloy ET 45 Micro,average,33.422959810943745,4.855516440851628,WST_ET_45_micro_161109.pdf,6,vector,2026-09-07
Centralloy ET 45 Micro,average,33.43828587554958,4.82294208425946,WST_ET_45_micro_161109.pdf,6,vector,2026-09-07
Centralloy ET 45 Micro,average,33.453564180481,4.790587548248851,WST_ET_45_micro_161109.pdf,6,vector,2026-09-07
Centralloy ET 45 Micro,average,33.468795013889,4.758450620343246,WST_ET_45_micro_161109.pdf,6,vector,2026-09-07
Centralloy ET 45 Micro,average,33.483978663924574,4.726529117582773,WST_ET_45_micro_161109.pdf,6,vector,2026-09-07
Centralloy ET 45 Micro,average,33.49911541873872,4.6948208861297935,WST_ET_45_micro_161109.pdf,6,vector,2026-09-07
Centralloy ET 45 Micro,average,33.51420556648243,4.663323800880422,WST_ET_45_micro_161109.pdf,6,vector,2026-09-07
Centralloy ET 45 Micro,average,33.52924939530671,4.632035765081823,WST_ET_45_micro_161109.pdf,6,vector,2026-09-07
Centralloy ET 45 Micro,average,33.544247193362544,4.600954709955225,WST_ET_45_micro_161109.pdf,6,vector,2026-09-07
Centralloy ET 45 Micro,average,33.55919924880094,4.570078594324548,WST_ET_45_micro_161109.pdf,6,vector,2026-09-07
Centralloy ET 45 Micro,average,33.57410584977289,4.539405404250505,WST_ET_45_micro_161109.pdf,6,vector,2026-09-07
Centralloy ET 45 Micro,average,33.58896728442939,4.508933152670152,WST_ET_45_micro_161109.pdf,6,vector,2026-09-07
Centralloy ET 45 Micro,average,33.60378384092143,4.478659879041715,WST_ET_45_micro_161109.pdf,6,vector,2026-09-07
Centralloy ET 45 Micro,average,33.618555807400014,4.448583648994663,WST_ET_45_micro_161109.pdf,6,vector,2026-09-07
Centralloy ET 45 Micro,average,33.63328347201614,4.418702553984874,WST_ET_45_micro_161109.pdf,6,vector,2026-09-07
Centralloy ET 45 Micro,average,33.6479671229208,4.389014710954867,WST_ET_45_micro_161109.pdf,6,vector,2026-09-07
Centralloy ET 45 Micro,average,33.66260704826499,4.359518261998972,WST_ET_45_micro_161109.pdf,6,vector,2026-09-07
Centralloy ET 45 Micro,average,33.677203536199706,4.330211374033356,WST_ET_45_micro_161109.pdf,6,vector,2026-09-07
Centralloy ET 45 Micro,average,33.69175687487595,4.301092238470803,WST_ET_45_micro_161109.pdf,6,vector,2026-09-07
Centralloy ET 45 Micro,average,33.70626735244471,4.272159070900231,WST_ET_45_micro_161109.pdf,6,vector,2026-09-07
Centralloy ET 45 Micro,average,33.72073525705699,4.243410110770753,WST_ET_45_micro_161109.pdf,6,vector,2026-09-07
Centralloy ET 45 Micro,average,33.73516087686378,4.21484362108034,WST_ET_45_micro_161109.pdf,6,vector,2026-09-07
Centralloy ET 45 Micro,average,33.749544500016086,4.186457888068839,WST_ET_45_micro_161109.pdf,6,vector,2026-09-07
Centralloy ET 45 Micro,average,33.763886414664896,4.1582512209154405,WST_ET_45_micro_161109.pdf,6,vector,2026-09-07
Centralloy ET 45 Micro,average,33.7781869089612,4.130221951440388,WST_ET_45_micro_161109.pdf,6,vector,2026-09-07
Centralloy ET 45 Micro,average,33.792446271056015,4.102368433810932,WST_ET_45_micro_161109.pdf,6,vector,2026-09-07
Centralloy ET 45 Micro,average,33.806664789100324,4.074689044251382,WST_ET_45_micro_161109.pdf,6,vector,2026-09-07
Centralloy ET 45 Micro,average,33.82084275124512,4.0471821807572805,WST_ET_45_micro_161109.pdf,6,vector,2026-09-07
Centralloy ET 45 Micro,average,33.8349804456414,4.019846262813544,WST_ET_45_micro_161109.pdf,6,vector,2026-09-07
Centralloy ET 45 Micro,average,33.84907816044017,3.992679731116518,WST_ET_45_micro_161109.pdf,6,vector,2026-09-07
Centralloy ET 45 Micro,average,33.86313618379242,3.96568104729995,WST_ET_45_micro_161109.pdf,6,vector,2026-09-07
Centralloy ET 45 Micro,average,33.877154803849145,3.9388486936646587,WST_ET_45_micro_161109.pdf,6,vector,2026-09-07
Centralloy ET 45 Micro,average,33.891134308761345,3.9121811729120153,WST_ET_45_micro_161109.pdf,6,vector,2026-09-07
Centralloy ET 45 Micro,average,33.90507498668001,3.885677007881029,WST_ET_45_micro_161109.pdf,6,vector,2026-09-07
Centralloy ET 45 Micro,average,33.91897712575615,3.8593347412890675,WST_ET_45_micro_161109.pdf,6,vector,2026-09-07
Centralloy ET 45 Micro,average,33.93284101414075,3.833152935476055,WST_ET_45_micro_161109.pdf,6,vector,2026-09-07
Centralloy ET 45 Micro,average,33.94666693998481,3.807130172152211,WST_ET_45_micro_161109.pdf,6,vector,2026-09-07
Centralloy ET 45 Micro,average,33.960455191439316,3.7812650521491307,WST_ET_45_micro_161109.pdf,6,vector,2026-09-07
Centralloy ET 45 Micro,average,33.974206056655284,3.7555561951742624,WST_ET_45_micro_161109.pdf,6,vector,2026-09-07
Centralloy ET 45 Micro,average,33.98791982378369,3.7300022395686523,WST_ET_45_micro_161109.pdf,6,vector,2026-09-07
Centralloy ET 45 Micro,average,34.00159678097555,3.7046018420679245,WST_ET_45_micro_161109.pdf,6,vector,2026-09-07
Centralloy ET 45 Micro,average,34.01523721638185,3.679353677566462,WST_ET_45_micro_161109.pdf,6,vector,2026-09-07
Centralloy ET 45 Micro,average,34.028841418153576,3.654256438884686,WST_ET_45_micro_161109.pdf,6,vector,2026-09-07
Centralloy ET 45 Micro,average,34.04240967444174,3.62930883653939,WST_ET_45_micro_161109.pdf,6,vector,2026-09-07
Centralloy ET 45 Micro,average,34.05594227339734,3.604509598517152,WST_ET_45_micro_161109.pdf,6,vector,2026-09-07
Centralloy ET 45 Micro,average,34.06943950317137,3.5798574700506083,WST_ET_45_micro_161109.pdf,6,vector,2026-09-07
Centralloy ET 45 Micro,average,34.08290165191481,3.5553512133977527,WST_ET_45_micro_161109.pdf,6,vector,2026-09-07
Centralloy ET 45 Micro,average,34.09632900777868,3.530989607623994,WST_ET_45_micro_161109.pdf,6,vector,2026-09-07
Centralloy ET 45 Micro,average,34.10972185891396,3.506771448387092,WST_ET_45_micro_161109.pdf,6,vector,2026-09-07
Centralloy ET 45 Micro,average,34.12308049347165,3.4826955477248185,WST_ET_45_micro_161109.pdf,6,vector,2026-09-07
Centralloy ET 45 Micro,average,34.13640519960275,3.4587607338453665,WST_ET_45_micro_161109.pdf,6,vector,2026-09-07
Centralloy ET 45 Micro,average,34.14969626545825,3.4349658509203747,WST_ET_45_micro_161109.pdf,6,vector,2026-09-07
Centralloy ET 45 Micro,average,34.162953979189155,3.4113097588806127,WST_ET_45_micro_161109.pdf,6,vector,2026-09-07
Centralloy ET 45 Micro,average,34.17617862894646,3.387791333214272,WST_ET_45_micro_161109.pdf,6,vector,2026-09-07
Centralloy ET 45 Micro,average,34.189370502881154,3.3644094647676783,WST_ET_45_micro_161109.pdf,6,vector,2026-09-07
Centralloy ET 45 Micro,average,34.20252988914424,3.3411630595486246,WST_ET_45_micro_161109.pdf,6,vector,2026-09-07
Centralloy ET 45 Micro,average,34.21565707588671,3.3180510385320465,WST_ET_45_micro_161109.pdf,6,vector,2026-09-07
Centralloy ET 45 Micro,average,34.228752351259566,3.2950723374681665,WST_ET_45_micro_161109.pdf,6,vector,2026-09-07
Centralloy ET 45 Micro,average,34.2418160034138,3.272225906692949,WST_ET_45_micro_161109.pdf,6,vector,2026-09-07
Centralloy ET 45 Micro,average,34.25484832050041,3.249510710940925,WST_ET_45_micro_161109.pdf,6,vector,2026-09-07
Centralloy ET 45 Micro,average,34.26784959067039,3.2269257291602496,WST_ET_45_micro_161109.pdf,6,vector,2026-09-07
Centralloy ET 45 Micro,average,34.280820102074735,3.204469954330053,WST_ET_45_micro_161109.pdf,6,vector,2026-09-07
Centralloy ET 45 Micro,average,34.29376014286445,3.1821423932799355,WST_ET_45_micro_161109.pdf,6,vector,2026-09-07
Centralloy ET 45 Micro,average,34.306670001190525,3.159942066511687,WST_ET_45_micro_161109.pdf,6,vector,2026-09-07
Centralloy ET 45 Micro,average,34.319549965203954,3.137868008023092,WST_ET_45_micro_161109.pdf,6,vector,2026-09-07
Centralloy ET 45 Micro,average,34.33240032305574,3.115919265133867,WST_ET_45_micro_161109.pdf,6,vector,2026-09-07
Centralloy ET 45 Micro,average,34.34522136289687,3.094094898313609,WST_ET_45_micro_161109.pdf,6,vector,2026-09-07
Centralloy ET 45 Micro,average,34.358013372878354,3.072393981011801,WST_ET_45_micro_161109.pdf,6,vector,2026-09-07
Centralloy ET 45 Micro,average,34.37077664115118,3.05081559948981,WST_ET_45_micro_161109.pdf,6,vector,2026-09-07
Centralloy ET 45 Micro,average,34.38351145586634,3.0293588526548003,WST_ET_45_micro_161109.pdf,6,vector,2026-09-07
Centralloy ET 45 Micro,average,34.39621810517484,3.0080228518956176,WST_ET_45_micro_161109.pdf,6,vector,2026-09-07
Centralloy ET 45 Micro,average,34.40889687722767,2.986806720920528,WST_ET_45_micro_161109.pdf,6,vector,2026-09-07
Centralloy ET 45 Micro,average,34.42154806017582,2.9657095955968327,WST_ET_45_micro_161109.pdf,6,vector,2026-09-07
Centralloy ET 45 Micro,average,34.43417194217031,2.944730623792294,WST_ET_45_micro_161109.pdf,6,vector,2026-09-07
Centralloy ET 45 Micro,average,34.44676881136211,2.923868965218374,WST_ET_45_micro_161109.pdf,6,vector,2026-09-07
Centralloy ET 45 Micro,average,34.45933895590223,2.9031237912752466,WST_ET_45_micro_161109.pdf,6,vector,2026-09-07
Centralloy ET 45 Micro,average,34.47188266394167,2.8824942848985007,WST_ET_45_micro_161109.pdf,6,vector,2026-09-07
Centralloy ET 45 Micro,average,34.48440022363141,2.8619796404076068,WST_ET_45_micro_161109.pdf,6,vector,2026-09-07
Centralloy ET 45 Micro,average,34.49689192312246,2.841579063356043,WST_ET_45_micro_161109.pdf,6,vector,2026-09-07
Centralloy ET 45 Micro,average,34.509358050565815,2.8212917703830556,WST_ET_45_micro_161109.pdf,6,vector,2026-09-07
Centralloy ET 45 Micro,average,34.521798894112464,2.8011169890670704,WST_ET_45_micro_161109.pdf,6,vector,2026-09-07
Centralloy ET 45 Micro,average,34.534214741913416,2.7810539577806965,WST_ET_45_micro_161109.pdf,6,vector,2026-09-07
Centralloy ET 45 Micro,average,34.54660588211966,2.761101925547287,WST_ET_45_micro_161109.pdf,6,vector,2026-09-07
Centralloy ET 45 Micro,average,34.558972602882186,2.7412601518990676,WST_ET_45_micro_161109.pdf,6,vector,2026-09-07
Centralloy ET 45 Micro,average,34.571315192352,2.7215279067367746,WST_ET_45_micro_161109.pdf,6,vector,2026-09-07
Centralloy ET 45 Micro,average,34.583633938680094,2.7019044701907964,WST_ET_45_micro_161109.pdf,6,vector,2026-09-07
Centralloy ET 45 Micro,minimum,26.071527361625606,45.06207192831107,WST_ET_45_micro_161109.pdf,6,vector,2026-09-07
Centralloy ET 45 Micro,minimum,26.091609329262432,44.82642079540804,WST_ET_45_micro_161109.pdf,6,vector,2026-09-07
Centralloy ET 45 Micro,minimum,26.111659671326265,44.59212004324586,WST_ET_45_micro_161109.pdf,6,vector,2026-09-07
Centralloy ET 45 Micro,minimum,26.131678618261084,44.35915852054362,WST_ET_45_micro_161109.pdf,6,vector,2026-09-07
Centralloy ET 45 Micro,minimum,26.151666400510862,44.12752518964738,WST_ET_45_micro_161109.pdf,6,vector,2026-09-07
Centralloy ET 45 Micro,minimum,26.17162324851958,43.89720912531005,WST_ET_45_micro_161109.pdf,6,vector,2026-09-07
Centralloy ET 45 Micro,minimum,26.191549392731215,43.66819951348676,WST_ET_45_micro_161109.pdf,6,vector,2026-09-07
Centralloy ET 45 Micro,minimum,26.21144506358975,43.44048565014434,WST_ET_45_micro_161109.pdf,6,vector,2026-09-07
Centralloy ET 45 Micro,minimum,26.231310491539155,43.21405694008544,WST_ET_45_micro_161109.pdf,6,vector,2026-09-07
Centralloy ET 45 Micro,minimum,26.25114590702341,42.98890289578724,WST_ET_45_micro_161109.pdf,6,vector,2026-09-07
Centralloy ET 45 Micro,minimum,26.270951540486486,42.76501313625313,WST_ET_45_micro_161109.pdf,6,vector,2026-09-07
Centralloy ET 45 Micro,minimum,26.290727622372376,42.54237738587971,WST_ET_45_micro_161109.pdf,6,vector,2026-09-07
Centralloy ET 45 Micro,minimum,26.31047438312505,42.32098547333628,WST_ET_45_micro_161109.pdf,6,vector,2026-09-07
Centralloy ET 45 Micro,minimum,26.330192053188483,42.100827330458216,WST_ET_45_micro_161109.pdf,6,vector,2026-09-07
Centralloy ET 45 Micro,minimum,26.34988086300666,41.881892991153755,WST_ET_45_micro_161109.pdf,6,vector,2026-09-07
Centralloy ET 45 Micro,minimum,26.369541043023542,41.66417259032366,WST_ET_45_micro_161109.pdf,6,vector,2026-09-07
Centralloy ET 45 Micro,minimum,26.389172823683126,41.44765636279401,WST_ET_45_micro_161109.pdf,6,vector,2026-09-07
Centralloy ET 45 Micro,minimum,26.408776435429385,41.23233464226168,WST_ET_45_micro_161109.pdf,6,vector,2026-09-07
Centralloy ET 45 Micro,minimum,26.428352108706285,41.018197860252116,WST_ET_45_micro_161109.pdf,6,vector,2026-09-07
Centralloy ET 45 Micro,minimum,26.447900073957822,40.80523654509014,WST_ET_45_micro_161109.pdf,6,vector,2026-09-07
Centralloy ET 45 Micro,minimum,26.467420561627957,40.59344132088233,WST_ET_45_micro_161109.pdf,6,vector,2026-09-07
Centralloy ET 45 Micro,minimum,26.486913802160675,40.38280290651203,WST_ET_45_micro_161109.pdf,6,vector,2026-09-07
Centralloy ET 45 Micro,minimum,26.50638002599996,40.17331211464582,WST_ET_45_micro_161109.pdf,6,vector,2026-09-07
Centralloy ET 45 Micro,minimum,26.52581946358978,39.96495985075193,WST_ET_45_micro_161109.pdf,6,vector,2026-09-07
Centralloy ET 45 Micro,minimum,26.545232345374117,39.7577371121306,WST_ET_45_micro_161109.pdf,6,vector,2026-09-07
Centralloy ET 45 Micro,minimum,26.56461890179694,39.55163498695497,WST_ET_45_micro_161109.pdf,6,vector,2026-09-07
Centralloy ET 45 Micro,minimum,26.58397936330224,39.34664465332427,WST_ET_45_micro_161109.pdf,6,vector,2026-09-07
Centralloy ET 45 Micro,minimum,26.603313960333995,39.14275737832757,WST_ET_45_micro_161109.pdf,6,vector,2026-09-07
Centralloy ET 45 Micro,minimum,26.622622923336166,38.93996451711831,WST_ET_45_micro_161109.pdf,6,vector,2026-09-07
Centralloy ET 45 Micro,minimum,26.64190648275275,38.738257512000615,WST_ET_45_micro_161109.pdf,6,vector,2026-09-07
Centralloy ET 45 Micro,minimum,26.661164869027708,38.53762789152472,WST_ET_45_micro_161109.pdf,6,vector,2026-09-07
Centralloy ET 45 Micro,minimum,26.680398312605032,38.33806726959488,WST_ET_45_micro_161109.pdf,6,vector,2026-09-07
Centralloy ET 45 Micro,minimum,26.69960704392869,38.13956734458581,WST_ET_45_micro_161109.pdf,6,vector,2026-09-07
Centralloy ET 45 Micro,minimum,26.718791293442663,37.942119898470764,WST_ET_45_micro_161109.pdf,6,vector,2026-09-07
Centralloy ET 45 Micro,minimum,26.73795129159093,37.74571679595895,WST_ET_45_micro_161109.pdf,6,vector,2026-09-07
Centralloy ET 45 Micro,minimum,26.75708726881747,37.55034998364311,WST_ET_45_micro_161109.pdf,6,vector,2026-09-07
Centralloy ET 45 Micro,minimum,26.776199455566253,37.35601148915739,WST_ET_45_micro_161109.pdf,6,vector,2026-09-07
Centralloy ET 45 Micro,minimum,26.795288082281267,37.16269342034407,WST_ET_45_micro_161109.pdf,6,vector,2026-09-07
Centralloy ET 45 Micro,minimum,26.814353379406484,36.970387964430685,WST_ET_45_micro_161109.pdf,6,vector,2026-09-07
Centralloy ET 45 Micro,minimum,26.83339557738588,36.779087387216315,WST_ET_45_micro_161109.pdf,6,vector,2026-09-07
Centralloy ET 45 Micro,minimum,26.852414906663437,36.58878403226684,WST_ET_45_micro_161109.pdf,6,vector,2026-09-07
Centralloy ET 45 Micro,minimum,26.871411597683128,36.399470320120145,WST_ET_45_micro_161109.pdf,6,vector,2026-09-07
Centralloy ET 45 Micro,minimum,26.890385880888935,36.211138747499774,WST_ET_45_micro_161109.pdf,6,vector,2026-09-07
Centralloy ET 45 Micro,minimum,26.909337986724836,36.02378188653772,WST_ET_45_micro_161109.pdf,6,vector,2026-09-07
Centralloy ET 45 Micro,minimum,26.928268145634807,35.837392384006336,WST_ET_45_micro_161109.pdf,6,vector,2026-09-07
Centralloy ET 45 Micro,minimum,26.94717658806282,35.65196296055852,WST_ET_45_micro_161109.pdf,6,vector,2026-09-07
Centralloy ET 45 Micro,minimum,26.96606354445286,35.467486409976914,WST_ET_45_micro_161109.pdf,6,vector,2026-09-07
Centralloy ET 45 Micro,minimum,26.98492924524891,35.28395559843127,WST_ET_45_micro_161109.pdf,6,vector,2026-09-07
Centralloy ET 45 Micro,minimum,27.00377392089493,35.10136346374441,WST_ET_45_micro_161109.pdf,6,vector,2026-09-07
Centralloy ET 45 Micro,minimum,27.02259780183492,34.919703014666396,WST_ET_45_micro_161109.pdf,6,vector,2026-09-07
Centralloy ET 45 Micro,minimum,27.041401118512837,34.738967330156726,WST_ET_45_micro_161109.pdf,6,vector,2026-09-07
Centralloy ET 45 Micro,minimum,27.06018410137267,34.55914955867494,WST_ET_45_micro_161109.pdf,6,vector,2026-09-07
Centralloy ET 45 Micro,minimum,27.078946980858394,34.38024291747865,WST_ET_45_micro_161109.pdf,6,vector,2026-09-07
Centralloy ET 45 Micro,minimum,27.097689987413986,34.20224069192976,WST_ET_45_micro_161109.pdf,6,vector,2026-09-07
Centralloy ET 45 Micro,minimum,27.11641335148343,34.025136234808485,WST_ET_45_micro_161109.pdf,6,vector,2026-09-07
Centralloy ET 45 Micro,minimum,27.13511730351069,33.848922965634635,WST_ET_45_micro_161109.pdf,6,vector,2026-09-07
Centralloy ET 45 Micro,minimum,27.153802073939758,33.673594369996785,WST_ET_45_micro_161109.pdf,6,vector,2026-09-07
Centralloy ET 45 Micro,minimum,27.17246789321461,33.49914399888878,WST_ET_45_micro_161109.pdf,6,vector,2026-09-07
Centralloy ET 45 Micro,minimum,27.19111499177921,33.32556546805317,WST_ET_45_micro_161109.pdf,6,vector,2026-09-07
Centralloy ET 45 Micro,minimum,27.20974360007755,33.15285245733262,WST_ET_45_micro_161109.pdf,6,vector,2026-09-07
Centralloy ET 45 Micro,minimum,27.2283539485536,32.9809987100279,WST_ET_45_micro_161109.pdf,6,vector,2026-09-07
Centralloy ET 45 Micro,minimum,27.246946267651342,32.809998032263,WST_ET_45_micro_161109.pdf,6,vector,2026-09-07
Centralloy ET 45 Micro,minimum,27.265520787814754,32.63984429235744,WST_ET_45_micro_161109.pdf,6,vector,2026-09-07
Centralloy ET 45 Micro,minimum,27.284077739487813,32.47053142020503,WST_ET_45_micro_161109.pdf,6,vector,2026-09-07
Centralloy ET 45 Micro,minimum,27.3026173531145,32.3020534066599,WST_ET_45_micro_161109.pdf,6,vector,2026-09-07
Centralloy ET 45 Micro,minimum,27.32113985913878,32.13440430292847,WST_ET_45_micro_161109.pdf,6,vector,2026-09-07
Centralloy ET 45 Micro,minimum,27.33964548800464,31.96757821996921,WST_ET_45_micro_161109.pdf,6,vector,2026-09-07
Centralloy ET 45 Micro,minimum,27.358134470156056,31.801569327897344,WST_ET_45_micro_161109.pdf,6,vector,2026-09-07
Centralloy ET 45 Micro,minimum,27.376607036037015,31.63637185539732,WST_ET_45_micro_161109.pdf,6,vector,2026-09-07
Centralloy ET 45 Micro,minimum,27.39506341609148,31.471980089140935,WST_ET_45_micro_161109.pdf,6,vector,2026-09-07
Centralloy ET 45 Micro,minimum,27.413503840763433,31.308388373211525,WST_ET_45_micro_161109.pdf,6,vector,2026-09-07
Centralloy ET 45 Micro,minimum,27.431928540496852,31.14559110853527,WST_ET_45_micro_161109.pdf,6,vector,2026-09-07
Centralloy ET 45 Micro,minimum,27.45033774573572,30.983582752317425,WST_ET_45_micro_161109.pdf,6,vector,2026-09-07
Centralloy ET 45 Micro,minimum,27.468731686924016,30.822357817485173,WST_ET_45_micro_161109.pdf,6,vector,2026-09-07
Centralloy ET 45 Micro,minimum,27.487110594505708,30.66191087213637,WST_ET_45_micro_161109.pdf,6,vector,2026-09-07
Centralloy ET 45 Micro,minimum,27.505474698924772,30.502236538994087,WST_ET_45_micro_161109.pdf,6,vector,2026-09-07
Centralloy ET 45 Micro,minimum,27.5238242306252,30.343329494866765,WST_ET_45_micro_161109.pdf,6,vector,2026-09-07
Centralloy ET 45 Micro,minimum,27.542159420050957,30.185184470114432,WST_ET_45_micro_161109.pdf,6,vector,2026-09-07
Centralloy ET 45 Micro,minimum,27.56048049764603,30.027796248120016,WST_ET_45_micro_161109.pdf,6,vector,2026-09-07
Centralloy ET 45 Micro,minimum,27.578787693854395,29.871159664766594,WST_ET_45_micro_161109.pdf,6,vector,2026-09-07
Centralloy ET 45 Micro,minimum,27.59708123912002,29.71526960792009,WST_ET_45_micro_161109.pdf,6,vector,2026-09-07
Centralloy ET 45 Micro,minimum,27.615361363886887,29.560121016917197,WST_ET_45_micro_161109.pdf,6,vector,2026-09-07
Centralloy ET 45 Micro,minimum,27.633628298598982,29.40570888205868,WST_ET_45_micro_161109.pdf,6,vector,2026-09-07
Centralloy ET 45 Micro,minimum,27.651882273700277,29.25202824410805,WST_ET_45_micro_161109.pdf,6,vector,2026-09-07
Centralloy ET 45 Micro,minimum,27.67012351963475,29.099074193795296,WST_ET_45_micro_161109.pdf,6,vector,2026-09-07
Centralloy ET 45 Micro,minimum,27.688352266846376,28.94684187132579,WST_ET_45_micro_161109.pdf,6,vector,2026-09-07
Centralloy ET 45 Micro,minimum,27.706568745779133,28.79532646589425,WST_ET_45_micro_161109.pdf,6,vector,2026-09-07
Centralloy ET 45 Micro,minimum,27.724773186877,28.64452321520376,WST_ET_45_micro_161109.pdf,6,vector,2026-09-07
Centralloy ET 45 Micro,minimum,27.742965820583965,28.494427404989533,WST_ET_45_micro_161109.pdf,6,vector,2026-09-07
Centralloy ET 45 Micro,minimum,27.76114687734399,28.34503436854768,WST_ET_45_micro_161109.pdf,6,vector,2026-09-07
Centralloy ET 45 Micro,minimum,27.77931658760106,28.19633948626863,WST_ET_45_micro_161109.pdf,6,vector,2026-09-07
Centralloy ET 45 Micro,minimum,27.797475181799147,28.048338185175645,WST_ET_45_micro_161109.pdf,6,vector,2026-09-07
Centralloy ET 45 Micro,minimum,27.815622890382237,27.901025938467534,WST_ET_45_micro_161109.pdf,6,vector,2026-09-07
Centralloy ET 45 Micro,minimum,27.833759943794302,27.754398265066268,WST_ET_45_micro_161109.pdf,6,vector,2026-09-07
Centralloy ET 45 Micro,minimum,27.851886572479327,27.608450729168997,WST_ET_45_micro_161109.pdf,6,vector,2026-09-07
Centralloy ET 45 Micro,minimum,27.870003006881277,27.463178939804667,WST_ET_45_micro_161109.pdf,6,vector,2026-09-07
Centralloy ET 45 Micro,minimum,27.88810947744414,27.318578550395102,WST_ET_45_micro_161109.pdf,6,vector,2026-09-07
Centralloy ET 45 Micro,minimum,27.90620621461189,27.17464525832031,WST_ET_45_micro_161109.pdf,6,vector,2026-09-07
Centralloy ET 45 Micro,minimum,27.924293448828504,27.031374804488205,WST_ET_45_micro_161109.pdf,6,vector,2026-09-07
Centralloy ET 45 Micro,minimum,27.942371410537966,26.888762972908584,WST_ET_45_micro_161109.pdf,6,vector,2026-09-07
Centralloy ET 45 Micro,minimum,27.960440330184248,26.746805590271194,WST_ET_45_micro_161109.pdf,6,vector,2026-09-07
Centralloy ET 45 Micro,minimum,27.978500438211324,26.605498525528354,WST_ET_45_micro_161109.pdf,6,vector,2026-09-07
Centralloy ET 45 Micro,minimum,27.996551965063176,26.46483768948099,WST_ET_45_micro_161109.pdf,6,vector,2026-09-07
Centralloy ET 45 Micro,minimum,28.014595141183783,26.32481903436937,WST_ET_45_micro_161109.pdf,6,vector,2026-09-07
Centralloy ET 45 Micro,minimum,28.032630197017127,26.185438553467534,WST_ET_45_micro_161109.pdf,6,vector,2026-09-07
Centralloy ET 45 Micro,minimum,28.050657363007176,26.046692280681572,WST_ET_45_micro_161109.pdf,6,vector,2026-09-07
Centralloy ET 45 Micro,minimum,28.068676869597912,25.90857629015203,WST_ET_45_micro_161109.pdf,6,vector,2026-09-07
Centralloy ET 45 Micro,minimum,28.08668894723331,25.771086695860056,WST_ET_45_micro_161109.pdf,6,vector,2026-09-07
Centralloy ET 45 Micro,minimum,28.104693826357355,25.634219651237345,WST_ET_45_micro_161109.pdf,6,vector,2026-09-07
Centralloy ET 45 Micro,minimum,28.122691737414016,25.497971348779593,WST_ET_45_micro_161109.pdf,6,vector,2026-09-07
Centralloy ET 45 Micro,minimum,28.140682910847275,25.362338019664183,WST_ET_45_micro_161109.pdf,6,vector,2026-09-07
Centralloy ET 45 Micro,minimum,28.158667577101113,25.22731593337092,WST_ET_45_micro_161109.pdf,6,vector,2026-09-07
Centralloy ET 45 Micro,minimum,28.1766459666195,25.09290139730692,WST_ET_45_micro_161109.pdf,6,vector,2026-09-07
Centralloy ET 45 Micro,minimum,28.194618309846422,24.959090756434502,WST_ET_45_micro_161109.pdf,6,vector,2026-09-07
Centralloy ET 45 Micro,minimum,28.21258483722585,24.825880392903027,WST_ET_45_micro_161109.pdf,6,vector,2026-09-07
Centralloy ET 45 Micro,minimum,28.230545779201762,24.693266725683994,WST_ET_45_micro_161109.pdf,6,vector,2026-09-07
Centralloy ET 45 Micro,minimum,28.24850136621814,24.5612462102096,WST_ET_45_micro_161109.pdf,6,vector,2026-09-07
Centralloy ET 45 Micro,minimum,28.26645182871896,24.429815338014702,WST_ET_45_micro_161109.pdf,6,vector,2026-09-07
Centralloy ET 45 Micro,minimum,28.284397397148197,24.298970636382066,WST_ET_45_micro_161109.pdf,6,vector,2026-09-07
Centralloy ET 45 Micro,minimum,28.30233830194984,24.16870866799091,WST_ET_45_micro_161109.pdf,6,vector,2026-09-07
Centralloy ET 45 Micro,minimum,28.320274773567846,24.039026030568657,WST_ET_45_micro_161109.pdf,6,vector,2026-09-07
Centralloy ET 45 Micro,minimum,28.338207042446207,23.909919356546204,WST_ET_45_micro_161109.pdf,6,vector,2026-09-07
Centralloy ET 45 Micro,minimum,28.356135339028903,23.781385312715727,WST_ET_45_micro_161109.pdf,6,vector,2026-09-07
Centralloy ET 45 Micro,minimum,28.374059893759906,23.653420599892332,WST_ET_45_micro_161109.pdf,6,vector,2026-09-07
Centralloy ET 45 Micro,minimum,28.39198093708319,23.526021952578212,WST_ET_45_micro_161109.pdf,6,vector,2026-09-07
Centralloy ET 45 Micro,minimum,28.40989869944274,23.399186138630238,WST_ET_45_micro_161109.pdf,6,vector,2026-09-07
Centralloy ET 45 Micro,minimum,28.42781341128253,23.27290995893041,WST_ET_45_micro_161109.pdf,6,vector,2026-09-07
Centralloy ET 45 Micro,minimum,28.445725303046537,23.14719024705914,WST_ET_45_micro_161109.pdf,6,vector,2026-09-07
Centralloy ET 45 Micro,minimum,28.46363460517874,23.022023868971818,WST_ET_45_micro_161109.pdf,6,vector,2026-09-07
Centralloy ET 45 Micro,minimum,28.481541548123122,22.897407722677933,WST_ET_45_micro_161109.pdf,6,vector,2026-09-07
Centralloy ET 45 Micro,minimum,28.499446362323653,22.77333873792324,WST_ET_45_micro_161109.pdf,6,vector,2026-09-07
Centralloy ET 45 Micro,minimum,28.51734927822431,22.64981387587476,WST_ET_45_micro_161109.pdf,6,vector,2026-09-07
Centralloy ET 45 Micro,minimum,28.535250526269074,22.526830128808385,WST_ET_45_micro_161109.pdf,6,vector,2026-09-07
Centralloy ET 45 Micro,minimum,28.55315033690193,22.404384519799564,WST_ET_45_micro_161109.pdf,6,vector,2026-09-07
Centralloy ET 45 Micro,minimum,28.571048940566843,22.282474102416355,WST_ET_45_micro_161109.pdf,6,vector,2026-09-07
Centralloy ET 45 Micro,minimum,28.588946567707794,22.161095960415455,WST_ET_45_micro_161109.pdf,6,vector,2026-09-07
Centralloy ET 45 Micro,minimum,28.606843448768764,22.040247207440693,WST_ET_45_micro_161109.pdf,6,vector,2026-09-07
Centralloy ET 45 Micro,minimum,28.62473981419373,21.919924986724222,WST_ET_45_micro_161109.pdf,6,vector,2026-09-07
Centralloy ET 45 Micro,minimum,28.64263589442667,21.800126470790325,WST_ET_45_micro_161109.pdf,6,vector,2026-09-07
Centralloy ET 45 Micro,minimum,28.660531919911563,21.68084886116174,WST_ET_45_micro_161109.pdf,6,vector,2026-09-07
Centralloy ET 45 Micro,minimum,28.67842812109238,21.562089388068493,WST_ET_45_micro_161109.pdf,6,vector,2026-09-07
Centralloy ET 45 Micro,minimum,28.696324728413106,21.44384531015926,WST_ET_45_micro_161109.pdf,6,vector,2026-09-07
Centralloy ET 45 Micro,minimum,28.714221972317716,21.326113914215306,WST_ET_45_micro_161109.pdf,6,vector,2026-09-07
Centralloy ET 45 Micro,minimum,28.73212008325019,21.208892514866527,WST_ET_45_micro_161109.pdf,6,vector,2026-09-07
Centralloy ET 45 Micro,minimum,28.7500192916545,21.092178454310268,WST_ET_45_micro_161109.pdf,6,vector,2026-09-07
Centralloy ET 45 Micro,minimum,28.767919827974627,20.975969102032373,WST_ET_45_micro_161109.pdf,6,vector,2026-09-07
Centralloy ET 45 Micro,minimum,28.78582192265455,20.860261854530474,WST_ET_45_micro_161109.pdf,6,vector,2026-09-07
Centralloy ET 45 Micro,minimum,28.803725806138242,20.745054135039798,WST_ET_45_micro_161109.pdf,6,vector,2026-09-07
Centralloy ET 45 Micro,minimum,28.82163170886969,20.630343393261064,WST_ET_45_micro_161109.pdf,6,vector,2026-09-07
Centralloy ET 45 Micro,minimum,28.839539861292863,20.51612710509088,WST_ET_45_micro_161109.pdf,6,vector,2026-09-07
Centralloy ET 45 Micro,minimum,28.85745049385174,20.402402772354115,WST_ET_45_micro_161109.pdf,6,vector,2026-09-07
Centralloy ET 45 Micro,minimum,28.875363836990303,20.28916792253873,WST_ET_45_micro_161109.pdf,6,vector,2026-09-07
Centralloy ET 45 Micro,minimum,28.893280121152525,20.176420108532575,WST_ET_45_micro_161109.pdf,6,vector,2026-09-07
Centralloy ET 45 Micro,minimum,28.911199576782384,20.064156908362538,WST_ET_45_micro_161109.pdf,6,vector,2026-09-07
Centralloy ET 45 Micro,minimum,28.92912243432386,19.95237592493566,WST_ET_45_micro_161109.pdf,6,vector,2026-09-07
Centralloy ET 45 Micro,minimum,28.947048924220933,19.841074785782467,WST_ET_45_micro_161109.pdf,6,vector,2026-09-07
Centralloy ET 45 Micro,minimum,28.964979276917575,19.730251142802377,WST_ET_45_micro_161109.pdf,6,vector,2026-09-07
Centralloy ET 45 Micro,minimum,28.982913722857766,19.619902672011097,WST_ET_45_micro_161109.pdf,6,vector,2026-09-07
Centralloy ET 45 Micro,minimum,29.000852492485485,19.51002707329017,WST_ET_45_micro_161109.pdf,6,vector,2026-09-07
Centralloy ET 45 Micro,minimum,29.018795816244708,19.40062207013837,WST_ET_45_micro_161109.pdf,6,vector,2026-09-07
Centralloy ET 45 Micro,minimum,29.036743924579415,19.291685409425234,WST_ET_45_micro_161109.pdf,6,vector,2026-09-07
Centralloy ET 45 Micro,minimum,29.054697047933583,19.183214861146602,WST_ET_45_micro_161109.pdf,6,vector,2026-09-07
Centralloy ET 45 Micro,minimum,29.072655416751186,19.07520821818178,WST_ET_45_micro_161109.pdf,6,vector,2026-09-07
Centralloy ET 45 Micro,minimum,29.090619261476206,18.9676632960531,WST_ET_45_micro_161109.pdf,6,vector,2026-09-07
Centralloy ET 45 Micro,minimum,29.108588812552618,18.860577932686954,WST_ET_45_micro_161109.pdf,6,vector,2026-09-07
Centralloy ET 45 Micro,minimum,29.126564300424405,18.753949988176974,WST_ET_45_micro_161109.pdf,6,vector,2026-09-07
Centralloy ET 45 Micro,minimum,29.144545955535534,18.64777734454897,WST_ET_45_micro_161109.pdf,6,vector,2026-09-07
Centralloy ET 45 Micro,minimum,29.162534008329995,18.542057905527646,WST_ET_45_micro_161109.pdf,6,vector,2026-09-07
Centralloy ET 45 Micro,minimum,29.18052868925176,18.436789596305303,WST_ET_45_micro_161109.pdf,6,vector,2026-09-07
Centralloy ET 45 Micro,minimum,29.1985302287448,18.331970363312152,WST_ET_45_micro_161109.pdf,6,vector,2026-09-07
Centralloy ET 45 Micro,minimum,29.216538857253106,18.22759817398858,WST_ET_45_micro_161109.pdf,6,vector,2026-09-07
Centralloy ET 45 Micro,minimum,29.234554805220647,18.12367101655894,WST_ET_45_micro_161109.pdf,6,vector,2026-09-07
Centralloy ET 45 Micro,minimum,29.252578303091404,18.020186899807364,WST_ET_45_micro_161109.pdf,6,vector,2026-09-07
Centralloy ET 45 Micro,minimum,29.27060958130935,17.91714385285505,WST_ET_45_micro_161109.pdf,6,vector,2026-09-07
Centralloy ET 45 Micro,minimum,29.288648870318468,17.814539924939407,WST_ET_45_micro_161109.pdf,6,vector,2026-09-07
Centralloy ET 45 Micro,minimum,29.306696400562736,17.712373185194814,WST_ET_45_micro_161109.pdf,6,vector,2026-09-07
Centralloy ET 45 Micro,minimum,29.32475240248613,17.610641722434984,WST_ET_45_micro_161109.pdf,6,vector,2026-09-07
Centralloy ET 45 Micro,minimum,29.342817106532625,17.509343644937193,WST_ET_45_micro_161109.pdf,6,vector,2026-09-07
Centralloy ET 45 Micro,minimum,29.3608907431462,17.408477080227875,WST_ET_45_micro_161109.pdf,6,vector,2026-09-07
Centralloy ET 45 Micro,minimum,29.378973542770837,17.308040174869937,WST_ET_45_micro_161109.pdf,6,vector,2026-09-07
Centralloy ET 45 Micro,minimum,29.397065735850507,17.20803109425176,WST_ET_45_micro_161109.pdf,6,vector,2026-09-07
Centralloy ET 45 Micro,minimum,29.415167552829192,17.10844802237766,WST_ET_45_micro_161109.pdf,6,vector,2026-09-07
Centralloy ET 45 Micro,minimum,29.43327922415087,17.009289161659957,WST_ET_45_micro_161109.pdf,6,vector,2026-09-07
Centralloy ET 45 Micro,minimum,29.451400980259514,16.910552732712546,WST_ET_45_micro_161109.pdf,6,vector,2026-09-07
Centralloy ET 45 Micro,minimum,29.46953305159911,16.812236974146074,WST_ET_45_micro_161109.pdf,6,vector,2026-09-07
Centralloy ET 45 Micro,minimum,29.487675668613626,16.71434014236467,WST_ET_45_micro_161109.pdf,6,vector,2026-09-07
Centralloy ET 45 Micro,minimum,29.50582906174705,16.616860511363953,WST_ET_45_micro_161109.pdf,6,vector,2026-09-07
Centralloy ET 45 Micro,minimum,29.52399346144335,16.51979637253079,WST_ET_45_micro_161109.pdf,6,vector,2026-09-07
Centralloy ET 45 Micro,minimum,29.54216909814651,16.423146034444432,WST_ET_45_micro_161109.pdf,6,vector,2026-09-07
Centralloy ET 45 Micro,minimum,29.560356202300504,16.326907822678976,WST_ET_45_micro_161109.pdf,6,vector,2026-09-07
Centralloy ET 45 Micro,minimum,29.57855500434931,16.231080079607526,WST_ET_45_micro_161109.pdf,6,vector,2026-09-07
Centralloy ET 45 Micro,minimum,29.596765734736913,16.135661164207576,WST_ET_45_micro_161109.pdf,6,vector,2026-09-07
Centralloy ET 45 Micro,minimum,29.614988623907276,16.04064945186786,WST_ET_45_micro_161109.pdf,6,vector,2026-09-07
Centralloy ET 45 Micro,minimum,29.633223902304394,15.946043334196691,WST_ET_45_micro_161109.pdf,6,vector,2026-09-07
Centralloy ET 45 Micro,minimum,29.65147180037223,15.851841218831543,WST_ET_45_micro_161109.pdf,6,vector,2026-09-07
Centralloy ET 45 Micro,minimum,29.669732548554773,15.758041529250194,WST_ET_45_micro_161109.pdf,6,vector,2026-09-07
Centralloy ET 45 Micro,minimum,29.68800637729599,15.664642704583079,WST_ET_45_micro_161109.pdf,6,vector,2026-09-07
Centralloy ET 45 Micro,minimum,29.706293517039867,15.571643199427,WST_ET_45_micro_161109.pdf,6,vector,2026-09-07
Centralloy ET 45 Micro,minimum,29.724594198230378,15.479041483660314,WST_ET_45_micro_161109.pdf,6,vector,2026-09-07
Centralloy ET 45 Micro,minimum,29.742908651311502,15.386836042259352,WST_ET_45_micro_161109.pdf,6,vector,2026-09-07
Centralloy ET 45 Micro,minimum,29.761237106727215,15.295025375116115,WST_ET_45_micro_161109.pdf,6,vector,2026-09-07
Centralloy ET 45 Micro,minimum,29.7795797949215,15.2036079968574,WST_ET_45_micro_161109.pdf,6,vector,2026-09-07
Centralloy ET 45 Micro,minimum,29.79793694633833,15.112582436665082,WST_ET_45_micro_161109.pdf,6,vector,2026-09-07
Centralloy ET 45 Micro,minimum,29.81630879142168,15.021947238097757,WST_ET_45_micro_161109.pdf,6,vector,2026-09-07
Centralloy ET 45 Micro,minimum,29.834695560615533,14.93170095891372,WST_ET_45_micro_161109.pdf,6,vector,2026-09-07
Centralloy ET 45 Micro,minimum,29.853097484363865,14.841842170895085,WST_ET_45_micro_161109.pdf,6,vector,2026-09-07
Centralloy ET 45 Micro,minimum,29.87151479311065,14.752369459673169,WST_ET_45_micro_161109.pdf,6,vector,2026-09-07
Centralloy ET 45 Micro,minimum,29.889947717299872,14.663281424555255,WST_ET_45_micro_161109.pdf,6,vector,2026-09-07
Centralloy ET 45 Micro,minimum,29.908396487375505,14.574576678352374,WST_ET_45_micro_161109.pdf,6,vector,2026-09-07
Centralloy ET 45 Micro,minimum,29.926861333781527,14.486253847208518,WST_ET_45_micro_161109.pdf,6,vector,2026-09-07
Centralloy ET 45 Micro,minimum,29.94534248696192,14.398311570430964,WST_ET_45_micro_161109.pdf,6,vector,2026-09-07
Centralloy ET 45 Micro,minimum,29.96384017736065,14.310748500321758,WST_ET_45_micro_161109.pdf,6,vector,2026-09-07
Centralloy ET 45 Micro,minimum,29.98235463542171,14.223563302010493,WST_ET_45_micro_161109.pdf,6,vector,2026-09-07
Centralloy ET 45 Micro,minimum,30.00088609158907,14.136754653288225,WST_ET_45_micro_161109.pdf,6,vector,2026-09-07
Centralloy ET 45 Micro,minimum,30.019434776306706,14.050321244442554,WST_ET_45_micro_161109.pdf,6,vector,2026-09-07
Centralloy ET 45 Micro,minimum,30.038000920018597,13.964261778093912,WST_ET_45_micro_161109.pdf,6,vector,2026-09-07
Centralloy ET 45 Micro,minimum,30.05658475316872,13.878574969032984,WST_ET_45_micro_161109.pdf,6,vector,2026-09-07
Centralloy ET 45 Micro,minimum,30.075186506201057,13.793259544059264,WST_ET_45_micro_161109.pdf,6,vector,2026-09-07
Centralloy ET 45 Micro,minimum,30.093806409559583,13.70831424182079,WST_ET_45_micro_161109.pdf,6,vector,2026-09-07
Centralloy ET 45 Micro,minimum,30.112444693688275,13.623737812655039,WST_ET_45_micro_161109.pdf,6,vector,2026-09-07
Centralloy ET 45 Micro,minimum,30.13110158903111,13.539529018430871,WST_ET_45_micro_161109.pdf,6,vector,2026-09-07
Centralloy ET 45 Micro,minimum,30.149777326032066,13.455686632391652,WST_ET_45_micro_161109.pdf,6,vector,2026-09-07
Centralloy ET 45 Micro,minimum,30.168472135135126,13.372209438999494,WST_ET_45_micro_161109.pdf,6,vector,2026-09-07
Centralloy ET 45 Micro,minimum,30.187186246784258,13.289096233780556,WST_ET_45_micro_161109.pdf,6,vector,2026-09-07
Centralloy ET 45 Micro,minimum,30.20591989142345,13.206345823171535,WST_ET_45_micro_161109.pdf,6,vector,2026-09-07
Centralloy ET 45 Micro,minimum,30.224673299496672,13.123957024367124,WST_ET_45_micro_161109.pdf,6,vector,2026-09-07
Centralloy ET 45 Micro,minimum,30.2434467014479,13.041928665168637,WST_ET_45_micro_161109.pdf,6,vector,2026-09-07
Centralloy ET 45 Micro,minimum,30.262240327721123,12.960259583833748,WST_ET_45_micro_161109.pdf,6,vector,2026-09-07
Centralloy ET 45 Micro,minimum,30.28105440876031,12.87894862892723,WST_ET_45_micro_161109.pdf,6,vector,2026-09-07
Centralloy ET 45 Micro,minimum,30.299889175009437,12.797994659172765,WST_ET_45_micro_161109.pdf,6,vector,2026-09-07
Centralloy ET 45 Micro,minimum,30.318744856912488,12.717396543305881,WST_ET_45_micro_161109.pdf,6,vector,2026-09-07
Centralloy ET 45 Micro,minimum,30.337621684913437,12.637153159927841,WST_ET_45_micro_161109.pdf,6,vector,2026-09-07
Centralloy ET 45 Micro,minimum,30.356519889456262,12.557263397360755,WST_ET_45_micro_161109.pdf,6,vector,2026-09-07
Centralloy ET 45 Micro,minimum,30.37543970098494,12.477726153503495,WST_ET_45_micro_161109.pdf,6,vector,2026-09-07
Centralloy ET 45 Micro,minimum,30.394381349943455,12.39854033568887,WST_ET_45_micro_161109.pdf,6,vector,2026-09-07
Centralloy ET 45 Micro,minimum,30.413345066775776,12.31970486054174,WST_ET_45_micro_161109.pdf,6,vector,2026-09-07
Centralloy ET 45 Micro,minimum,30.432331081925884,12.24121865383811,WST_ET_45_micro_161109.pdf,6,vector,2026-09-07
Centralloy ET 45 Micro,minimum,30.45133962583776,12.163080650365364,WST_ET_45_micro_161109.pdf,6,vector,2026-09-07
Centralloy ET 45 Micro,minimum,30.470370928955376,12.085289793783394,WST_ET_45_micro_161109.pdf,6,vector,2026-09-07
Centralloy ET 45 Micro,minimum,30.489425221722712,12.00784503648685,WST_ET_45_micro_161109.pdf,6,vector,2026-09-07
Centralloy ET 45 Micro,minimum,30.50984298052044,11.92538904169788,WST_ET_45_micro_161109.pdf,6,vector,2026-09-07
Centralloy ET 45 Micro,minimum,30.530261204025756,11.843514585938282,WST_ET_45_micro_161109.pdf,6,vector,2026-09-07
Centralloy ET 45 Micro,minimum,30.550679540953492,11.762216434871103,WST_ET_45_micro_161109.pdf,6,vector,2026-09-07
Centralloy ET 45 Micro,minimum,30.57109764001849,11.681489413543316,WST_ET_45_micro_161109.pdf,6,vector,2026-09-07
Centralloy ET 45 Micro,minimum,30.59151514993558,11.60132840565352,WST_ET_45_micro_161109.pdf,6,vector,2026-09-07
Centralloy ET 45 Micro,minimum,30.61193171941961,11.521728352829598,WST_ET_45_micro_161109.pdf,6,vector,2026-09-07
Centralloy ET 45 Micro,minimum,30.632346997185408,11.442684253916124,WST_ET_45_micro_161109.pdf,6,vector,2026-09-07
Centralloy ET 45 Micro,minimum,30.652760631947807,11.36419116427118,WST_ET_45_micro_161109.pdf,6,vector,2026-09-07
Centralloy ET 45 Micro,minimum,30.673172272421652,11.286244195072774,WST_ET_45_micro_161109.pdf,6,vector,2026-09-07
Centralloy ET 45 Micro,minimum,30.693581567321775,11.208838512634284,WST_ET_45_micro_161109.pdf,6,vector,2026-09-07
Centralloy ET 45 Micro,minimum,30.713988165363013,11.131969337729313,WST_ET_45_micro_161109.pdf,6,vector,2026-09-07
Centralloy ET 45 Micro,minimum,30.7343917152602,11.055631944925269,WST_ET_45_micro_161109.pdf,6,vector,2026-09-07
Centralloy ET 45 Micro,minimum,30.75479186572818,10.979821661925913,WST_ET_45_micro_161109.pdf,6,vector,2026-09-07
Centralloy ET 45 Micro,minimum,30.775188265481788,10.904533868922705,WST_ET_45_micro_161109.pdf,6,vector,2026-09-07
Centralloy ET 45 Micro,minimum,30.795580563235852,10.829763997954583,WST_ET_45_micro_161109.pdf,6,vector,2026-09-07
Centralloy ET 45 Micro,minimum,30.815968407705213,10.755507532276345,WST_ET_45_micro_161109.pdf,6,vector,2026-09-07
Centralloy ET 45 Micro,minimum,30.836351447604713,10.6817600057353,WST_ET_45_micro_161109.pdf,6,vector,2026-09-07
Centralloy ET 45 Micro,minimum,30.85672933164918,10.608517002156066,WST_ET_45_micro_161109.pdf,6,vector,2026-09-07
Centralloy ET 45 Micro,minimum,30.877101708553457,10.535774154733689,WST_ET_45_micro_161109.pdf,6,vector,2026-09-07
Centralloy ET 45 Micro,minimum,30.89746822703238,10.463527145434416,WST_ET_45_micro_161109.pdf,6,vector,2026-09-07
Centralloy ET 45 Micro,minimum,30.91782853580078,10.391771704404588,WST_ET_45_micro_161109.pdf,6,vector,2026-09-07
Centralloy ET 45 Micro,minimum,30.938182283573497,10.320503609387128,WST_ET_45_micro_161109.pdf,6,vector,2026-09-07
Centralloy ET 45 Micro,minimum,30.958529119065368,10.24971868514564,WST_ET_45_micro_161109.pdf,6,vector,2026-09-07
Centralloy ET 45 Micro,minimum,30.978868690991234,10.179412802896216,WST_ET_45_micro_161109.pdf,6,vector,2026-09-07
Centralloy ET 45 Micro,minimum,30.999200648065923,10.109581879746234,WST_ET_45_micro_161109.pdf,6,vector,2026-09-07
Centralloy ET 45 Micro,minimum,31.01952463900427,10.040221878140922,WST_ET_45_micro_161109.pdf,6,vector,2026-09-07
Centralloy ET 45 Micro,minimum,31.039840312521125,9.971328805316814,WST_ET_45_micro_161109.pdf,6,vector,2026-09-07
Centralloy ET 45 Micro,minimum,31.06014731733131,9.90289871276222,WST_ET_45_micro_161109.pdf,6,vector,2026-09-07
Centralloy ET 45 Micro,minimum,31.080445302149673,9.834927695684963,WST_ET_45_micro_161109.pdf,6,vector,2026-09-07
Centralloy ET 45 Micro,minimum,31.10073391569104,9.767411892486681,WST_ET_45_micro_161109.pdf,6,vector,2026-09-07
Centralloy ET 45 Micro,minimum,31.121012806670258,9.700347484244109,WST_ET_45_micro_161109.pdf,6,vector,2026-09-07
Centralloy ET 45 Micro,minimum,31.141281623802158,9.633730694196894,WST_ET_45_micro_161109.pdf,6,vector,2026-09-07
Centralloy ET 45 Micro,minimum,31.16154001580157,9.567557787242032,WST_ET_45_micro_161109.pdf,6,vector,2026-09-07
Centralloy ET 45 Micro,minimum,31.181787631383347,9.501825069434826,WST_ET_45_micro_161109.pdf,6,vector,2026-09-07
Centralloy ET 45 Micro,minimum,31.202024119262312,9.436528887496063,WST_ET_45_micro_161109.pdf,6,vector,2026-09-07
Centralloy ET 45 Micro,minimum,31.2222491281533,9.37166562832577,WST_ET_45_micro_161109.pdf,6,vector,2026-09-07
Centralloy ET 45 Micro,minimum,31.24246230677116,9.307231718522813,WST_ET_45_micro_161109.pdf,6,vector,2026-09-07
Centralloy ET 45 Micro,minimum,31.262663303830717,9.243223623910831,WST_ET_45_micro_161109.pdf,6,vector,2026-09-07
Centralloy ET 45 Micro,minimum,31.282851768046815,9.179637849070204,WST_ET_45_micro_161109.pdf,6,vector,2026-09-07
Centralloy ET 45 Micro,minimum,31.303027348134286,9.116470936875713,WST_ET_45_micro_161109.pdf,6,vector,2026-09-07
Centralloy ET 45 Micro,minimum,31.32318969280797,9.053719468040368,WST_ET_45_micro_161109.pdf,6,vector,2026-09-07
Centralloy ET 45 Micro,minimum,31.3433384507827,8.991380060664753,WST_ET_45_micro_161109.pdf,6,vector,2026-09-07
Centralloy ET 45 Micro,minimum,31.363473270773312,8.929449369792076,WST_ET_45_micro_161109.pdf,6,vector,2026-09-07
Centralloy ET 45 Micro,minimum,31.383593801494648,8.867924086968964,WST_ET_45_micro_161109.pdf,6,vector,2026-09-07
Centralloy ET 45 Micro,minimum,31.403699691661537,8.806800939811566,WST_ET_45_micro_161109.pdf,6,vector,2026-09-07
Centralloy ET 45 Micro,minimum,31.42379058998882,8.746076691577242,WST_ET_45_micro_161109.pdf,6,vector,2026-09-07
Centralloy ET 45 Micro,minimum,31.443866145191336,8.68574814074155,WST_ET_45_micro_161109.pdf,6,vector,2026-09-07
Centralloy ET 45 Micro,minimum,31.46392600598392,8.625812120580473,WST_ET_45_micro_161109.pdf,6,vector,2026-09-07
Centralloy ET 45 Micro,minimum,31.483969821081406,8.56626549875793,WST_ET_45_micro_161109.pdf,6,vector,2026-09-07
Centralloy ET 45 Micro,minimum,31.50399723919863,8.507105176918346,WST_ET_45_micro_161109.pdf,6,vector,2026-09-07
Centralloy ET 45 Micro,minimum,31.524007909050432,8.448328090284306,WST_ET_45_micro_161109.pdf,6,vector,2026-09-07
Centralloy ET 45 Micro,minimum,31.544001479351643,8.389931207259197,WST_ET_45_micro_161109.pdf,6,vector,2026-09-07
Centralloy ET 45 Micro,minimum,31.563977598817104,8.331911529034706,WST_ET_45_micro_161109.pdf,6,vector,2026-09-07
Centralloy ET 45 Micro,minimum,31.583935916161657,8.274266089203287,WST_ET_45_micro_161109.pdf,6,vector,2026-09-07
Centralloy ET 45 Micro,minimum,31.603876080100125,8.216991953375212,WST_ET_45_micro_161109.pdf,6,vector,2026-09-07
Centralloy ET 45 Micro,minimum,31.623797739347353,8.16008621880051,WST_ET_45_micro_161109.pdf,6,vector,2026-09-07
Centralloy ET 45 Micro,minimum,31.64370054261818,8.103546013995404,WST_ET_45_micro_161109.pdf,6,vector,2026-09-07
Centralloy ET 45 Micro,minimum,31.663584138627435,8.047368498373414,WST_ET_45_micro_161109.pdf,6,vector,2026-09-07
Centralloy ET 45 Micro,minimum,31.68344817608996,7.991550861880939,WST_ET_45_micro_161109.pdf,6,vector,2026-09-07
Centralloy ET 45 Micro,minimum,31.70329230372059,7.936090324637206,WST_ET_45_micro_161109.pdf,6,vector,2026-09-07
Centralloy ET 45 Micro,minimum,31.72311617023416,7.880984136578739,WST_ET_45_micro_161109.pdf,6,vector,2026-09-07
Centralloy ET 45 Micro,minimum,31.74291942434551,7.826229577108055,WST_ET_45_micro_161109.pdf,6,vector,2026-09-07
Centralloy ET 45 Micro,minimum,31.762701714769477,7.771823954746607,WST_ET_45_micro_161109.pdf,6,vector,2026-09-07
Centralloy ET 45 Micro,minimum,31.782462690220893,7.717764606791991,WST_ET_45_micro_161109.pdf,6,vector,2026-09-07
Centralloy ET 45 Micro,minimum,31.802201999414592,7.664048898979196,WST_ET_45_micro_161109.pdf,6,vector,2026-09-07
Centralloy ET 45 Micro,minimum,31.821919291065417,7.6106742251461075,WST_ET_45_micro_161109.pdf,6,vector,2026-09-07
Centralloy ET 45 Micro,minimum,31.841614213888203,7.557638006902827,WST_ET_45_micro_161109.pdf,6,vector,2026-09-07
Centralloy ET 45 Micro,minimum,31.86128641659779,7.504937693305073,WST_ET_45_micro_161109.pdf,6,vector,2026-09-07
Centralloy ET 45 Micro,minimum,31.880935547909004,7.452570760531472,WST_ET_45_micro_161109.pdf,6,vector,2026-09-07
Centralloy ET 45 Micro,minimum,31.900561256536694,7.400534711564764,WST_ET_45_micro_161109.pdf,6,vector,2026-09-07
Centralloy ET 45 Micro,minimum,31.920163191195684,7.348827075876714,WST_ET_45_micro_161109.pdf,6,vector,2026-09-07
Centralloy ET 45 Micro,minimum,31.939741000600822,7.297445409116849,WST_ET_45_micro_161109.pdf,6,vector,2026-09-07
Centralloy ET 45 Micro,minimum,31.95929433346694,7.246387292804827,WST_ET_45_micro_161109.pdf,6,vector,2026-09-07
Centralloy ET 45 Micro,minimum,31.978822838508876,7.19565033402657,WST_ET_45_micro_161109.pdf,6,vector,2026-09-07
Centralloy ET 45 Micro,minimum,31.99832616444146,7.145232165133826,WST_ET_45_micro_161109.pdf,6,vector,2026-09-07
Centralloy ET 45 Micro,minimum,32.01780395997953,7.095130443447497,WST_ET_45_micro_161109.pdf,6,vector,2026-09-07
Centralloy ET 45 Micro,minimum,32.037255873837935,7.045342850964253,WST_ET_45_micro_161109.pdf,6,vector,2026-09-07
Centralloy ET 45 Micro,minimum,32.0566815547315,6.995867094066738,WST_ET_45_micro_161109.pdf,6,vector,2026-09-07
Centralloy ET 45 Micro,minimum,32.07608065137506,6.9467009032371,WST_ET_45_micro_161109.pdf,6,vector,2026-09-07
Centralloy ET 45 Micro,minimum,32.09545281248345,6.897842032773955,WST_ET_45_micro_161109.pdf,6,vector,2026-09-07
Centralloy ET 45 Micro,minimum,32.114797686771524,6.849288260512621,WST_ET_45_micro_161109.pdf,6,vector,2026-09-07
Centralloy ET 45 Micro,minimum,32.1341149229541,6.801037387548621,WST_ET_45_micro_161109.pdf,6,vector,2026-09-07
Centralloy ET 45 Micro,minimum,32.15340416974602,6.753087237964379,WST_ET_45_micro_161109.pdf,6,vector,2026-09-07
Centralloy ET 45 Micro,minimum,32.17266507586212,6.70543565855915,WST_ET_45_micro_161109.pdf,6,vector,2026-09-07
Centralloy ET 45 Micro,minimum,32.191897290017245,6.658080518582093,WST_ET_45_micro_161109.pdf,6,vector,2026-09-07
Centralloy ET 45 Micro,minimum,32.21110046092622,6.611019709468373,WST_ET_45_micro_161109.pdf,6,vector,2026-09-07
Centralloy ET 45 Micro,minimum,32.23027423730388,6.564251144578391,WST_ET_45_micro_161109.pdf,6,vector,2026-09-07
Centralloy ET 45 Micro,minimum,32.24941826786508,6.517772758939921,WST_ET_45_micro_161109.pdf,6,vector,2026-09-07
Centralloy ET 45 Micro,minimum,32.26853220132463,6.471582508993352,WST_ET_45_micro_161109.pdf,6,vector,2026-09-07
Centralloy ET 45 Micro,minimum,32.287615686397395,6.425678372339746,WST_ET_45_micro_161109.pdf,6,vector,2026-09-07
Centralloy ET 45 Micro,minimum,32.30666837179819,6.380058347491882,WST_ET_45_micro_161109.pdf,6,vector,2026-09-07
Centralloy ET 45 Micro,minimum,32.325689906241855,6.334720453628075,WST_ET_45_micro_161109.pdf,6,vector,2026-09-07
Centralloy ET 45 Micro,minimum,32.344679938443235,6.289662730348856,WST_ET_45_micro_161109.pdf,6,vector,2026-09-07
Centralloy ET 45 Micro,minimum,32.36363811711716,6.244883237436375,WST_ET_45_micro_161109.pdf,6,vector,2026-09-07
Centralloy ET 45 Micro,minimum,32.38256409097846,6.200380054616654,WST_ET_45_micro_161109.pdf,6,vector,2026-09-07
Centralloy ET 45 Micro,minimum,32.40145750874199,6.156151281324445,WST_ET_45_micro_161109.pdf,6,vector,2026-09-07
Centralloy ET 45 Micro,minimum,32.420318019122575,6.112195036470764,WST_ET_45_micro_161109.pdf,6,vector,2026-09-07
Centralloy ET 45 Micro,minimum,32.439145270835056,6.06850945821318,WST_ET_45_micro_161109.pdf,6,vector,2026-09-07
Centralloy ET 45 Micro,minimum,32.45793891259426,6.025092703728463,WST_ET_45_micro_161109.pdf,6,vector,2026-09-07
Centralloy ET 45 Micro,minimum,32.47669859311503,5.981942948988085,WST_ET_45_micro_161109.pdf,6,vector,2026-09-07
Centralloy ET 45 Micro,minimum,32.4954239611122,5.939058388536027,WST_ET_45_micro_161109.pdf,6,vector,2026-09-07
Centralloy ET 45 Micro,minimum,32.51411466530061,5.89643723526922,WST_ET_45_micro_161109.pdf,6,vector,2026-09-07
Centralloy ET 45 Micro,minimum,32.532770354395105,5.854077720220372,WST_ET_45_micro_161109.pdf,6,vector,2026-09-07
Centralloy ET 45 Micro,minimum,32.551390677110504,5.811978092343285,WST_ET_45_micro_161109.pdf,6,vector,2026-09-07
Centralloy ET 45 Micro,minimum,32.56997528216165,5.770136618300523,WST_ET_45_micro_161109.pdf,6,vector,2026-09-07
Centralloy ET 45 Micro,minimum,32.58852381826338,5.728551582253557,WST_ET_45_micro_161109.pdf,6,vector,2026-09-07
Centralloy ET 45 Micro,minimum,32.60703593413053,5.68722128565506,WST_ET_45_micro_161109.pdf,6,vector,2026-09-07
Centralloy ET 45 Micro,minimum,32.625511278477944,5.646144047043764,WST_ET_45_micro_161109.pdf,6,vector,2026-09-07
Centralloy ET 45 Micro,minimum,32.64394950002045,5.605318201841355,WST_ET_45_micro_161109.pdf,6,vector,2026-09-07
Centralloy ET 45 Micro,minimum,32.66235024747289,5.56474210215179,WST_ET_45_micro_161109.pdf,6,vector,2026-09-07
Centralloy ET 45 Micro,minimum,32.68071316955009,5.524414116562813,WST_ET_45_micro_161109.pdf,6,vector,2026-09-07
Centralloy ET 45 Micro,minimum,32.699037914966894,5.484332629949566,WST_ET_45_micro_161109.pdf,6,vector,2026-09-07
Centralloy ET 45 Micro,minimum,32.717324132438144,5.444496043280507,WST_ET_45_micro_161109.pdf,6,vector,2026-09-07
Centralloy ET 45 Micro,minimum,32.73557147067867,5.404902773425351,WST_ET_45_micro_161109.pdf,6,vector,2026-09-07
Centralloy ET 45 Micro,minimum,32.75377957840331,5.365551252965213,WST_ET_45_micro_161109.pdf,6,vector,2026-09-07
Centralloy ET 45 Micro,minimum,32.771948104326896,5.326439930004803,WST_ET_45_micro_161109.pdf,6,vector,2026-09-07
Centralloy ET 45 Micro,minimum,32.79007669716427,5.287567267986699,WST_ET_45_micro_161109.pdf,6,vector,2026-09-07
Centralloy ET 45 Micro,minimum,32.808165005630265,5.248931745507601,WST_ET_45_micro_161109.pdf,6,vector,2026-09-07
Centralloy ET 45 Micro,minimum,32.826212678439724,5.210531856136674,WST_ET_45_micro_161109.pdf,6,vector,2026-09-07
Centralloy ET 45 Micro,minimum,32.84421936430748,5.172366108235841,WST_ET_45_micro_161109.pdf,6,vector,2026-09-07
Centralloy ET 45 Micro,minimum,32.862184711948366,5.134433024782037,WST_ET_45_micro_161109.pdf,6,vector,2026-09-07
Centralloy ET 45 Micro,minimum,32.88010837007722,5.096731143191401,WST_ET_45_micro_161109.pdf,6,vector,2026-09-07
Centralloy ET 45 Micro,minimum,32.89798998740888,5.0592590151454075,WST_ET_45_micro_161109.pdf,6,vector,2026-09-07
Centralloy ET 45 Micro,minimum,32.91582921265818,5.022015206418831,WST_ET_45_micro_161109.pdf,6,vector,2026-09-07
Centralloy ET 45 Micro,minimum,32.93362569453996,4.984998296709666,WST_ET_45_micro_161109.pdf,6,vector,2026-09-07
Centralloy ET 45 Micro,minimum,32.95137908176906,4.948206879470804,WST_ET_45_micro_161109.pdf,6,vector,2026-09-07
Centralloy ET 45 Micro,minimum,32.969089023060306,4.911639561743595,WST_ET_45_micro_161109.pdf,6,vector,2026-09-07
Centralloy ET 45 Micro,minimum,32.98675516712854,4.8752949639931735,WST_ET_45_micro_161109.pdf,6,vector,2026-09-07
Centralloy ET 45 Micro,minimum,33.004377162688606,4.8391717199456155,WST_ET_45_micro_161109.pdf,6,vector,2026-09-07
Centralloy ET 45 Micro,minimum,33.02195465845533,4.803268476426789,WST_ET_45_micro_161109.pdf,6,vector,2026-09-07
Centralloy ET 45 Micro,minimum,33.039487303143545,4.767583893202967,WST_ET_45_micro_161109.pdf,6,vector,2026-09-07
Centralloy ET 45 Micro,minimum,33.0569747454681,4.732116642823203,WST_ET_45_micro_161109.pdf,6,vector,2026-09-07
Centralloy ET 45 Micro,minimum,33.07441663414383,4.696865410463346,WST_ET_45_micro_161109.pdf,6,vector,2026-09-07
Centralloy ET 45 Micro,minimum,33.091812617885566,4.661828893771734,WST_ET_45_micro_161109.pdf,6,vector,2026-09-07
Centralloy ET 45 Micro,minimum,33.10916234540814,4.627005802716616,WST_ET_45_micro_161109.pdf,6,vector,2026-09-07
Centralloy ET 45 Micro,minimum,33.12646546542639,4.592394859435109,WST_ET_45_micro_161109.pdf,6,vector,2026-09-07
Centralloy ET 45 Micro,minimum,33.14372162665517,4.557994798083861,WST_ET_45_micro_161109.pdf,6,vector,2026-09-07
Centralloy ET 45 Micro,minimum,33.160930477809295,4.523804364691278,WST_ET_45_micro_161109.pdf,6,vector,2026-09-07
Centralloy ET 45 Micro,minimum,33.17809166760361,4.489822317011321,WST_ET_45_micro_161109.pdf,6,vector,2026-09-07
Centralloy ET 45 Micro,minimum,33.19520484475296,4.456047424378912,WST_ET_45_micro_161109.pdf,6,vector,2026-09-07
Centralloy ET 45 Micro,minimum,33.212269657972165,4.4224784675668305,WST_ET_45_micro_161109.pdf,6,vector,2026-09-07
Centralloy ET 45 Micro,minimum,33.22928575597607,4.389114238644218,WST_ET_45_micro_161109.pdf,6,vector,2026-09-07
Centralloy ET 45 Micro,minimum,33.24625278747951,4.355953540836481,WST_ET_45_micro_161109.pdf,6,vector,2026-09-07
Centralloy ET 45 Micro,minimum,33.26317040119733,4.322995188386801,WST_ET_45_micro_161109.pdf,6,vector,2026-09-07
Centralloy ET 45 Micro,minimum,33.28003824584435,4.290238006419074,WST_ET_45_micro_161109.pdf,6,vector,2026-09-07
Centralloy ET 45 Micro,minimum,33.29685597013542,4.2576808308023,WST_ET_45_micro_161109.pdf,6,vector,2026-09-07
Centralloy ET 45 Micro,minimum,33.313623222785374,4.22532250801643,WST_ET_45_micro_161109.pdf,6,vector,2026-09-07
Centralloy ET 45 Micro,minimum,33.33033965250904,4.193161895019681,WST_ET_45_micro_161109.pdf,6,vector,2026-09-07
Centralloy ET 45 Micro,minimum,33.34700490802127,4.161197859117195,WST_ET_45_micro_161109.pdf,6,vector,2026-09-07
Centralloy ET 45 Micro,minimum,33.36361863803688,4.129429277831146,WST_ET_45_micro_161109.pdf,6,vector,2026-09-07
Centralloy ET 45 Micro,minimum,33.38018049127073,4.097855038772236,WST_ET_45_micro_161109.pdf,6,vector,2026-09-07
Centralloy ET 45 Micro,minimum,33.39669011643764,4.066474039512521,WST_ET_45_micro_161109.pdf,6,vector,2026-09-07
Centralloy ET 45 Micro,minimum,33.41314716225245,4.035285187459623,WST_ET_45_micro_161109.pdf,6,vector,2026-09-07
Centralloy ET 45 Micro,minimum,33.429551277429994,4.0042873997322745,WST_ET_45_micro_161109.pdf,6,vector,2026-09-07
Centralloy ET 45 Micro,minimum,33.44590211068512,3.973479603037189,WST_ET_45_micro_161109.pdf,6,vector,2026-09-07
Centralloy ET 45 Micro,minimum,33.46219931073265,3.9428607335472496,WST_ET_45_micro_161109.pdf,6,vector,2026-09-07
Centralloy ET 45 Micro,minimum,33.47844252628743,3.912429736780964,WST_ET_45_micro_161109.pdf,6,vector,2026-09-07
Centralloy ET 45 Micro,minimum,33.4946314060643,3.882185567483254,WST_ET_45_micro_161109.pdf,6,vector,2026-09-07
Centralloy ET 45 Micro,minimum,33.510765598778086,3.852127189507472,WST_ET_45_micro_161109.pdf,6,vector,2026-09-07
Centralloy ET 45 Micro,minimum,33.52684475314362,3.8222535756987077,WST_ET_45_micro_161109.pdf,6,vector,2026-09-07
Centralloy ET 45 Micro,minimum,33.54286851787576,3.792563707778318,WST_ET_45_micro_161109.pdf,6,vector,2026-09-07
Centralloy ET 45 Micro,minimum,33.558836541689324,3.7630565762297046,WST_ET_45_micro_161109.pdf,6,vector,2026-09-07
Centralloy ET 45 Micro,minimum,33.57474847329915,3.7337311801852886,WST_ET_45_micro_161109.pdf,6,vector,2026-09-07
Centralloy ET 45 Micro,minimum,33.59060396142009,3.704586527314748,WST_ET_45_micro_161109.pdf,6,vector,2026-09-07
Centralloy ET 45 Micro,minimum,33.60640265476697,3.675621633714355,WST_ET_45_micro_161109.pdf,6,vector,2026-09-07
Centralloy ET 45 Micro,minimum,33.62214420205461,3.6468355237976047,WST_ET_45_micro_161109.pdf,6,vector,2026-09-07
Centralloy ET 45 Micro,minimum,33.637828251997874,3.6182272301869363,WST_ET_45_micro_161109.pdf,6,vector,2026-09-07
Centralloy ET 45 Micro,minimum,33.65345445331159,3.589795793606654,WST_ET_45_micro_161109.pdf,6,vector,2026-09-07
Centralloy ET 45 Micro,minimum,33.669022454710586,3.5615402627769823,WST_ET_45_micro_161109.pdf,6,vector,2026-09-07
Centralloy ET 45 Micro,minimum,33.684531904909704,3.533459694309263,WST_ET_45_micro_161109.pdf,6,vector,2026-09-07
Centralloy ET 45 Micro,minimum,33.69998245262378,3.5055531526022783,WST_ET_45_micro_161109.pdf,6,vector,2026-09-07
Centralloy ET 45 Micro,minimum,33.71537374656765,3.4778197097397054,WST_ET_45_micro_161109.pdf,6,vector,2026-09-07
Centralloy ET 45 Micro,minimum,33.73070543545616,3.450258445388627,WST_ET_45_micro_161109.pdf,6,vector,2026-09-07
Centralloy ET 45 Micro,minimum,33.74597716800413,3.422868446699212,WST_ET_45_micro_161109.pdf,6,vector,2026-09-07
Centralloy ET 45 Micro,minimum,33.76118859292641,3.3956488082054066,WST_ET_45_micro_161109.pdf,6,vector,2026-09-07
Centralloy ET 45 Micro,minimum,33.776339358937825,3.3685986317267513,WST_ET_45_micro_161109.pdf,6,vector,2026-09-07
Centralloy ET 45 Micro,minimum,33.79142911475322,3.341717026271237,WST_ET_45_micro_161109.pdf,6,vector,2026-09-07
Centralloy ET 45 Micro,minimum,33.80645750908743,3.3150031079392295,WST_ET_45_micro_161109.pdf,6,vector,2026-09-07
Centralloy ET 45 Micro,minimum,33.82142419065529,3.2884559998284173,WST_ET_45_micro_161109.pdf,6,vector,2026-09-07
Centralloy ET 45 Micro,minimum,33.836328808171636,3.2620748319398207,WST_ET_45_micro_161109.pdf,6,vector,2026-09-07
Centralloy ET 45 Micro,minimum,33.85117101035131,3.235858741084811,WST_ET_45_micro_161109.pdf,6,vector,2026-09-07
Centralloy ET 45 Micro,minimum,33.86595044590914,3.2098068707931433,WST_ET_45_micro_161109.pdf,6,vector,2026-09-07
Centralloy ET 45 Micro,minimum,33.88066676355997,3.183918371222021,WST_ET_45_micro_161109.pdf,6,vector,2026-09-07
Centralloy ET 45 Micro,minimum,33.89531961201863,3.158192399066111,WST_ET_45_micro_161109.pdf,6,vector,2026-09-07
Centralloy ET 45 Micro,minimum,33.90990863999996,3.1326281174686086,WST_ET_45_micro_161109.pdf,6,vector,2026-09-07
Centralloy ET 45 Micro,minimum,33.9244334962188,3.107224695933233,WST_ET_45_micro_161109.pdf,6,vector,2026-09-07
Centralloy ET 45 Micro,minimum,33.93889382938998,3.0819813102372158,WST_ET_45_micro_161109.pdf,6,vector,2026-09-07
Centralloy ET 45 Micro,minimum,33.95328928822835,3.0568971423452687,WST_ET_45_micro_161109.pdf,6,vector,2026-09-07
Centralloy ET 45 Micro,minimum,33.96761952144872,3.031971380324464,WST_ET_45_micro_161109.pdf,6,vector,2026-09-07
Centralloy ET 45 Micro,minimum,33.98188417776595,3.0072032182601087,WST_ET_45_micro_161109.pdf,6,vector,2026-09-07
Centralloy ET 45 Micro,minimum,33.996082905894866,2.982591856172526,WST_ET_45_micro_161109.pdf,6,vector,2026-09-07
Centralloy ET 45 Micro,minimum,34.01021535455031,2.9581364999347874,WST_ET_45_micro_161109.pdf,6,vector,2026-09-07
Centralloy ET 45 Micro,minimum,34.02428117244712,2.933836361191349,WST_ET_45_micro_161109.pdf,6,vector,2026-09-07
Centralloy ET 45 Micro,minimum,34.03828000830012,2.909690657277622,WST_ET_45_micro_161109.pdf,6,vector,2026-09-07
Centralloy ET 45 Micro,minimum,34.05221151082416,2.885698611140443,WST_ET_45_micro_161109.pdf,6,vector,2026-09-07
Centralloy ET 45 Micro,minimum,34.06607532873407,2.861859451259448,WST_ET_45_micro_161109.pdf,6,vector,2026-09-07
Centralloy ET 45 Micro,minimum,34.07987111074468,2.838172411569323,WST_ET_45_micro_161109.pdf,6,vector,2026-09-07
Centralloy ET 45 Micro,minimum,34.09359850557085,2.8146367313829703,WST_ET_45_micro_161109.pdf,6,vector,2026-09-07
Centralloy ET 45 Micro,minimum,34.10725716192739,2.791251655315533,WST_ET_45_micro_161109.pdf,6,vector,2026-09-07
Centralloy ET 45 Micro,minimum,34.12084672852916,2.768016433209289,WST_ET_45_micro_161109.pdf,6,vector,2026-09-07
Centralloy ET 45 Micro,minimum,34.13436685409097,2.7449303200594226,WST_ET_45_micro_161109.pdf,6,vector,2026-09-07
Centralloy ET 45 Micro,minimum,34.147817187327675,2.7219925759406487,WST_ET_45_micro_161109.pdf,6,vector,2026-09-07
Centralloy ET 45 Micro,minimum,34.161197376954114,2.699202465934671,WST_ET_45_micro_161109.pdf,6,vector,2026-09-07
Centralloy ET 45 Micro,minimum,34.17450707168511,2.6765592600585304,WST_ET_45_micro_161109.pdf,6,vector,2026-09-07
Centralloy ET 45 Micro,minimum,34.18774592023551,2.654062233193729,WST_ET_45_micro_161109.pdf,6,vector,2026-09-07
Centralloy ET 45 Micro,minimum,34.20091357132014,2.631710665016235,WST_ET_45_micro_161109.pdf,6,vector,2026-09-07
Centralloy ET 45 Micro,minimum,34.21400967365385,2.6095038399272927,WST_ET_45_micro_161109.pdf,6,vector,2026-09-07
Centralloy ET 45 Micro,minimum,34.22703387595147,2.5874410469850484,WST_ET_45_micro_161109.pdf,6,vector,2026-09-07
Centralloy ET 45 Micro,minimum,34.23998582692783,2.565521579836992,WST_ET_45_micro_161109.pdf,6,vector,2026-09-07
Centralloy ET 45 Micro,minimum,34.25286517529778,2.5437447366532124,WST_ET_45_micro_161109.pdf,6,vector,2026-09-07
Centralloy ET 45 Micro,minimum,34.265671569776146,2.52210982006044,WST_ET_45_micro_161109.pdf,6,vector,2026-09-07
Centralloy ET 45 Micro,minimum,34.278404659077765,2.5006161370768893,WST_ET_45_micro_161109.pdf,6,vector,2026-09-07
Centralloy ET 45 Micro,minimum,34.29106409191748,2.4792629990478954,WST_ET_45_micro_161109.pdf,6,vector,2026-09-07
Centralloy ET 45 Micro,minimum,34.30364951701013,2.4580497215823147,WST_ET_45_micro_161109.pdf,6,vector,2026-09-07
Centralloy ET 45 Micro,minimum,34.316160583070534,2.4369756244897265,WST_ET_45_micro_161109.pdf,6,vector,2026-09-07
Centralloy ET 45 Micro,minimum,34.32859693881354,2.4160400317183877,WST_ET_45_micro_161109.pdf,6,vector,2026-09-07
Centralloy ET 45 Micro,minimum,34.340958232953994,2.3952422712939545,WST_ET_45_micro_161109.pdf,6,vector,2026-09-07
Centralloy ET 45 Micro,minimum,34.35324411420672,2.374581675258974,WST_ET_45_micro_161109.pdf,6,vector,2026-09-07
Centralloy ET 45 Micro,minimum,34.36545423128655,2.354057579613117,WST_ET_45_micro_161109.pdf,6,vector,2026-09-07
Centralloy ET 45 Micro,minimum,34.37758823290834,2.3336693242541626,WST_ET_45_micro_161109.pdf,6,vector,2026-09-07
Centralloy ET 45 Micro,minimum,34.3896457677869,2.31341625291974,WST_ET_45_micro_161109.pdf,6,vector,2026-09-07
Centralloy ET 45 Micro,minimum,34.40162648463709,2.293297713129787,WST_ET_45_micro_161109.pdf,6,vector,2026-09-07
Centralloy ET 45 Micro,minimum,34.41353003217374,2.273313056129751,WST_ET_45_micro_161109.pdf,6,vector,2026-09-07
Centralloy ET 45 Micro,minimum,34.42535605911168,2.2534616368345253,WST_ET_45_micro_161109.pdf,6,vector,2026-09-07
Centralloy ET 45 Micro,minimum,34.43710421416575,2.23374281377309,WST_ET_45_micro_161109.pdf,6,vector,2026-09-07
Centralloy ET 45 Micro,minimum,34.448774146050795,2.2141559490338865,WST_ET_45_micro_161109.pdf,6,vector,2026-09-07
Centralloy ET 45 Micro,minimum,34.46036550348163,2.1947004082108963,WST_ET_45_micro_161109.pdf,6,vector,2026-09-07
Centralloy ET 45 Micro,minimum,34.47187793517312,2.1753755603504326,WST_ET_45_micro_161109.pdf,6,vector,2026-09-07
Centralloy ET 45 Micro,minimum,34.48331108984007,2.15618077789863,WST_ET_45_micro_161109.pdf,6,vector,2026-09-07
Centralloy ET 45 Micro,minimum,34.49466461619735,2.1371154366496192,WST_ET_45_micro_161109.pdf,6,vector,2026-09-07
Centralloy ET 45 Micro,minimum,34.50593816295977,2.118178915694425,WST_ET_45_micro_161109.pdf,6,vector,2026-09-07
Centralloy ET 45 Micro,minimum,34.51713137884218,2.0993705973705303,WST_ET_45_micro_161109.pdf,6,vector,2026-09-07
Centralloy ET 45 Micro,minimum,34.52824391255941,2.08068986721212,WST_ET_45_micro_161109.pdf,6,vector,2026-09-07
Centralloy ET 45 Micro,minimum,34.5392754128263,2.062136113901021,WST_ET_45_micro_161109.pdf,6,vector,2026-09-07
Centralloy ET 45 Micro,minimum,34.550225528357686,2.043708729218304,WST_ET_45_micro_161109.pdf,6,vector,2026-09-07
Centralloy ET 45 Micro,minimum,34.561093907868404,2.0254071079965517,WST_ET_45_micro_161109.pdf,6,vector,2026-09-07
Centralloy ET 45 Micro,minimum,34.571880200073295,2.0072306480728064,WST_ET_45_micro_161109.pdf,6,vector,2026-09-07
Centralloy ET 45 Micro,minimum,34.582584053687185,1.989178750242161,WST_ET_45_micro_161109.pdf,6,vector,2026-09-07
Centralloy ET 45 Micro,minimum,34.59320511742492,1.9712508182120163,WST_ET_45_micro_161109.pdf,6,vector,2026-09-07
