feed_per_tube_fraction,steam_to_carbon,inlet_T,excess_air,specific_firing_factor,inlet_P,catalyst_activity,H2_net_kmol_h,Q_comb_W,fuel_MJ_per_kmol_H2,T_wo_max_K,sigma_hot_MPa,log10_t_r_hot,life_rate_per_kmol_H2_rel_base,CH4_slip_dry_pct,T_out_K,process_heat_MJ_h,fuel_total_MJ_per_kmol_H2,H2_net_kmol_h_phys,T_wo_max_K_phys,T_out_K_phys,CH4_slip_dry_pct_phys,sigma_hot_MPa_phys,converged_phys,fuel_MJ_per_kmol_H2_phys,life_rate_per_kmol_H2_rel_base_phys,feasible_phys,disc_H2_net_kmol_h,disc_fuel_MJ_per_kmol_H2,disc_life_rate_per_kmol_H2_rel_base,fuel_total_MJ_per_kmol_H2_phys,alpha_credit
0.9592133424963589,3.9944,898.7310021501426,24.592168248611344,0.9091172451793623,30.06,0.2,14.675842086265233,190973528.47999096,255.86318953007805,1103.3576845868945,12.760774432008294,9.131850790045306,0.058629189456530145,7.809229479294828,1065.5550232876549,1708.8628172316742,255.86318953007805,14.676638774403965,1103.3989924202024,1065.5672995788586,7.808325786829047,12.756347903272742,True,139.41509220546988,0.05866486863012481,True,-0.0007966881387329039,116.44809732460817,-3.5679173594663216e-05,255.84930057557216,0.0
0.9970443784026929,2.6626,899.984945983446,5.000071798546729,0.8877017469579952,30.06,0.2,14.673531851609809,193829389.96023905,226.5669166796176,1171.1752499925649,12.91703693580887,7.243313815530399,4.536482455326268,7.7632147158334845,1119.869565013524,1247.7934045596905,226.5669166796176,14.673667263158555,1171.2084000155812,1119.8737217758137,7.762159672706503,12.913776907256086,True,141.52859177022654,4.538811121302319,True,-0.0001354115487455232,85.03832490939106,-0.002328665976051525,226.56482587460397,0.0
0.9626441888947938,3.9733,899.2116991583987,20.00965225661337,0.8849486240729378,30.06,0.2,14.746712252000906,186561453.65324074,251.3359239909081,1107.7237069818063,12.762802480414392,9.004945933209946,0.07814956607601417,7.76031295116344,1066.4212613286693,1707.5058319713996,251.3359239909081,14.747178965374404,1107.7590326802306,1066.4344227802171,7.759837211005373,12.76033243795555,True,135.5427178585505,0.07823920900041804,True,-0.00046671337349835085,115.7932061323576,-8.964292440387378e-05,251.32796980270422,0.0
0.9596699990734523,3.9968,898.728747455094,14.605656008894437,0.850011913996279,30.06,0.2,14.696945817493333,178642585.78265178,246.62403029152426,1110.0722530542846,12.766983913194201,8.936461141219496,0.09180777790085498,7.789253897003871,1064.7240851723977,1710.5923056722404,246.62403029152426,14.696620001338953,1110.1471866813527,1064.7549729258665,7.78863559173941,12.76279060746011,True,130.23591170212921,0.09208357490619917,True,0.0003258161543797655,116.38811858939505,-0.0002757970053441916,246.62949781352046,0.0
0.9906771577442394,2.898,899.8918721943712,5.006660623323981,0.8680175541196893,30.06,0.2,14.690878601214244,188320987.47975954,228.07085405272258,1159.1713626489766,12.89460517670757,7.560455032601304,2.1830561572091636,7.796735662349474,1107.9066372522389,1332.8363635092323,228.07085405272258,14.690696829486084,1159.1950801162393,1107.9052644593767,7.795996589524154,12.890202279258453,True,137.3471176537207,2.1819089554059152,True,0.0001817717281600295,90.7237363990019,0.0011472018032483433,228.07367603140509,0.0
0.9612773828261469,3.9714,899.8388613536686,17.101113296550594,0.8629216600812217,30.06,0.2,14.700722445584617,181659518.91397265,248.39129261571168,1109.0356539935733,12.770738513851889,8.96550375708454,0.08584703007711784,7.810954180218703,1065.5533374189379,1705.1794622795767,248.39129261571168,14.700844988681734,1109.0924028398779,1065.5749480092657,7.810441987987478,12.765795262498779,True,132.39728667722844,0.08596877376271735,True,-0.00012254309711678957,115.99400593848324,-0.00012174368559950133,248.38922207906447,0.0
0.9630751964732285,3.9942,899.7526792849092,18.147615746667636,0.8683555938947264,30.06,0.2,14.735651641878862,183145338.58398828,249.68643669957723,1107.7117951445584,12.764634672007112,9.004913096470766,0.07821413879887314,7.811534150800122,1064.860841369761,1717.020866078562,249.68643669957723,14.735938975379403,1107.7570172551887,1064.8827843955069,7.810861049187706,12.761643535050299,True,133.16229716389168,0.07833700030424598,True,-0.0002873335005411093,116.52413953568555,-0.00012286150537284268,249.68156810735422,0.0
0.9972431565473601,2.6625,899.7388164591415,5.084967150977919,0.8873691924595234,30.06,0.2,14.667312715425524,193795405.5775009,226.63475105163377,1170.8966161640287,12.916897518785433,7.250528044876717,4.463639518034148,7.781949558341246,1119.644280382048,1247.743420383702,226.63475105163377,14.667434675786174,1170.9279069946836,1119.6484647111351,7.780922474238706,12.91377339276,True,141.56390612061344,4.4657135178045495,True,-0.00012196036064970883,85.07084493102033,-0.002073999770401791,226.63286657376935,0.0
0.9926242145270221,2.8599,899.9989114210465,5.001134649121978,0.8706196131431276,30.06,0.2,14.697793953660625,189256749.67571327,227.80455959987327,1160.9579548205195,12.897913645003399,7.512843577134955,2.4348486929058093,7.800821956620183,1109.6558640787923,1320.4735893206966,227.80455959987327,14.697684375165954,1160.984531609323,1109.6550847119697,7.80000910071932,12.893656817318393,True,137.96397021620942,2.434134592166544,True,0.00010957849467096992,89.84058938366385,0.0007141007392652554,227.806257995354,0.0
0.9856030766254206,2.9721,899.9832505959091,5.001105098624447,0.8637392929598624,30.06,0.2,14.66862237089046,186433001.89249292,228.5672711708602,1156.0159307300728,12.888689914602859,7.644918989118441,1.7999456552083875,7.7656564216518476,1104.859475617952,1355.2705383021278,228.5672711708602,14.668327573502546,1156.033356048839,1104.857491811649,7.765024823747792,12.884006864742206,True,136.1775184552393,1.7981002421553605,True,0.00029479738791415855,92.38975271562092,0.0018454130530269897,228.57186481210294,0.0
0.9609557712061244,3.9996,899.9526232718869,22.1942987069169,0.8999795016339049,30.06,0.2,14.761161275649016,189397430.34076932,253.6952805638558,1106.138808316207,12.759904906043426,9.051342447027444,0.07016244874855304,7.69740054488956,1066.5180579916216,1715.5787690515722,253.6952805638558,14.761846909889243,1106.1657578767354,1066.5306400080187,7.696772727155356,12.758371173723468,True,137.4664155921499,0.07023420994984161,True,-0.000685634240227273,116.22886497170589,-7.176120128857266e-05,253.68349733835558,0.0
0.9965867346747507,2.8599,899.9816348009167,5.001572652135723,0.8708034960556748,30.06,0.2,14.75031637892816,190052388.15596128,227.9274142890482,1160.939036649744,12.895999527591892,7.513712545230685,2.4213291442393103,7.8134762933762705,1109.4857564045044,1325.7258848091922,227.9274142890482,14.750216767663522,1160.9648507241407,1109.4849276848988,7.81266554080288,12.891868641050898,True,138.0505533891114,2.4206419015101437,True,9.961126463764458e-05,89.87686089993679,0.0006872427291666483,227.92895353001938,0.0
0.9918814094137496,2.8304,899.7020622293816,5.0786018673569,0.8733977716693684,30.06,0.2,14.672827401403081,189718593.01989338,227.64384670242413,1162.3068500655238,12.9013952670068,7.476802390826226,2.6500343937540114,7.797318367397171,1111.1244056837138,1307.479660728702,227.64384670242413,14.672763613875992,1162.334319986927,1111.1238806010235,7.796495904132195,12.897402950058265,True,138.5355386632898,2.649702132580449,True,6.378752708968705e-05,89.10830803913433,0.0003322611735625536,227.64483634816645,0.0
0.9982189862013954,2.6767,899.9988396717758,5.001199920527201,0.8850759116562977,30.06,0.2,14.683746765821182,193483712.63602844,226.64090678210502,1170.1217658071466,12.915202781675523,7.270860102578652,4.254717421425197,7.7942499630990785,1118.754939376451,1254.8979037213526,226.64090678210502,14.683915003440092,1170.1560115828152,1118.7600086154664,7.793096537883493,12.911762983892178,True,141.17759315260938,4.256838605315293,True,-0.0001682376189098278,85.46331362949564,-0.002121183890095857,226.63831009542469,0.0
0.9612608617241929,4.0,896.7850088694563,20.328516323505,0.8851196794560572,30.06,0.2,14.710120995481674,186329372.81186375,252.1031291979978,1106.0918527834203,12.760075303070414,9.052666303321189,0.0701916032007913,7.809490398923425,1064.9648274225942,1712.0813965721272,252.1031291979978,14.71058903858296,1106.1312232576224,1064.979151561737,7.808827841663961,12.758311327669006,True,135.710822458152,0.07031493819050118,True,-0.00046804310128578663,116.3923067398458,-0.00012333498970987233,252.09510809631897,0.0
0.9957399683946591,2.7208,899.8470035044081,5.000030188650376,0.8820551944813857,30.06,0.2,14.676380468362389,192344497.5636991,226.89429826539507,1167.9515184041752,12.911552524038607,7.327739261901193,3.734302423725323,7.784835250096863,1116.6527682030305,1269.1531449768302,226.89429826539507,14.676473835986076,1167.984170609499,1116.6546594820063,7.783856627608185,12.907943636345829,True,140.41750937579633,3.7355632760031807,True,-9.336762368761242e-05,86.47678888959874,-0.0012608522778578823,226.89285482729855,0.0
0.9907171706101057,2.9291,899.7232790487,5.092153018649335,0.8680175541196893,30.06,0.2,14.718790230013852,188328593.65332773,228.47062393985877,1157.9681776751404,12.890817729008301,7.592906195142632,2.0220384016205513,7.773690473030435,1106.7433016886193,1345.004826919793,228.47062393985877,14.718600426507324,1157.9879341411126,1106.7417544672223,7.772985784870601,12.886634928699133,True,137.09227114674704,2.0206915152980893,True,0.00018980350652775257,91.37835279311173,0.0013468863224619376,228.47357017960343,0.0
0.9970837069584979,2.6965,898.4157550714611,5.018102344809481,0.8842886330993212,30.06,0.2,14.671379122549338,193091753.88169146,226.87137662330736,1168.9243671213721,12.913699813446936,7.302117475379468,3.9625914217164055,7.808052707790288,1117.5920025260493,1259.6757583342398,226.87137662330736,14.671494394225103,1168.9551208759613,1117.5950067322742,7.807069635124428,12.910274983077107,True,141.01087214232948,3.963792333023661,True,-0.00011527167576552699,85.86050448097788,-0.0012009113072553035,226.8695941297819,0.0
0.9931071160124146,2.8165,899.9323479860731,5.021349799358253,0.876921452965258,30.06,0.2,14.706604034232669,190719392.0803608,227.60226782467714,1163.6231681733773,12.902113759430353,7.442232136547478,2.863012038814372,7.7499161194643165,1112.382678115419,1303.8343721870356,227.60226782467714,14.706617939868138,1163.649906541695,1112.3824850364344,7.749026918566118,12.898346857856357,True,138.94574989021487,2.862795576880147,True,-1.390563546976864e-05,88.65651793446227,0.0002164619342250873,227.60205261855828,0.0
0.9799570806739101,3.1934,899.9608244908268,5.121657972340845,0.8509163327593491,30.06,0.2,14.704656834344922,182613121.49955454,230.58269587803682,1146.5658847911886,12.865731322628672,7.901694015731675,0.9940741963701564,7.739529747689572,1095.3767469411498,1434.0702559008523,230.58269587803682,14.704080322921442,1146.5645813453916,1095.3743606907672,7.739392386470417,12.860721554416175,True,133.0630080872044,0.9917720842755464,True,0.0005765114234801416,97.51968779083242,0.002302112094609954,230.59173646781267,0.0
0.9626630776075277,3.838,887.2356609180273,9.92374824204018,0.8508288481356028,30.06,0.2,14.699261307827436,179371973.68174404,242.32518504841036,1118.860224381544,12.788090143572445,8.681642493576664,0.165055388167147,7.762367076304931,1070.408351153557,1640.1586413326784,242.32518504841036,14.698842251434288,1118.9058843863152,1070.4179408653758,7.76231714980394,12.78854020730712,True,130.7478876422402,0.16558643372539444,True,0.00041905639314876453,111.57729740617017,-0.000531045558247456,242.3320936141517,0.0
0.9921633161225336,2.8334,899.993992599053,5.001126689006619,0.8733977716693684,30.06,0.2,14.685757212068646,189772513.7241689,227.6105980415875,1162.4081074724434,12.900972295447888,7.47423320536819,2.66341082654889,7.78263905088102,1111.1561138176735,1309.357048973549,227.6105980415875,14.685689022703617,1162.4359901525884,1111.155282621699,7.781814571793921,12.896864243041364,True,138.45294760195247,2.6630055880907872,True,6.818936502916983e-05,89.15765043963503,0.0004052384581028079,227.61165489510867,0.0
0.9673876199255449,3.986,879.203787923497,9.497409670736825,0.8500032636002871,30.06,0.2,14.800854892856782,180077388.39945486,244.83198909705726,1114.1662813062685,12.766907493298326,8.81927251317682,0.11940111880891617,7.811931936299565,1064.65887983775,1694.3221537608792,244.83198909705726,14.79994973107905,1114.2390897025996,1064.6783923716814,7.811275419545026,12.766704766727155,True,130.3653475215884,0.11996929700019184,True,0.0009051617777320331,114.46664157546886,-0.0005681781912756645,244.84696296943682,0.0
0.9981852543738884,2.6925,899.9253713765636,5.036830853725129,0.8841828274530716,30.06,0.2,14.691843725109287,193281946.6490067,226.7892902307164,1169.2921990192815,12.913442492330232,7.292647378778696,4.044306219446858,7.7947797694107885,1117.9482044588262,1261.074810787354,226.7892902307164,14.691979148948892,1169.3247747193093,1117.9517630622024,7.793718504703293,12.910053723404697,True,140.95296343780495,4.046027535329931,True,-0.0001354238396054086,85.83632679291145,-0.0017213158830733377,226.78719979237908,0.0
0.9648770356583188,3.8235,877.1330510127665,7.722682495910828,0.8505864832503214,30.06,0.2,14.705222576618517,179733285.1561727,241.4908382825901,1120.5588189860762,12.794520148089203,8.632374381867443,0.18480840806467141,7.8077409973919565,1070.320820210755,1625.4627576292532,241.4908382825901,14.70479656493517,1120.5968985445954,1070.3285980287744,7.807418628383764,12.79544187498122,True,130.95820544178412,0.1853509337820854,True,0.000426011683346772,110.53263284080597,-0.0005425257174139775,241.49783449760574,0.0
0.9813906061446849,3.1376,899.9907519737969,5.001352249335581,0.8500996212792001,30.06,0.2,14.668208738266424,182704727.32385918,229.87730252518304,1148.2332423188857,12.871766194049119,7.855690450486037,1.107899019773978,7.804118526975477,1096.9737300643067,1414.337607730513,229.87730252518304,14.66757230543245,1148.2355237166087,1096.9711785816698,7.803968192337883,12.866676791757554,True,133.4611215227124,1.1055477030091503,True,0.0006364328339731884,96.41618100247064,0.0023513167648276934,229.8872770090353,0.0
0.9636964306509351,3.9685,899.8471642649039,13.61343184638222,0.8522801164378006,30.06,0.2,14.80067749628818,179870802.4501461,245.6342219212867,1112.982243489758,12.766216135841836,8.85322205282215,0.11042414922544297,7.686221192524716,1066.873527682246,1708.3657315999365,245.6342219212867,14.800357143855233,1113.054973944374,1066.9010852679276,7.685897772709717,12.76837891832452,True,130.21220706885657,0.11106942603761041,True,0.0003203524329471463,115.42201485243012,-0.0006452768121674446,245.63953865248735,0.0
0.9828350566977269,3.0929,899.9827260786964,5.39008994835042,0.8561884386796303,30.06,0.2,14.675783595523733,184284183.70592222,229.85771363823065,1150.0788790812912,12.875822883700296,7.805439904731816,1.2431585073663483,7.788685710250178,1099.1539104857713,1398.8686662673708,229.85771363823065,14.675339689593223,1150.087567462828,1099.15179244333,7.788315834658402,12.87136098197569,True,134.5436247890965,1.241350946401394,True,0.00044390593050991356,95.31408884913415,0.001807560964954158,229.86466647233303,0.0
0.9970837069584979,2.6863,899.7606046699522,5.002368491514078,0.8849422668456164,30.06,0.2,14.677009454113506,193234480.22888654,226.70899782087832,1169.7177002154638,12.914634299077159,7.28141265959967,4.154487691847862,7.784748351917274,1118.3912635487598,1257.0406733258444,226.70899782087832,14.677169341174503,1169.7508660262174,1118.3955159873146,7.7836420822526176,12.911202713805965,True,141.06053986961143,4.156312677689173,True,-0.00015988706099712147,85.64845795126689,-0.0018249858413108555,226.7065281460711,0.0
0.9609962541666976,3.9995,898.019529297831,23.722416565096495,0.9052852905925809,30.06,0.2,14.70838998551767,190522040.37071857,255.25296034044862,1103.9192726076944,12.76106831560453,9.115464339396823,0.060748874257053144,7.802690490320279,1065.3884048393732,1713.0525102446375,255.25296034044862,14.709131437277206,1103.9566027827555,1065.400500248718,7.801843858125916,12.754130896414853,True,138.7782537742025,0.06069735044901108,True,-0.0007414517595361048,116.47470656624611,5.152380804206158e-05,255.24009365573795,0.0
0.9629507797370918,3.6649,898.2351497551572,9.668670152001905,0.8500120454423875,30.06,0.2,14.680934597279489,179253330.87581095,239.00940887710593,1125.7524882500977,12.809457598384057,8.483608693256638,0.2607385902484897,7.674976101174559,1077.6714975552843,1588.310097618392,239.00940887710593,14.680680592986674,1125.7736921469996,1077.6764324923997,7.675267496602071,12.808781805478427,True,130.82304938630273,0.26101698553086705,True,0.00025400429281496884,108.1863594908032,-0.0002783952823773306,239.013544204177,0.0
0.9628266891536108,3.635,899.9587265102782,9.668670152001905,0.8500827928678111,30.06,0.2,14.672102424218819,179245148.9348807,238.49665967741464,1126.8834364560862,12.813157471502016,8.45130629330437,0.28104060185670166,7.665075305184871,1078.900386177618,1578.7636800330783,238.49665967741464,14.671875330014895,1126.9021301430878,1078.905101374993,7.665352047058819,12.812398997857375,True,130.89558733226082,0.28128338012733467,True,0.00022709420392352797,107.60107234515382,-0.00024277827063301505,238.50035117613922,0.0
0.9927579217699452,2.7792,899.9848839565103,5.001075069232347,0.8782997828245716,30.06,0.2,14.673801302055743,190951995.74035695,227.24594746170877,1165.2284072708444,12.906507894779526,7.399498119002086,3.166116982452205,7.765361329260481,1114.0077166728872,1288.6476396752598,227.24594746170877,14.673927770705417,1165.258578494531,1114.0103748155634,7.764261197043101,12.902690603193978,True,139.42512679936002,3.166428736637347,True,-0.0001264686496735834,87.82082066234875,-0.0003117541851418437,227.24398892078037,0.0
0.9927229986594305,2.7678,899.8023178570127,5.000207884435387,0.8801048207178158,30.06,0.2,14.673792842819704,191337699.66518342,227.2033311748641,1165.9501285185108,12.907674530295688,7.380479778811427,3.3078480218075947,7.751515814875613,1114.7442717091267,1283.8878327315506,227.2033311748641,14.673878366268372,1165.9798073851355,1114.7453541908421,7.7505478936882115,12.903993838366457,True,139.70722197340257,3.3082832725733793,True,-8.552344866785688e-05,87.49610920146154,-0.000435250765784545,227.20200697059133,0.0
0.9729070797358113,3.3826,898.7564113942956,5.719593754755382,0.8503456260303038,30.06,0.2,14.745861292245346,181177770.4759906,233.08230567828878,1139.923146593311,12.84612913483322,8.085429556018322,0.6493337998580442,7.6138380341343606,1089.1292049843098,1495.8089512517338,233.08230567828878,14.745397759632937,1139.920094541557,1089.1275763799774,7.613926987778062,12.841749139493345,True,131.6472047482675,0.647929784924846,True,0.00046353261240916765,101.43510093002126,0.0014040149331981944,233.08963279498096,0.0
0.9973313470815276,2.7481,899.9170366224326,5.031116085193489,0.8796157629258539,30.06,0.2,14.706878564063151,192119097.64233562,227.14173015556892,1166.4336218575254,12.907876536601522,7.367864387710053,3.3976826781685836,7.801391230932902,1115.07946970489,1282.1269389184145,227.14173015556892,14.706960291623288,1166.4648235315653,1115.08106793894,7.800408930121272,12.904234461317095,True,139.96222621768837,3.3984963257852847,True,-8.172756013635762e-05,87.17950393788055,-0.0008136476167011075,227.14046791381108,0.0
0.985238221089456,3.0362,899.9467376828916,5.0889155224888745,0.859297348524466,30.06,0.2,14.688833280913562,185405574.7487964,229.18306817728353,1152.9508190800254,12.881485210154361,7.727694349705818,1.4855458448602519,7.778778930997671,1101.783558845664,1379.9435783844026,229.18306817728353,14.688444150751634,1152.9626792693127,1101.7813678024052,7.778278222759216,12.876756460839646,True,135.2415736133843,1.4834943735890938,True,0.00038913016192765326,93.94149456389923,0.002051471271158123,229.18913975596917,0.0
0.9734043654762033,3.9919,899.8388613536686,17.04434100812845,0.8653586220564746,30.06,0.2,14.89647517209694,184470735.7620172,249.12807095248417,1108.9683609156152,12.758775372324687,8.969896887514555,0.08386626568617812,7.805226353090083,1064.8935530786594,1734.6579547373299,249.12807095248417,14.896732761667545,1109.0249712352434,1064.9190169354913,7.804483699795409,12.753837547738884,True,132.6782322338921,0.08398380196215573,True,-0.00025758957060517673,116.44983871859208,-0.0001175362759776033,249.12376310902286,0.0
0.9799570806739101,3.1647,899.9628154603232,5.088089130740254,0.8500023416493565,30.06,0.2,14.670926904568411,182416972.05078635,230.2043126610453,1147.2702664243134,12.86923989725429,7.882054127981551,1.0424519089435293,7.7808740164857415,1096.0954810988621,1422.8430864796114,230.2043126610453,14.6703003125979,1147.270999886345,1096.0928184484342,7.780758248239483,12.864191407060568,True,133.22614507138798,1.0401563131715896,True,0.0006265919705104039,96.97816758965732,0.002295595771939718,230.21414505512152,0.0
0.9553751633933929,3.6712,899.9544203726546,5.173400304392956,0.8500825187360698,30.06,0.2,14.793049885294257,177857874.27510992,235.6490868622923,1133.8691424622516,12.821552684705788,8.256102687173588,0.43692540883333375,7.2250188319880575,1082.8103275848252,1580.3486158588953,235.6490868622923,14.792367644264223,1133.8788834384948,1082.8161785996267,7.225235915259752,12.81525974579533,True,128.82454839864283,0.4359494095260886,True,0.0006822410300344472,106.82453846364947,0.0009759993072451234,235.6599552695422,0.0
0.9823148415313887,3.0929,899.9830389082908,5.149616402746252,0.8551421238047265,30.06,0.2,14.671060813650435,183961554.58782446,229.64562299634213,1150.3110722522945,12.876395438518085,7.7991172632019925,1.261795370706205,7.782575871167069,1099.2158262000332,1398.1282442698564,229.64562299634213,14.670573186646688,1150.3184557019454,1099.2135197743269,7.782224521908314,12.871545421573973,True,134.35171422560092,1.2596421936240092,True,0.00048762700374638257,95.29390877074121,0.0021531770821958673,229.65325605918434,0.0
0.9701919015772779,3.3808,897.0001314362252,6.10512523966679,0.8503456260303038,30.06,0.2,14.674637981026056,180672141.5876267,233.36988591947085,1138.9163341676706,12.84761738880111,8.112577975275197,0.6129461744213773,7.672753911586399,1088.5180241548044,1488.8456459598701,233.36988591947085,14.674274372445527,1138.9158322953956,1088.517049732461,7.672760520420771,12.84399964462317,True,131.91609318799385,0.6119272144546369,True,0.00036360858052830736,101.453792731477,0.001018959966740396,233.37566850815656,0.0
0.9608713045182152,3.6713,899.9648947109065,8.52513642594273,0.8500401936127612,30.06,0.2,14.725071305483391,178872159.63041008,238.0958934418104,1127.997104979359,12.811787714847627,8.420569652262948,0.3005665535151433,7.528311534334458,1079.1685304029543,1589.491583861897,238.0958934418104,14.724769620234305,1128.016425367187,1079.1763866342426,7.5284826471576265,12.813163849638611,True,130.15398366423074,0.3011368924112853,True,0.0003016852490862476,107.94190977757967,-0.0005703388961419975,238.10077161788868,0.0
0.9870333223446341,3.0708,899.9447066898111,5.000140544260866,0.8555623515083023,30.06,0.2,14.720444609194871,184936036.36192903,229.44610321197186,1151.2803212807075,12.87667239305025,7.773167132870604,1.3349950332649174,7.803757000071224,1099.9091369990751,1396.0911206782016,229.44610321197186,14.71993379683114,1151.2886230632896,1099.9061547768792,7.80343550695586,12.871774382856017,True,134.61049212570515,1.3327666809102106,True,0.0005108123637302953,94.83561108626671,0.002228352354706864,229.45406546967953,0.0
0.992602378414776,2.7977,899.9834301967353,5.001727567179557,0.8769410022491763,30.06,0.2,14.6810945954909,190626710.2583855,227.38122157908975,1164.3213218235742,12.90457020923517,7.4235259255806945,2.994217523171069,7.766218443945409,1113.091939116181,1295.7761847581914,227.38122157908975,14.68110454633718,1164.3505336208887,1113.0918787827034,7.765327524116983,12.900686127169687,True,139.11957591721338,2.9942781539619006,True,-9.950846280304404e-06,88.26164566187637,-6.0630790831517345e-05,227.3810674601966,0.0
0.9612061693450781,3.9999,899.7558264072252,23.25471998072945,0.8992123785301559,30.06,0.2,14.7093312635901,189285301.65409774,254.5280179827206,1104.1560852221426,12.760880135264443,9.108623798828006,0.06170935153997431,7.807838101894716,1065.2277145971966,1715.8801289360936,254.5280179827206,14.710120165089016,1104.1899055770093,1065.242238714114,7.806931914402431,12.753337049577183,True,137.86813300477814,0.0616245863751697,True,-0.0007889014989164167,116.65988497794245,8.4765164804608e-05,254.51436768397053,0.0
0.9828350566977269,3.0629,899.9768251512446,5.016482823147506,0.8569347588587874,30.06,0.2,14.668474440420546,184444820.0784611,229.28653922824788,1151.8191834211177,12.87973083149124,7.758188653561202,1.3867370158961465,7.773964839900597,1100.6477813141682,1387.0892393613824,229.28653922824788,14.668001194270273,1151.828367440485,1100.6449266930695,7.773575646932319,12.874776772483552,True,134.72827515262344,1.3844601632884832,True,0.000473246150272999,94.55826407562444,0.0022768526076633044,229.29393689413035,0.0
0.9970612377374541,2.728,899.9981880139319,5.000173666921002,0.8806203930429707,30.06,0.2,14.691157218954931,192286429.99457458,226.9444435080981,1167.4195984530213,12.910266952654789,7.3417880027418825,3.611800061743691,7.8027726856230295,1116.062014197915,1273.8647496038343,226.9444435080981,14.691236855324496,1167.4527792136262,1116.063809521665,7.8017915642557085,12.906575163841714,True,140.2340572295106,3.6130071221293276,True,-7.963636956453968e-05,86.71038627858749,-0.0012070603856364492,226.94321331681115,0.0
0.9735699525380231,3.2431,899.9973287469704,5.000192198329389,0.8507781188046569,30.06,0.2,14.672180788160443,181393423.98970056,230.88498140001238,1145.4024755932396,12.86331340271918,7.933518595976302,0.9258794491704427,7.656938824803606,1094.3055673298434,1444.0852170538226,230.88498140001238,14.671588636847586,1145.3960180764184,1094.302432524779,7.656867257070231,12.858016185311762,True,132.4669754192216,0.9233172976663377,True,0.0005921513128566147,98.41800598079078,0.0025621515041049925,230.89430001221172,0.0
0.9907716885316102,2.9035,899.8020875726673,5.051849593224363,0.8680502146599866,30.06,0.2,14.695349044220606,188346043.69193655,228.1697067069688,1158.8943192783975,12.893865340413262,7.567895416384271,2.145321513604834,7.796278752504508,1107.6565444331764,1335.0401561056015,228.1697067069688,14.695182367659154,1158.9171718332805,1107.6555613879295,7.795517523174557,12.889553009366336,True,137.32346253231302,2.1441669173282443,True,0.0001666765614523058,90.8462441746558,0.0011545962765895368,228.17229466683145,0.0
0.9979888660060604,2.7399,899.9849690576372,5.004333554401727,0.8801931187894149,30.06,0.2,14.712640926960697,192371942.48296508,227.07721981517736,1166.8913294731121,12.908503368964391,7.35584717753629,3.491643511673138,7.800224363005711,1115.4978296652134,1279.7776426586033,227.07721981517736,14.71271792829209,1166.9232471261173,1115.4992569256888,7.799255832076845,12.904852377306078,True,140.09158370467648,3.492613792436313,True,-7.700133139287857e-05,86.98563611050088,-0.0009702807631750687,227.07603137070774,0.0
0.9548819852634453,3.5578,899.8669074824567,5.000754145739311,0.8501971720356006,30.06,0.2,14.698098237328713,177790037.39975482,234.11771878717894,1136.9815250888232,12.836029670783887,8.167763882114215,0.5389428099780691,7.306612032199833,1086.0801705648214,1536.1919719787386,234.11771878717894,14.697525020539729,1136.974973241417,1086.0812126129038,7.306736067540723,12.82987818556431,True,129.60639666831221,0.5372217227619788,True,0.0005732167889842543,104.51132211886673,0.0017210872160903223,234.1268495902781,0.0
0.9701919015772779,3.3808,897.0001314362252,5.100008089898728,0.8500059825599255,30.06,0.2,14.715321187622942,180599977.85644367,232.67214932333775,1140.6395272743573,12.84893409774889,8.065374357883229,0.6814336983945882,7.590919866382474,1089.4747190475246,1488.8456459598701,232.67214932333775,14.714835047265618,1140.628603191761,1089.4729092602952,7.590947152523514,12.84360659884118,True,131.49992891746226,0.6793329726902553,True,0.00048614035732441607,101.17222040587549,0.002100725704332951,232.67983621357118,0.0
0.961740887823024,3.6765,896.6520689474436,5.17217242505338,0.851790472879078,30.06,0.2,14.865129481120412,179402678.84159505,236.1875062261256,1133.3035736741283,12.817322752061548,8.272527824574599,0.4186693703051231,7.281604518750529,1081.9035585986862,1588.786302857201,236.1875062261256,14.864528492775424,1133.3130061122051,1081.908429480853,7.281754582504855,12.811226372301244,True,129.31264923413607,0.4177608221163663,True,0.0006009883449884512,106.87485699198953,0.000908548188756797,236.1970555326201,0.0
0.9957399683946591,2.7216,899.8622931472853,5.006710282464496,0.8820039726827833,30.06,0.2,14.676685339517455,192333327.9326169,226.90420965939867,1167.903167620349,12.911453008502374,7.329012392629892,3.7232940329597892,7.785118345200316,1116.6093655260945,1269.4874595334247,226.90420965939867,14.676774847565506,1167.9356878068386,1116.6111650803434,7.784147437034374,12.907854983954719,True,140.40647548608305,3.724541113890216,True,-8.950804805074597e-05,86.49773417331562,-0.0012470809304265806,226.90282585722744,0.0
0.9929749404263573,2.7977,898.7441086948904,5.020602214403492,0.8767680364507348,30.06,0.2,14.673072078440669,190660646.94554392,227.47226776887774,1163.995293905363,12.904573767481697,7.43203547406787,2.9377253120238547,7.794000686617064,1112.7527085250472,1294.9243349739857,227.47226776887774,14.673080746396394,1164.0231876361493,1112.7529057548854,7.793132972032134,12.900718115357916,True,139.22043237898825,2.937591038028772,True,-8.667955725627507e-06,88.2518353898895,0.000134273995082701,227.47213339222026,0.0
0.9652549467690581,3.6208,878.7684044369527,5.138935192188923,0.8500214354035328,30.06,0.2,14.674825751087118,179684236.59630933,236.88572775284223,1130.2704537460093,12.825228006984268,8.354754533219552,0.350945941084801,7.723464742543601,1078.619835857452,1551.0685284462497,236.88572775284223,14.674542755275368,1130.2678783421884,1078.6194710600487,7.723418182348903,12.820073270330232,True,131.19238407302902,0.3500600836908018,True,0.0002829958117498421,105.69334367981321,0.0008858573939991565,236.8902960497858,0.0
0.9585913409085896,3.7408,890.8345727881742,5.091829926742953,0.8505067851429716,30.06,0.2,14.809309310349748,178545681.14468473,237.27061604044513,1130.310156900189,12.812422965929596,8.356225282250822,0.3465832931816033,7.3466550296807,1078.7494923507309,1600.8245023642764,237.27061604044513,14.808587947689812,1130.3258284830865,1078.7554623803915,7.346718322823065,12.806158637167114,True,129.18108381389195,0.3459430867454061,True,0.0007213626599362755,108.08953222655319,0.0006402064361972215,237.28217407442625,0.0
0.9626441888947938,3.9733,893.1140996360203,20.00965225661337,0.890392529872487,30.06,0.2,14.720524159639222,187709116.86428773,252.07203029094245,1107.1716764989546,12.763375442720625,9.020765677967837,0.07548814577917624,7.8120949381008185,1065.888078444782,1699.4633026069025,252.07203029094245,14.720855438178253,1107.1988072512586,1065.8961389876476,7.811683370723553,12.761830176768703,True,136.6203966682736,0.07556746787965085,True,-0.00033127853903103244,115.45163362266885,-7.932210047460753e-05,252.06635765498214,0.0
0.9858973592807612,2.9913,899.1819809786379,5.014877676720097,0.8625699103234347,30.06,0.2,14.674919516987012,186236187.63453692,228.8070341889773,1154.9782495429802,12.886460401851178,7.672851977787765,1.6870968104499144,7.781518368385651,1103.7874967640678,1362.337086987985,228.8070341889773,14.674610534410247,1154.993358143594,1103.785652216523,7.780919257019918,12.881776251457834,True,135.97551498738596,1.6851290220806778,True,0.00030898257676525986,92.83151920159133,0.0019677883692366116,228.81185185598386,0.0
0.9650927213225003,3.6208,897.7862546273915,5.114506658157554,0.8501214169994565,30.06,0.2,14.864228034953285,179675169.33499336,235.42437116949168,1134.6696000699742,12.822145465889372,8.233962625099,0.45757546091122936,7.341034864893293,1083.2147393908117,1574.3104380310206,235.42437116949168,14.863595385875533,1134.6724208024611,1083.2179047835327,7.341289258820432,12.81608900506372,True,129.51718948479632,0.45640203580149435,True,0.0006326490777528448,105.90718168469536,0.0011734251097350046,235.43439169329056,0.0
0.9853941844644407,2.9788,899.9774408427844,5.000006610127463,0.863732130760038,30.06,0.2,14.672735688104869,186391943.0397516,228.63285462028907,1155.8063013062285,12.888003031479856,7.650604122118146,1.776038981999407,7.757777538948445,1104.6509228956115,1357.6129128916402,228.63285462028907,14.672440372809675,1155.8229475488906,1104.6489142504001,7.75714895474102,12.883325785968244,True,136.10936434743502,1.774138339500311,True,0.00029531529519388755,92.52349027285405,0.0019006424990959392,228.63745636186974,0.0
0.9590039343500233,3.9065,887.6592587591181,9.481999641922194,0.8502734343591012,30.06,0.2,14.722445921292802,178573522.0520191,242.74410690406793,1118.085102595174,12.782365021581516,8.704742596014626,0.1562590380771337,7.655267638236403,1069.2710155691734,1660.499250336026,242.74410690406793,14.721801049449919,1118.1390241147947,1069.2861135731162,7.6550652512775725,12.781505817209986,True,129.96288496529596,0.15675320376209242,True,0.000644871842883532,112.78122193877198,-0.0004941656849587195,242.75474003509873,0.0
0.9729547530239424,3.291,899.9797228882794,5.107267610254064,0.8500265938819888,30.06,0.2,14.697954351055746,181118670.84825197,231.48238709054905,1143.7167043516788,12.857814928366048,7.9801420310140365,0.8301733449335845,7.630007428440274,1092.6404985992908,1461.7603708704632,231.48238709054905,14.69745795849041,1143.709164950333,1092.640015732176,7.629828574894798,12.852569744019855,True,132.03352533074084,0.8278298442011034,True,0.0004963925653349577,99.44886175980821,0.0023435007324811297,231.49020518645938,0.0
0.9702207357913738,3.3487,896.9385600552602,5.069764970552598,0.850019063538614,30.06,0.2,14.687493942224744,180608124.6943428,232.27185143066788,1141.5507923435566,12.852864567972093,8.03982794589087,0.7240891899188545,7.619477270783024,1090.4243005509798,1476.404360540731,232.27185143066788,14.686999117063223,1141.539727776968,1090.4221708943146,7.619474617316441,12.847552864683678,True,131.75510088023108,0.7218589233127168,True,0.0004948251615211063,100.5167505504368,0.0022302666061376764,232.27967698818887,0.0
0.9742043475136847,3.3563,896.8870885013813,6.80772793508145,0.8506470573347125,30.06,0.2,14.676377731720269,181483661.40022314,233.69687722172424,1138.326029819027,12.847057545756504,8.128802764689354,0.5903996137793636,7.7700452595375795,1088.3407572493259,1485.355844112803,233.69687722172424,14.676085274176868,1138.3285343303512,1088.3399715723651,7.770036030027211,12.845076899441523,True,132.49226645868853,0.589968648524495,True,0.0002924575434004595,101.2046107630357,0.00043096525486852055,233.7015342139218,0.0
0.9621769355479891,3.5195,899.8654352785275,5.000168237013702,0.8509047005675958,30.06,0.2,14.769641549294114,179297374.51097953,233.87544576935932,1138.0582485497205,12.83627892983745,8.138264077056071,0.5740287941628376,7.355914677173901,1086.9164222996053,1533.213202862888,233.87544576935932,14.769106710889995,1138.0500593711147,1086.9166609380022,7.356032991503997,12.8303050530643,True,130.0717325656157,0.5721837430654281,True,0.0005348384041194976,103.80371320374363,0.0018450510974095113,233.88391517598131,0.0
0.9858973592807612,2.9905,899.9066473385786,5.000467754995642,0.8625699103234347,30.06,0.2,14.681195170091055,186236187.63453692,228.74298225516716,1155.1813757183488,12.886460112923736,7.667465577959192,1.7074213990476321,7.76789309276934,1103.9872290997482,1362.8326416210311,228.74298225516716,14.680866010410567,1155.1969793424814,1103.9849024027312,7.767313373240034,12.88174559899679,True,135.91757620025777,1.7054605184985923,True,0.0003291596804881891,92.8254060549094,0.0019608805490398673,228.74811090131783,0.0
0.9631059616034788,3.7568,895.9230761605348,10.155896701294788,0.8500063027726569,30.06,0.2,14.71416379936744,179281006.7589973,240.706908452107,1122.2082257418012,12.796880558972244,8.585462376148019,0.20576416765139563,7.684787703818696,1074.2095794306515,1620.9329490429602,240.706908452107,14.713836933554965,1122.2458685753684,1074.2182706272085,7.685007664299697,12.797229429364185,True,130.54840407943752,0.20630423348511534,True,0.00032686581247531876,110.15850437266948,-0.0005400658337197106,240.7122557221328,0.0
0.9970742258520322,2.7359,899.9959269400723,5.000173666921002,0.8796759514618406,30.06,0.2,14.692548508689654,192082710.1059857,226.98941986664232,1166.9516452085345,12.909446775649828,7.354097789441532,3.51053079866053,7.809288826479283,1115.5858008300652,1277.024025500118,226.98941986664232,14.692609894263187,1166.9848318013176,1115.5872751604484,7.808329014364515,12.905693999216028,True,140.07239364964127,3.5116172363082634,True,-6.138557353274621e-05,86.91702621700105,-0.0010864376477335291,226.98847150717285,0.0
0.9821642406723078,3.1531,899.9947178168143,5.000323331206005,0.8500996212792001,30.06,0.2,14.693573863209952,182848754.26331905,230.075364847215,1147.7745243332595,12.869482510292489,7.868456302978686,1.0739497637224866,7.79097687599055,1096.4595700197976,1421.5355718091137,230.075364847215,14.692931367178161,1147.7753449656102,1096.4567483707292,7.790867244598777,12.864412414010816,True,133.33580255160962,1.07158223369917,True,0.0006424960317907846,96.7395622956054,0.0023675300233165775,230.08542563802885,0.0
0.962949385125709,3.6791,897.1891127007449,9.923645155338821,0.8508399753485527,30.06,0.2,14.677779162450564,179427667.59282237,239.47026462323424,1124.893062877087,12.807298282901758,8.508067666929087,0.24651292461259927,7.692350246401124,1076.9575601234446,1592.4523644760477,239.47026462323424,14.67756980255292,1124.9180736108792,1076.9626482189858,7.6925926498670165,12.807240969623818,True,130.978038019823,0.24690731754611767,True,0.00020935989764403473,108.49222660341124,-0.0003943929335183949,239.47368041145836,0.0
0.9612773828261469,3.9843,899.8388613536686,17.04434100812845,0.863245265432796,30.06,0.2,14.715577769077765,181727643.2816927,248.52657665838777,1108.9155168919324,12.768978212184688,8.969323757035074,0.08500933815853756,7.790476665239927,1065.3571311659095,1710.1302741953216,248.52657665838777,14.715715120084672,1108.9749274546657,1065.380156913344,7.789904062712248,12.763947223306745,True,132.3131004110283,0.08514133111167449,True,-0.0001373510069075934,116.21347624735947,-0.00013199295313692794,248.5242570038369,0.0
0.9612223810258784,3.9999,899.3399636610211,22.91808605696066,0.8994481739898416,30.06,0.2,14.721909116235505,189338130.20437562,254.31354047740618,1104.6639179941442,12.760618021289496,9.093935338630047,0.06377760982223325,7.783416370846229,1065.5084828156168,1715.3580063181432,254.31354047740618,14.722643684183193,1104.6927759133273,1065.5219355516417,7.782611839046972,12.753284357041409,True,137.78930381896677,0.06367542910923589,True,-0.000734567947688447,116.5242366584394,0.00010218071299736287,254.30085182042953,0.0
0.9972222984434966,2.6791,899.7234516675189,5.031401886012502,0.8850759116562977,30.06,0.2,14.670017513156303,193290525.71972767,226.67182557921976,1169.9382336808085,12.91535127511104,7.2755738824672775,4.212725829041315,7.7950555494699305,1118.6290719962471,1254.3097325606107,226.67182557921976,14.670183724250313,1169.971447092442,1118.6340292961495,7.793921187685747,12.911956942548896,True,141.16864228511807,4.214654535734033,True,-0.00016621109400993817,85.50318329410169,-0.0019287066927171637,226.66925741969163,0.0
0.9855739077790411,3.0081,899.9870668852985,5.001060474207313,0.8598158897050784,30.06,0.2,14.673203119740798,185580666.16924497,228.8365827879308,1154.091483144724,12.884705108999826,7.696733020478241,1.5970178131188326,7.7924993835975025,1102.8771038234222,1369.4013800899222,228.8365827879308,14.672816201634665,1154.1059932800754,1102.8747998631145,7.791973156890133,12.879858756368625,True,135.5134728780456,1.5949878135356674,True,0.000386918106132228,93.3231099098852,0.0020299995831651874,228.84261714534452,0.0
0.9607433398079152,3.6374,899.9870060544645,8.630449160283346,0.850011806294826,30.06,0.2,14.690419395837099,178842365.5172871,237.73803844713518,1128.6312393021672,12.816023525300194,8.402086235135236,0.314374477428565,7.566629054331538,1079.9712171612605,1576.3032891611279,237.73803844713518,14.69011700949549,1128.6457344321502,1079.9763620721428,7.566880980683009,12.817652716895374,True,130.43927429116786,0.3149101038620105,True,0.00030238634160895117,107.29876415596732,-0.000535626433445513,237.7429321274007,0.0
0.9640057664631351,3.5744,898.8711171961439,5.18192410454661,0.8500204036340904,30.06,0.2,14.817055600918634,179451481.2361981,234.77870832326323,1135.9345104862712,12.828368916830945,8.197984108079815,0.4986797023518646,7.3633346339777646,1084.7042112731344,1556.0347333212412,234.77870832326323,14.816554200446424,1135.9333840224342,1084.7081693085445,7.3633907790751465,12.822527053102583,True,129.766639112249,0.4973234757269438,True,0.000501400472209923,105.01206921101422,0.0013562266249207977,234.78665336592468,0.0
0.9973183589669494,2.728,899.918607315057,5.031116085193489,0.8805602045069838,30.06,0.2,14.691869231074985,192322870.8824611,226.97659489295884,1167.328456453773,12.910124130935447,7.344181500753649,3.5917752651833386,7.809100494569213,1115.9841694225397,1274.108262655665,226.97659489295884,14.691940998373772,1167.3610680879656,1115.9858598679032,7.80813805123791,12.906489314296866,True,140.25391119215996,3.5929470817807783,True,-7.176729878644039e-05,86.72268370079888,-0.001171816597439701,226.97548615605982,0.0
0.9621462263996867,3.9703,895.9958926359526,13.737576456011855,0.850012212459282,30.06,0.2,14.717154367961216,179103598.42757943,245.9849195107181,1111.4017003472422,12.7678369197096,8.898132223161046,0.10014093496531588,7.806099833681366,1065.3942873526614,1701.2309066199734,245.9849195107181,14.716717556995658,1111.4755519407695,1065.4197609084972,7.8056919373664035,12.770310230591706,True,130.39369129548797,0.10075063533882474,True,0.0004368109655583652,115.59122821523013,-0.0006097003735088535,245.992220657172,0.0
0.9731341038165366,3.2473,899.8020875726673,5.051375573934706,0.8509915782840479,30.06,0.2,14.668072053152313,181357708.68471146,230.97525113906738,1145.1965781690094,12.8630420831932,7.939126629085813,0.9142564785624675,7.655796112016322,1094.1493272048049,1444.8433188665974,230.97525113906738,14.667603830351592,1145.190418039823,1094.1489732076068,7.655501591685581,12.857791824847396,True,132.47687419231423,0.9117545697607954,True,0.00046822280072156275,98.49837694675315,0.0025019088016721147,230.98262438695684,0.0
0.9729070797358113,3.3396,898.7564113942956,5.719593754755382,0.8503456260303038,30.06,0.2,14.706679774898426,181177770.4759906,232.5683298234218,1141.0825685574662,12.851431133286821,8.05283268580608,0.7018113512217885,7.654619719788144,1090.3740653038492,1479.1175545389815,232.5683298234218,14.7063384941261,1141.0799286136544,1090.3754527416056,7.6543907288729365,12.84708652486097,True,131.9968528354205,0.7003196413030358,True,0.00034128077232509213,100.57147698800131,0.0014917099187526928,232.57372689076473,0.0
0.9582577421493446,3.7541,896.9888734090301,9.743172952813417,0.8514111312909355,30.06,0.2,14.68701038616087,178673327.6096017,240.17448894268583,1123.5421136270859,12.801003050266853,8.54717747961243,0.22514216013956354,7.588576001110614,1075.4815853391833,1613.0881320606584,240.17448894268583,14.686696652390387,1123.572668635171,1075.490013579394,7.588772876901576,12.80036243572453,True,130.34633497518783,0.22552433351007306,True,0.0003137337704828269,109.828153967498,-0.0003821733705095254,240.1796194938079,0.0
0.9702207357913738,3.3487,899.5375787289036,5.085085597858648,0.850019063538614,30.06,0.2,14.711507950878705,180608124.6943428,232.10185746622102,1142.0959334830618,12.852442283526058,8.025114951508755,0.7478174033277994,7.571039893622658,1091.0082773409501,1479.4812712314967,232.10185746622102,14.710968468394231,1142.0859989192427,1091.0063388347605,7.571045764458255,12.847063827798694,True,131.5404253944236,0.74554748334253,True,0.0005394824844735524,100.56143207179741,0.0022699199852694862,232.1103691347074,0.0
0.9974180681687442,2.7826,899.9808573404694,5.000106118299685,0.8770345227326254,30.06,0.2,14.727386427377173,191571978.7962685,227.37254543374675,1164.7918778165897,12.904110195410361,7.4113406623589775,3.06973839062231,7.8006475821552925,1113.3840652263104,1296.046423904856,227.37254543374675,14.727410509829836,1164.8218956616415,1113.3843470417987,7.799737418029914,12.900299051361827,True,139.36984470585122,3.070043795468413,True,-2.4082452663165554e-05,88.00270072789553,-0.00030540484610286356,227.3721736312117,0.0
0.9544963213773646,3.5578,899.8679167247107,5.388853403986168,0.8500988389089578,30.06,0.2,14.67573268591018,177697675.6656527,234.3648025164536,1136.2821887304065,12.835838096396623,8.186959997751014,0.5164257868244437,7.339474076259032,1085.6872826769243,1535.5715248713238,234.3648025164536,14.675205533098266,1136.281025348024,1085.6886913429337,7.33959314188425,12.830269925263986,True,129.73608196166245,0.5150870110101284,True,0.0005271528119141777,104.62872055479116,0.0013387758143152961,234.3732212104461,0.0
0.9609557712061244,3.9996,899.9892094152739,22.403487863597714,0.8993565992394904,30.06,0.2,14.747778824280905,189266342.78528494,253.83354060409184,1105.6913426825465,12.760166301328299,9.064243380635865,0.06817069377238712,7.723885140567319,1066.2037499244925,1715.6272423137914,253.83354060409184,14.7485215666317,1105.717748133639,1066.217720781285,7.723128819307309,12.758459556144393,True,137.49538647232743,0.06823215552020578,True,-0.0007427423507948561,116.33815413176441,-6.146174781866687e-05,253.82075742987283,0.0
0.9924638240313285,2.7659,899.9827211777172,5.00021058921823,0.8801048207178158,30.06,0.2,14.669881384305414,191287746.27715918,227.16644109325725,1166.0559671934293,12.90798676917027,7.377665442304409,3.3302410179754607,7.749554917439718,1114.8620912995548,1282.99317807761,227.16644109325725,14.66995170487105,1166.0861077980276,1114.862802890539,7.748613029904508,12.904291801510716,True,139.708133229556,3.3307531047916545,True,-7.032056563538447e-05,87.45830786370124,-0.0005120868161938574,227.165352168566,0.0
0.9628266891536108,3.7095,899.9563904239476,10.051671321512613,0.8500805662016899,30.06,0.2,14.71800589550877,179244679.42872924,239.69819907583897,1124.4486298869688,12.802866995587987,8.521400259338915,0.23840671209150066,7.631985655917296,1076.5518213410362,1607.4007989760764,239.69819907583897,14.717811006254857,1124.4797685451006,1076.5623095783253,7.632092042741615,12.802750456670573,True,130.48670806744158,0.23887596797457458,True,0.0001948892539118674,109.21149100839739,-0.0004692558830739213,239.7013730942553,0.0
0.9855765186775127,3.0244,899.9109497139575,5.000959685560312,0.8586350107378585,30.06,0.2,14.679484886456258,185326278.9428461,228.9843549415583,1153.3303485012407,12.882842794309102,7.71732977291531,1.522394201632771,7.796328792224511,1102.0906479517091,1375.7336746404749,228.9843549415583,14.67912971869695,1153.3432402191536,1102.0898501250367,7.795719874331711,12.877966775635938,True,135.26951127286097,1.520283923246656,True,0.00035516775930766187,93.71484366869734,0.0021102783861148833,228.98989531498776,0.0
0.9735845902087378,3.298,898.7553153772686,5.03640417342068,0.8500257260263987,30.06,0.2,14.704343012059569,181235732.03790313,231.61854291770817,1143.3771233412067,12.856849636457348,7.989522333744066,0.8120817514585225,7.642713427438887,1092.1947706695182,1463.987088323602,231.61854291770817,14.703787782179528,1143.3679515399042,1092.1923434273158,7.642694708490545,12.85157024476781,True,132.0619858949016,0.8096966117253346,True,0.0005552298800406419,99.55655702280657,0.00238513973318788,231.62728906786379,0.0
0.9864521592948434,3.0081,899.9870668852985,5.001060474207313,0.8591524134701218,30.06,0.2,14.679226407077438,185602707.56480837,228.84190269140922,1153.9467878978387,12.884298150707744,7.7006568309848795,1.5820044847404977,7.806971049493814,1102.6936677435128,1370.6216628392046,228.84190269140922,14.678831513897805,1153.9614448010016,1102.691577980782,7.806446575625713,12.87944388449687,True,135.47402845462076,1.5800027952380722,True,0.000394893179633371,93.36787423678845,0.002001689502425519,228.8480590470089,0.0
0.959240257838617,3.9944,899.8684468230508,24.592168248611344,0.9078105718015375,30.06,0.2,14.679468633290366,190704393.38220492,255.70916329160224,1103.4275083589337,12.760753306126936,9.129824409993688,0.05888883529977944,7.8028582516459775,1065.6124432247657,1710.413284117518,255.70916329160224,14.680310253035428,1103.470043678675,1065.6257899209284,7.8019219893058,12.756047366250364,True,139.18379941895296,0.058921498033812324,True,-0.0008416197450618057,116.52536387264928,-3.266273403288583e-05,255.6945035278023,0.0
0.9928620439891963,2.8054,898.7441086948904,5.020602214403492,0.8767680364507348,30.06,0.2,14.680004109656755,190638969.75423664,227.5467826982886,1163.734011865462,12.903724673588805,7.43902383222542,2.8894667472361686,7.7848169844323465,1112.4931552620276,1297.8273149260856,227.5467826982886,14.680002848285655,1163.7610561680012,1112.492985461666,7.7839720981437726,12.899895909704163,True,139.13896416324582,2.889224565437673,True,1.2613711000142303e-06,88.4078185350428,0.0002421817984954444,227.54680225011967,0.0
0.9970837069584979,2.6957,898.4018975016053,5.018102344809481,0.8843703501864247,30.06,0.2,14.671015630954091,193109597.48510364,226.8673401647545,1168.966640627031,12.913785035097161,7.301006652369939,3.972838199684672,7.80788061498597,1117.6347201685921,1259.342892083982,226.8673401647545,14.671130170612106,1168.9973774542084,1117.6377227001194,7.806899667932679,12.910364925656395,True,141.02740399445221,3.974046462694672,True,-0.00011453965801422328,85.83993617030228,-0.001208263010000099,226.8655689782641,0.0
0.9637272870218406,3.8684,899.8160112019997,13.06594280095637,0.8500863448573643,30.06,0.2,14.728475354905711,179413558.88111103,243.8917246977243,1115.6594872577994,12.779189671010652,8.774233938950932,0.13309936358738308,7.758295208416546,1069.4454763714675,1669.8651256068347,243.8917246977243,14.728142980659452,1115.7191505344656,1069.463649362306,7.758359219639592,12.7820199107877,True,130.51802480416822,0.13380111008280623,True,0.00033237424625909284,113.37369989355608,-0.00070174649542315,243.89722867254798,0.0
0.9626630776075277,3.9066,887.2356609180273,9.92374824204018,0.8501719407448036,30.06,0.2,14.747069633347293,179233484.2834685,243.2131878140403,1117.1808871238404,12.778982997350388,8.73105968677486,0.14682577184031473,7.7178637385279325,1068.5212672852456,1666.3230562620054,243.2131878140403,14.746446571576822,1117.2409610858494,1068.5363719388058,7.717659725824206,12.77922824037339,True,130.225186851552,0.14742617464583982,True,0.0006230617704705566,112.98800096248831,-0.000600402805525091,243.22346397370126,0.0
0.9648587241071759,3.8998,899.5174421716132,13.06594280095637,0.8500863448573643,30.06,0.2,14.765252360588446,179624194.35534084,244.36262968948404,1114.886974035528,12.774174594608475,8.797246143960813,0.12591593425817485,7.742608617539288,1068.528508603662,1683.5309553407455,244.36262968948404,14.764925847702672,1114.9532397698722,1068.5507731315583,7.742484887220494,12.776977789104125,True,130.3457233292476,0.12663382946900256,True,0.00032651288577412174,114.01690636023645,-0.0007178952108277126,244.36803354645008,0.0
0.9612835086761048,3.9755,899.347269346501,18.221858116185658,0.8722573423303703,30.06,0.2,14.718951518006566,183626007.17110273,249.57869309679032,1108.5880408288745,12.767980309389115,8.978960534833298,0.08312474013226594,7.776797970554971,1065.9586270894463,1706.115178214425,249.57869309679032,14.7192446102454,1108.621212341244,1065.9762523532113,7.776307819045855,12.765683781578298,True,133.6632114962774,0.08321579715517188,True,-0.000293092238834447,115.91548160051292,-9.105702290594653e-05,249.57372344108705,0.0
0.9930970933029465,2.7822,899.9403986862778,5.0002068697198885,0.8783469763958368,30.06,0.2,14.681511219831123,191027497.58462647,227.28946085251545,1165.1224236609837,12.906004924746162,7.4023571737805725,3.1436904452648293,7.7631618219744425,1113.8874176551815,1290.2295812488603,227.28946085251545,14.681595963238435,1165.1521079225436,1113.8889011028234,7.762152602781694,12.902211482104983,True,139.40740458541066,3.14395094123988,True,-8.474340731190466e-05,87.88205626710479,-0.0002604959750507341,227.2881489186217,0.0
0.9893261018048828,2.918,899.9420601254134,5.009418536393876,0.8665120992778595,30.06,0.2,14.682533153188498,187737989.99767244,228.1930822243594,1158.2390144695942,12.893021504342256,7.585331979710499,2.062693691619847,7.793983972571772,1107.0053062242448,1338.9740308266494,228.1930822243594,14.682320496407634,1158.2613200138837,1107.0039816295684,7.793262250102916,12.888522581890278,True,137.00003788590027,2.0613495605741363,True,0.0002126567808637958,91.19304433845912,0.0013441310457107392,228.19638734266772,0.0
0.9735845902087378,3.298,895.955414689362,5.036630667694409,0.8500017432248224,30.06,0.2,14.677717973976549,181230618.61548904,231.8107095280599,1142.759151573723,12.85728857436319,8.006171997289261,0.782955671369518,7.696533886020711,1091.5489922959343,1460.6955897771647,231.8107095280599,14.677218618437978,1142.7490487362957,1091.5466170363873,7.696501011573184,12.852094613174225,True,132.29731589497493,0.7806367910745605,True,0.0004993555385706117,99.51339363308497,0.002318880294957526,231.818596305842,0.0
0.9694971650724241,3.7415,897.0243756078925,10.839136972589202,0.8503757123482864,30.06,0.2,14.771302520530567,180549153.43779972,241.11888095664378,1121.6622467155576,12.793328552156709,8.60153702115193,0.19752037269398817,7.753496246732364,1073.938774989913,1627.1847186173852,241.11888095664378,14.771041317301778,1121.7037768335422,1073.9471542673466,7.753756170372819,12.795068446568346,True,130.9626839334008,0.19821686889700688,True,0.0002612032287885313,110.15619702324298,-0.0006964962030187039,241.12314477453413,0.0
0.9626630776075277,3.7673,898.287150815151,9.92374824204018,0.8508288481356028,30.06,0.2,14.757619570293956,179371973.68174404,240.4901496358021,1123.0795294526608,12.795812296740673,8.561205016970604,0.2169433701899992,7.592711372092006,1074.9291446178975,1627.219563566692,240.4901496358021,14.757266941869464,1123.1163603797968,1074.9395830355509,7.5929466730660495,12.795462693157504,True,130.2302508135075,0.2174301260707349,True,0.00035262842449235166,110.25989882229462,-0.0004867558807356842,240.49589620546885,0.0
0.9970443784026929,2.6643,899.984945983446,5.000081294568391,0.8877017469579952,30.06,0.2,14.675473835208846,193829389.96023905,226.5830510043432,1171.1134222285991,12.916840662505077,7.244946178074347,4.518865339497111,7.761184883136696,1119.8081138528414,1248.4701726563258,226.5830510043432,14.675602161993266,1171.1463648455212,1119.8119233014218,7.760151110020195,12.91358947739594,True,141.50993199025484,4.52114973079742,True,-0.00012832678442009637,85.07311901408835,-0.0022843913003089966,226.58106971089992,0.0
0.9907137813377398,2.9291,899.9493487445867,5.094702090880381,0.8680175541196893,30.06,0.2,14.720621311635359,188327949.37571034,228.458455735353,1158.0101496619022,12.890782026715566,7.591805773534592,2.026916210861737,7.769854446762439,1106.7896081139495,1345.2509547242441,228.458455735353,14.720433465511816,1158.0300630377683,1106.7880838580602,7.769140744780426,12.886601134652052,True,137.07473100736846,2.025586801948165,True,0.0001878461235431672,91.38372472798454,0.0013294089135720277,228.46137107309772,0.0
0.9726727416842653,3.2737,899.9091172531793,5.006394080638038,0.8503636320432263,30.06,0.2,14.684540239279453,181137966.82141128,231.21590443085117,1144.434961817966,12.860138221391754,7.960264167300046,0.8698476395044509,7.632695343141425,1093.3253722623365,1454.5353223468198,231.21590443085117,14.683959790113194,1144.4268021950597,1093.322621861972,7.632645041730076,12.854803768684212,True,132.16897607797424,0.8673304970675619,True,0.0005804491662591005,99.04692835287693,0.0025171424368889417,231.22504427329633,0.0
0.9581786240497786,3.8654,899.8192060271488,12.1233562764351,0.8500866869718358,30.06,0.2,14.692756089503327,178380656.5242497,242.99924851052486,1117.3708464494423,12.783300640796426,8.724793207995017,0.14951034140471284,7.658123967023757,1070.7354300230434,1659.1073683950708,242.99924851052486,14.692365356224908,1117.4351591090658,1070.7530504507665,7.658241023933372,12.78587889267864,True,130.08261594127342,0.1503249286962066,True,0.0003907332784187645,112.91663256925145,-0.0008145872914937513,243.00571090719973,0.0
0.9547956496264937,3.574,898.8711171961439,5.241499866553498,0.8500217147604284,30.06,0.2,14.689481160399597,177737274.86826107,234.5449704210044,1135.890118754494,12.834017889321975,8.198074125879433,0.5029063598075484,7.334618862375551,1085.1227814824447,1541.0159792487416,234.5449704210044,14.68893501066838,1135.8880572128649,1085.1243570944312,7.334744259449099,12.828206015520461,True,129.64370416466508,0.5015180074585621,True,0.0005461497312158059,104.90126625633931,0.001388352348986266,234.5536910445527,0.0
0.9726727416842653,3.2737,899.8611283036349,5.006394080638038,0.8503636320432263,30.06,0.2,14.684090531208142,181137966.82141128,231.2191616746456,1144.4244963573026,12.860145689441007,7.960545447848826,0.8693110678974714,7.633605300289883,1093.3144141395337,1454.4791723511412,231.2191616746456,14.68352470989134,1144.4163171476293,1093.312014120319,7.6335270581845025,12.854812628741488,True,132.1728923112064,0.866794082796483,True,0.0005658213168011628,99.0462693634392,0.0025169851009884114,231.2280715742176,0.0
0.9801088820625663,3.2995,896.9056945666305,5.064167580999736,0.850019063538614,30.06,0.2,14.773352857768284,182448818.7641173,231.97191822448727,1142.8290391157927,12.85323668697141,8.005081105661358,0.7798436381870409,7.70360792252365,1091.3687519069858,1472.1942285510343,231.97191822448727,14.772833769733124,1142.8200920326299,1091.3666614178271,7.703614540782288,12.84817429330589,True,132.32456297435203,0.7776373201447492,True,0.000519088035160209,99.64735525013523,0.002206318042291766,231.98006925692428,0.0
0.9893261018048828,2.918,899.9420601254134,5.009733057391327,0.8665120992778595,30.06,0.2,14.682518954545747,187737989.99767244,228.19330289712423,1158.2384259835935,12.89302115741397,7.58534756706845,2.062621655003416,7.794012989651997,1107.004962353143,1338.9740308266494,228.19330289712423,14.682306316076376,1158.260731257034,1107.0036386846036,7.793291262810663,12.88852269457983,True,137.00017020202813,2.061277960701127,True,0.00021263846937102926,91.1931326950961,0.001343694302288867,228.19660773722254,0.0
0.9854779892188453,3.0626,899.9375001640685,5.007215414032604,0.8555623515083023,30.06,0.2,14.69152982020107,184644620.5231785,229.31524670802327,1151.5299139809215,12.878467486804375,7.7661532573144285,1.3594005207573203,7.807223622041233,1100.2373402929784,1390.656565346491,229.31524670802327,14.691034120026831,1151.5392396162442,1100.234810130102,7.80685615071017,12.873527748875162,True,134.66276122756597,1.3571905545425706,True,0.0004957001742393885,94.6524854804573,0.00220996621474967,229.32298418972948,0.0
0.9664001787921079,3.5921,881.2088450993383,5.437588845098909,0.8503248237329016,30.06,0.2,14.680567391978744,179961632.65273875,236.5800755608647,1131.0769715887407,12.827268307734716,8.332016307002196,0.3696651947720104,7.723579755943497,1079.7021633858403,1544.9693930199257,236.5800755608647,14.680332132884889,1131.0761712948577,1079.7012978490493,7.723567912913152,12.82262904906341,True,131.34310125937608,0.3688612105060592,True,0.00023525909385568866,105.23697430148863,0.0008039842659511853,236.58386686570012,0.0
0.9550468852688087,3.5904,894.7799726242795,5.18115374027015,0.8500629293043279,30.06,0.2,14.669668627553733,177792663.0452523,235.0154873049719,1134.663647022676,12.832594465986183,8.2320376869887,0.46570373340519566,7.395649167284711,1083.7531623210966,1542.6779313364389,235.0154873049719,14.669162983962426,1134.6605849987918,1083.7541954881128,7.395732684697914,12.826813122754706,True,129.85890141470114,0.4643923621085533,True,0.0005056435913068924,105.15658589027078,0.001311371296642383,235.02358824945958,0.0
0.9628266891536108,3.7095,899.9563904239476,5.359186137968074,0.8500805662016899,30.06,0.2,14.91867155704858,179244679.42872924,236.47410519432114,1132.590308612691,12.811704595131241,8.29332286578363,0.3976625486704189,7.2355453083011465,1081.2281849947512,1607.4007989760764,236.47410519432114,14.917935454826505,1132.6102221529832,1081.2369400267437,7.235837679217055,12.805598501445257,True,128.73622586586606,0.3970649168146422,True,0.0007361022220742086,107.73787932845508,0.0005976318557767146,236.4857736396515,0.0
0.9554071499872121,3.5904,894.7799726242795,5.18115374027015,0.8500629293043279,30.06,0.2,14.674539868779334,177859730.35333338,235.02609705917195,1134.6617197953185,12.832372906173761,8.23213493979755,0.46544490208857286,7.3969908073354915,1083.7348785977738,1543.2598634269912,235.02609705917195,14.67402925458937,1134.6587327475686,1083.7358354288738,7.3970854123043255,12.826593983862132,True,129.86480638747747,0.46413711265923174,True,0.0005106141899648975,105.16129067169447,0.0013077894293411219,235.03427529420804,0.0
0.9694971650724241,3.7411,897.0243756078925,10.95708681297852,0.8502602969840826,30.06,0.2,14.764945320102889,180524648.80296817,241.1944470549545,1121.4468545876286,12.793231296944242,8.607618637399302,0.1948575464757616,7.765825492625204,1073.809834232473,1627.0301565327668,241.1944470549545,14.764689499675278,1121.4889113394363,1073.8181478667586,7.766085516824138,12.795174331968909,True,131.00124224005026,0.19557002610706217,True,0.0002558204276112974,110.19320481490425,-0.0007124796313005832,241.19862611111307,0.0
0.985238221089456,3.0254,899.9467376828916,5.0889155224888745,0.859297348524466,30.06,0.2,14.677901871811507,185405574.7487964,229.06430699875094,1153.283231213039,12.882775663088324,7.718596250896439,1.518124815670508,7.790212583474375,1102.1281908812466,1375.6951195822103,229.06430699875094,14.677507562550224,1153.2963053838273,1102.1259296688588,7.7897146965242134,12.878031027668818,True,135.34234558655598,1.5161313171727897,True,0.0003943092612832544,93.72196141219496,0.001993498497718349,229.07046078046722,0.0
0.9703443714427373,3.8684,899.8160112019997,13.06594280095637,0.8500863448573643,30.06,0.2,14.816022254557904,180645437.11197293,244.11528370032607,1115.592271312815,12.774440545060536,8.777114407495954,0.1314382236400551,7.7853420353462575,1069.0931368803567,1681.3306497820377,244.11528370032607,14.81569411815631,1115.651552261826,1069.112188295097,7.785391347884573,12.777397331675086,True,130.63760703778388,0.13213583702031587,True,0.0003281364015936816,113.4776766625422,-0.0006976133802607531,244.12069033940276,0.0
0.9597787508857859,3.9998,878.7289522865764,24.94506474765584,0.9429347364170532,30.06,0.2,14.684417691801677,198194149.60851043,259.39766484659066,1103.0039698490016,12.756217577628558,9.143082975634023,0.05709893465158935,7.811881492168168,1065.7691886607079,1685.594913079849,230.70066527096364,14.68460851306761,1103.0151310802369,1065.7717700183848,7.8114269175151145,12.760100781203171,True,144.60778739288762,0.057246507419908374,True,-0.0001908212659333941,114.78987745370304,-0.00014757276831902505,230.6976673978532,0.25
0.9886082889763167,2.9222,899.9982215744711,5.0040829122348365,0.8651511991663589,30.06,0.2,14.667300209590712,187307137.45109197,228.16636727285146,1157.857851840442,12.892989061873081,7.595393722873428,2.0175476759456843,7.807849093406242,1106.6368143313052,1339.72241954666,205.33117605833883,14.667109365132744,1157.8804559352377,1106.636777183971,7.807040836094295,12.888374292788226,True,136.827382752513,2.016162058895058,True,0.00019084445796835325,91.33898452033847,0.00138561705062612,205.33384777203668,0.25
0.9600190740219031,3.9998,897.7704721230837,24.453652361370654,0.909720678430958,30.06,0.2,14.690425092010917,191260811.27468282,255.97074581886753,1103.3259216091712,12.7600100537755,9.132932422834465,0.0584252964116588,7.808514796952232,1065.3846894336248,1711.0960892552098,226.85150524995856,14.691198178088245,1103.3668466186334,1065.3965701715888,7.807615978446476,12.755147016683784,True,139.48644304583837,0.05844732170867767,True,-0.0007730860773271786,116.48430277302916,-2.202529701886974e-05,226.83956777976698,0.25
0.9832078686299442,3.1311,899.9997292119355,5.000497567185372,0.8503577566626747,30.06,0.2,14.687902132788299,183098627.25791314,229.86169946469536,1148.464307554545,12.871570769571846,7.849528979835512,1.1222224701536145,7.813070288346552,1097.1405181205553,1414.415139479058,205.7872072960416,14.687351591016975,1148.467199895135,1097.1400265236373,7.812749522996085,12.866525619425001,True,133.56873730282558,1.119899312259429,True,0.0005505417713234095,96.29296216186978,0.002323157894185579,205.794921038912,0.25
0.9890859681625135,2.925,899.8916854056272,5.023414217168822,0.8651080639259933,30.06,0.2,14.674272727930608,187388297.77742356,228.22864885150446,1157.6949030548603,12.89242270454724,7.59980500243141,1.9962095154575878,7.811035897580716,1106.4667824190594,1341.3576756731163,205.37644860038037,14.674045357358786,1157.7170463257203,1106.4657564983986,7.810309555196248,12.887853024281823,True,136.8219678354833,1.994828118764602,True,0.00022737057182276033,91.40668101602117,0.00138139669298587,205.37963085581302,0.25
0.9868970395049308,2.9696,899.9983290277843,5.001058592512344,0.8618438546630751,30.06,0.2,14.667586811005616,186268106.85591385,228.51824724142568,1155.6982757564447,12.888477740793249,7.653372537108492,1.7653731045845797,7.804732337186718,1104.4816629032975,1356.081512999093,205.40467153070313,14.667252598693166,1155.716644201296,1104.4796831296392,7.804135346279479,12.88370688716977,True,136.06704479141374,1.7635995552810457,True,0.00033421231245078786,92.45120245001195,0.0017735493035340166,205.40935194169344,0.25
0.9832212997506588,3.0762,899.9971505037526,5.000756844941382,0.8544404079006146,30.06,0.2,14.667270641174179,183980215.0076657,229.36068951115413,1150.9363963707856,12.878055676402806,7.78207909768966,1.312620875541924,7.8015552752752155,1099.7074290559353,1392.8787181385705,205.6194163013236,14.666746936368865,1150.9444778183233,1099.7048489368617,7.801217447355574,12.87303136227214,True,134.40039552873563,1.3103383016598036,True,0.0005237048053139404,94.9602939824185,0.0022825738821203867,205.62675834362173,0.25
0.9856693302955885,3.0263,899.8538504474515,5.022160653813126,0.858515752974366,30.06,0.2,14.680189415442923,185317988.28440768,229.02269177449563,1153.1953467107892,12.88256696675194,7.720975162708779,1.5095965280025176,7.799635164866731,1101.9650362359673,1376.546621208401,205.58044279778395,14.679776362907207,1153.20812648687,1101.9628631221008,7.79914737660567,12.877716430353157,True,135.25750157154133,1.5075167756655572,True,0.00041305253571621847,93.7651902029543,0.00207975233696045,205.58622732209088,0.25
0.9832078686299442,3.0886,899.9971505037526,5.0004544414593015,0.8546113489088624,30.06,0.2,14.680852207394807,184014508.71497005,229.50382049170486,1150.5986840516534,12.876571539552828,7.791393885459772,1.283578866833055,7.7856669217529095,1099.354931781164,1397.7276477250794,205.70193848956475,14.680335377342425,1150.6053862209392,1099.3523178116468,7.785334826109583,12.871560102020858,True,134.30102046503944,1.281244129936104,True,0.0005168300523816782,95.20280002666541,0.002334736896951073,205.70918035025198,0.25
0.9870673620609636,2.9723,899.8571698304282,5.032531268635925,0.861841327589926,30.06,0.2,14.66990424105551,186299707.4711581,228.58298634349032,1155.52271570534,12.888064201729552,7.658104539903178,1.745966438763843,7.807950356068452,1104.319924926201,1357.2222264596658,205.4536222358959,14.669558460638521,1155.5407315571963,1104.3176102452408,7.807387074512197,12.883345463955541,True,136.0687371531804,1.7442171151436476,True,0.00034578041698907214,92.51424919030993,0.0017493236201953088,205.45846504281195,0.25
0.9852861530929699,3.0092,899.8950413172523,5.005572705554769,0.8595319568538168,30.06,0.2,14.667231021110052,185465217.2938013,228.8406285556025,1153.975025628934,12.884748108518622,7.699818432050485,1.586357790219844,7.797074304370758,1102.7719396969237,1369.3310378931847,205.50065668357104,14.66683684515996,1153.9894749240211,1102.7695925766993,7.796560252217974,12.879888703231169,True,135.48438215589894,1.584326858419837,True,0.00039417595009183515,93.35624639970356,0.0020309318000071297,205.50617957971068,0.25
0.9593662737341611,3.9999,897.7704154272119,22.121886215948585,0.903794366638805,30.06,0.2,14.747211483351006,189885648.49224705,253.90968596790785,1106.3760681193935,12.76113731826948,9.044224033863664,0.07138940594307695,7.6767277644836645,1066.8056209901713,1709.970745651617,224.92165071151203,14.747811053859765,1106.397647375997,1066.8157114555058,7.676186096153978,12.759998996401741,True,137.9519362947018,0.07145062640225754,True,-0.0005995705087595837,115.95774967320605,-6.122045918058316e-05,224.91250654848636,0.25
0.969661500917209,3.9998,899.1200997393345,19.986652075576863,0.8822861766711783,30.06,0.2,14.839306767229566,187356037.62939903,251.86295638524527,1106.6211910271854,12.75430310566177,9.038541455039692,0.0718807570190814,7.808493459936991,1064.8983536574963,1730.0855556441682,222.7159486647632,14.83984043953077,1106.6637754608826,1064.915834063579,7.807764459207784,12.751308889604433,True,135.27006072858555,0.07198001521861978,True,-0.0005336723012039357,116.59289565665972,-9.925819953837678e-05,222.7079393244119,0.25
0.9784024794100558,3.1795,899.9831457590443,5.0027202448088675,0.850164534240212,30.06,0.2,14.670049778824987,182162338.80495062,230.27395183363345,1147.0467682625163,12.86833648545137,7.888241785153809,1.0277662155611482,7.749323884863537,1095.8488492765796,1426.3909918273937,205.9660760368132,14.669427330502035,1147.045209962106,1095.846211300949,7.749202027975764,12.86317433431612,True,133.04809385984134,1.0253036299549554,True,0.0006224483229519961,97.2258579737921,0.0024625856061928353,205.97481552171098,0.25
0.9628951722598815,3.4144,899.9832982503419,5.023312372048175,0.8500330378033997,30.06,0.2,14.679858060298047,179247406.22380152,232.60455116254948,1140.5957574900913,12.848671322114585,8.066617125749307,0.6811279911211197,7.4680650946276,1089.6565713205212,1494.0938714191163,207.1599272213289,14.679319912525786,1140.584018733629,1089.6550043496186,7.468100572747198,12.842982043818067,True,130.83085151565405,0.6788835346837444,True,0.0005381477722607997,101.77369964689544,0.002244456437375253,207.1675217593593,0.25
0.9600741221695992,3.9916,899.9028881424886,16.286246416399162,0.8587048651286726,30.06,0.2,14.704839306455145,180545535.0000562,247.89722390781523,1109.2478525703957,12.769138225872974,8.959724755287748,0.08697264380754127,7.780885828824846,1065.1506176935297,1710.8723956515796,218.810330130939,14.704851603593042,1109.31782328431,1065.176674667479,7.780287382424669,12.763526187910992,True,131.54953879007599,0.08714531797121507,True,-1.2297137896410959e-05,116.34768511773925,-0.0001726741636737944,218.81014714773895,0.25
0.9606005148929563,3.4494,899.981104558707,5.02591115160434,0.8500134795878659,30.06,0.2,14.67979755250191,178816130.66872072,232.96247477710546,1139.6788632515168,12.845767398275141,8.09215586562551,0.6422317593609301,7.427920651036311,1088.7718913788767,1503.954852750018,207.34981139787348,14.679257703501538,1139.6675380120305,1088.7707278710625,7.427983273445399,12.839979111672857,True,130.51662100398397,0.6401007410504919,True,0.0005398490003720724,102.44585377312148,0.0021310183104382707,207.35743695978346,0.25
0.9608232140769694,3.9998,897.8589304195639,17.265917668499583,0.8653472195671802,30.06,0.2,14.706219012176406,182084071.17642227,249.1155063488153,1108.1190116964294,12.767233368438598,8.992632639536495,0.08061837524683615,7.80589813481177,1064.6898178112588,1712.6464330903757,220.00118349546423,14.706369447893286,1108.1755620374527,1064.7120510227687,7.805238411041092,12.76266626285305,True,132.65685793606895,0.08074616836644065,True,-0.00015043571687911594,116.45864841274636,-0.00012779311960449402,219.99893303957364,0.25
0.9600741221695992,3.9995,899.9028881424886,16.70707661203724,0.8587048651286726,30.06,0.2,14.692713674192493,180545535.0000562,248.30791220828416,1108.3795868711316,12.768209511719505,8.98492025663938,0.08213824858972371,7.810416643947098,1064.5501318878137,1713.9006106836716,219.14548774591086,14.692767407679762,1108.451376343107,1064.5773476017775,7.809704639961401,12.76259342149991,True,131.65773286644924,0.08231128522242254,True,-5.373348726855909e-05,116.65017934183493,-0.0001730366326988253,219.14468630048202,0.25
0.96056578170794,3.9833,899.9947901579507,18.511200362522665,0.8702706797865213,30.06,0.2,14.695213957282435,183070989.47616673,249.75217321290305,1107.7590499550847,12.76705365542579,9.003052443464686,0.07876610193333396,7.80767975194994,1065.3192067630819,1708.6867344152295,220.6834107678271,14.695515516225438,1107.7955830903481,1065.3387270482328,7.807103676126623,12.765098129277723,True,133.47438441876795,0.07888286773368564,True,-0.00030155894300243347,116.27778879413509,-0.0001167658003516786,220.6788822396502,0.25
0.9600879981370256,3.989,899.9833876118631,19.703774941628517,0.8770036581038632,30.06,0.2,14.689987637582542,184395581.7150731,250.89699713142443,1106.7975260038877,12.763542252055707,9.03154239274419,0.07379108348278306,7.806752482767543,1065.2533138234098,1710.0068392199955,221.79542670455166,14.69044600625288,1106.8394917664502,1065.2714463885065,7.806082618452158,12.759772108458758,True,134.48651906867116,0.07386312927028665,True,-0.00045836867033877127,116.41047806275327,-7.20457875035968e-05,221.78850628329403,0.25
0.9604673069766426,3.9998,899.9318788496131,14.708783697130173,0.850056957378577,30.06,0.2,14.718728993022923,178800479.06013745,246.65685252283234,1110.1278073913077,12.765961084070684,8.935074672100043,0.0919650326071426,7.772308905420243,1064.818265899216,1714.7559480541192,217.53144453300254,14.718430490653951,1110.2057032025666,1064.850538291966,7.77168666184838,12.761511856249195,True,130.1578602227958,0.09224800904456017,True,0.0002985023689721089,116.49899230003655,-0.00028297643741756473,217.53585625689934,0.25
0.9359421574008587,3.9801,899.2464594964147,5.218369718584048,0.8501703075641894,30.06,0.2,14.76165185609725,174258113.3615944,239.11812765250698,1126.5731116295692,12.79582745238474,8.463452494084027,0.27163157862026027,6.921665202326599,1075.666193113895,1662.7273382996175,210.9585531938255,14.760471160503318,1126.6536144978234,1075.6935564637163,6.921499392955854,12.7883129609755,True,126.48994698654639,0.272109924987857,True,0.0011806955939324126,112.6281806659606,-0.0004783463675967492,210.97542784718513,0.25
0.9678552662033706,3.3316,899.9998659359941,5.000292800871977,0.8500068479768529,30.06,0.2,14.672256114751159,180165199.6106504,231.74034381269374,1142.8299117890765,12.85585367123961,8.004538945016723,0.7861978754878388,7.562510034250513,1091.8166098639904,1469.8122521405057,206.696270143226,14.6716975674153,1142.8190678089634,1091.8143837470643,7.562482783388597,12.850352888448933,True,131.569057740596,0.7837265916386339,True,0.0005585473358582504,100.17128607209773,0.0024712838492049194,206.70413901119372,0.25
0.9757214334188873,3.2195,899.9996294082722,5.024994044253689,0.8500033806068326,30.06,0.2,14.67087459516986,181628737.1297518,230.66839266437827,1145.8513660358333,12.864971529814365,7.921088495826826,0.9528470847887808,7.703464810410034,1094.7180097512855,1438.084878315438,206.16261305003778,14.670267488553781,1145.8469256122912,1094.715391920426,7.703371691413325,12.859753496200849,True,132.65076352911797,0.950365888112396,True,0.0006071066160782124,98.01762913526031,0.0024811966763848003,206.17114477493428,0.25
0.9628951722598815,3.3991,899.9832982503419,5.0027385576043635,0.850023777858458,30.06,0.2,14.666976596496218,179245453.56897664,232.40635593544903,1141.0374814329261,12.850539742016457,8.054235062079442,0.7014424566572739,7.480661491760967,1090.1128647285955,1488.211580857451,207.03964911850065,14.666436359608616,1141.0253062797515,1090.1111257266841,7.480676913777732,12.844856641391802,True,130.94435181362618,0.699115372051048,True,0.0005402368876019636,101.46200412182284,0.002327084606225882,207.04727540568504,0.25
0.9588191198395828,3.9998,899.9318788496131,13.850381431794233,0.850056957378577,30.06,0.2,14.733587306310795,178493652.73971358,245.9852648292846,1111.5742851244916,12.765819359391186,8.893599033719433,0.10107882286140353,7.692867045146734,1065.7345116686245,1711.8133817884584,216.93915836858505,14.73321805630469,1111.6589380216315,1065.766706583571,7.692343379871177,12.767674404680042,True,129.80409210881214,0.1017364457537749,True,0.00036925000610565917,116.18117272047246,-0.0006576228923713678,216.9445953875205,0.25
0.960464825972649,3.9999,899.9207389092719,23.913383275096024,0.903794366638805,30.06,0.2,14.703337972675632,190103082.96948376,255.1525284574011,1103.8210904398823,12.761100236872055,9.11831078796152,0.060372753282836256,7.796813385867611,1065.4301902076927,1714.775114390294,225.9963069657746,14.704165698960555,1103.8615999926951,1065.444188978068,7.795889392454542,12.754077399913312,True,138.51984449859646,0.06033158854294023,True,-0.0008277262849230027,116.63268395880465,4.1164739896022706e-05,225.98358519104758,0.25
0.9516523627042652,3.9995,895.6905234984374,11.18329971648297,0.8500083509787928,30.06,0.2,14.705068357203787,177149360.07862246,244.2269089027083,1115.078974564009,12.771384743278277,8.792347308074046,0.12786549212678644,7.530940493132308,1067.6293136119734,1693.3445320976664,215.43845836707843,14.704420737190283,1115.1725803988597,1067.6576021475648,7.530531911091609,12.772828914714605,True,129.07879146743701,0.12874560492106857,True,0.0006476200135043797,115.14811743527127,-0.0008801127942821285,215.44794682363246,0.25
0.9593662737341611,3.9998,899.7843482598918,23.587148053292168,0.903794366638805,30.06,0.2,14.702391712732847,189885648.49224705,254.86221972695824,1104.366476858827,12.762153461134423,9.10225190437329,0.06265097246548108,7.765225565204349,1065.800414935553,1712.5950962139677,225.74119082098113,14.703177513629816,1104.4035236705627,1065.813677751426,7.764392601868375,12.754816804624475,True,138.3707085833925,0.0625845613716412,True,-0.0007858008969687802,116.49151114356573,6.641109383988264e-05,225.72912624309885,0.25
0.9600295448381567,3.9999,894.022766320793,14.603754420300142,0.8551025032981835,30.06,0.2,14.69246712372955,179779778.7563956,247.22959468321943,1109.810560017292,12.767083176032637,8.943961959314883,0.09026326179328024,7.81083068618433,1064.435799179406,1706.2007766490874,218.19769755048003,14.692192294802567,1109.8765717689116,1064.4603536450484,7.810213449548482,12.763214939047568,True,131.10445851763745,0.09049472441168628,True,0.00027482892698316164,116.12513616558198,-0.00023146261840603644,218.20177910875836,0.25
0.9852727219722553,3.013,899.6528504538168,5.044922210980361,0.8595319568538168,30.06,0.2,14.667002296049205,185462689.08845305,228.9244526155697,1153.7337329878046,12.884305545742809,7.706317350195455,1.5628201426950619,7.800976064747122,1102.5553456561177,1370.5352319009426,205.5635912030417,14.666648481925355,1153.7477815090615,1102.55400293406,7.800392198535495,12.879503381528934,True,135.4842752713584,1.560816855491169,True,0.0003538141238497161,93.44017734421129,0.0020032872038928673,205.56855016159358,0.25
0.9356231236323087,3.9638,899.9774845656705,5.010226953673544,0.8500042326137038,30.06,0.2,14.759496948579345,174164685.62740558,238.69791614656503,1127.4293292992998,12.798275516205575,8.4390948247637,0.287343468569803,6.904167606958177,1076.4412718469705,1657.0109618467004,210.6310557444191,14.758306549453502,1127.5025953172378,1076.4672295108198,6.904081186532937,12.790410085936829,True,126.44067236968147,0.28766789578512814,True,0.0011903991258428448,112.25724377688357,-0.0003244272153251626,210.64804516144966,0.25
0.9436618233208037,3.9746,896.5688869255622,6.577132515369079,0.8501777098551666,30.06,0.2,14.781008771415712,175696926.82493246,240.4011746978838,1123.7169406697346,12.788946627932887,8.544713717102049,0.22498311133268328,7.118505283238015,1073.3985839486122,1670.9047987437846,212.1401672019836,14.779969379918397,1123.8043541488455,1073.4247483938939,7.11827903567136,12.784844412023086,True,127.36610102061455,0.22584012304657625,True,0.0010393914973150231,113.03507367726924,-0.0008570117138929634,212.15508581787248,0.25
0.9617134293048615,3.9663,899.858704010699,14.708783697130173,0.8501510044212286,30.06,0.2,14.709257101885662,179052264.50844517,246.26927216981636,1110.825141645205,12.769619084784516,8.914302599206707,0.09653268188779904,7.805454993336526,1065.5646126866302,1704.020920906743,217.30756273228985,14.70896294904901,1110.8941814113089,1065.5927044210532,7.805013411272851,12.765345131354659,True,130.4250426341154,0.09678058891799987,True,0.0002941528366520174,115.84422953570095,-0.0002479070302008335,217.31190849318577,0.25
0.9853226565435923,3.0277,899.9671410656862,5.0003379214108,0.8586828943480163,30.06,0.2,14.680442778449054,185288875.55375737,229.01072191162865,1153.2540040733345,12.88256847397261,7.719414356681646,1.5150054633502468,7.789971690087912,1102.0210805276329,1376.740846313287,205.56556996542255,14.680017845393865,1153.2665393848342,1102.0185282012565,7.789505271977183,12.877690699521484,True,135.23402854612962,1.512878271614982,True,0.0004249330551893138,93.77669336549903,0.0021271917352647662,205.57152034004793,0.25
0.9763987690032978,3.2206,899.8585620909759,5.109057415134988,0.8500003930948151,30.06,0.2,14.675864853186987,181754183.07913196,230.7676164789352,1145.631527582219,12.86443909293872,7.927119527195632,0.9393868561466321,7.715038930194857,1094.531126261365,1439.3481046605255,206.2486508326285,14.675271975828338,1145.6280305372495,1094.5287235111832,7.714943705166943,12.859320324710648,True,132.6971146077513,0.9370363849963143,True,0.000592877358648991,98.0705018711839,0.0023504711503178344,206.25698322711713,0.25
0.9523373801994308,3.7432,898.0345509908872,5.055431072177351,0.8501189524047934,30.06,0.2,14.796774520067473,177299942.48257628,236.53377353415948,1131.927091881379,12.814996583734803,8.31097459415549,0.3849692670509196,7.181222647298858,1080.7176447386566,1600.294672480915,209.49587635071273,14.79598086404091,1131.9457490455864,1080.7262107672686,7.181400224580199,12.808298524026268,True,128.38907121740743,0.38425670602373774,True,0.0007936560265626724,108.14470231675205,0.0007125610271818683,209.5071137040409,0.25
0.9600295448381567,3.9999,894.022766320793,14.493904651853345,0.8550968637992856,30.06,0.2,14.697166068907178,179778593.08817425,247.14968663194728,1109.99350779394,12.766904984172365,8.938740128794251,0.09132590403406121,7.801518531986593,1064.541268328271,1706.2007766490874,218.1270715126511,14.696883475155989,1110.058643110037,1064.5658236269078,7.800911165142198,12.763166259115119,True,131.06174618007344,0.09156032453702444,True,0.00028259375118899754,116.08794045187383,-0.0002344205029632257,218.13126569078955,0.25
0.9501697919979994,3.9995,899.9882785531441,10.70220743234906,0.8500849112097885,30.06,0.2,14.751510366709672,176889311.65560064,243.471620334218,1116.9473385043161,12.77246929826805,8.739012887251864,0.14411803571022688,7.3934975756209855,1069.267966425055,1696.331506478383,214.72318264361783,14.750861500429728,1117.0415911832317,1069.2995833218702,7.39323193065575,12.772619569563268,True,128.48352110324012,0.14502494795634627,True,0.0006488662799437606,114.98809923097787,-0.0009069122461193846,214.7326279653528,0.25
0.9468441532402991,3.6727,899.9829280014991,5.415590003957772,0.8500064129307563,30.06,0.2,14.667294144976573,176253913.69541627,235.57677507432277,1133.4416321667811,12.826431112138604,8.2669003702378,0.4298504031372963,7.21318827899009,1082.9529599911682,1566.8390641463318,208.87043359342047,14.66664689748136,1133.4529325295957,1082.9581607113507,7.2133566850857544,12.820536388354649,True,128.75709102385483,0.4290106087800754,True,0.0006472474952126106,106.81968405046794,0.0008397943572208688,208.87965116481988,0.25
0.9611966353670013,3.5109,899.8910809280713,5.0237813087848915,0.8500109097550318,30.06,0.2,14.740921516796865,178926557.7613721,233.7338354116951,1138.0652522943008,12.837925682874339,8.137744709414598,0.575835409117879,7.376058357675002,1086.9989204300225,1528.3818618947264,207.8131041305269,14.740370999623174,1138.0567834409476,1086.9993104140708,7.376172863240309,12.831987281583805,True,130.0557673736974,0.573984614027817,True,0.0005505171736910341,103.67806803799772,0.0018507950900620296,207.8208654468971,0.25
0.9476726723631778,3.7249,899.9236222445185,5.312563195233121,0.8500137123588033,30.06,0.2,14.725185524384537,176409656.44984788,236.1933925723024,1132.3491920914703,12.819620140609814,8.298391241272668,0.3982132383173547,7.164823389383278,1081.6195996546192,1587.888063298286,209.2346819219547,14.724449311046206,1132.3680539838817,1081.6276811021683,7.165007564854613,12.813357826160203,True,128.36496781884466,0.3975602751769262,True,0.0007362133383317371,107.82842475345774,0.0006529631404285086,209.24514352635282,0.25
0.9407254492255723,3.7961,898.9248417539796,5.003178551597565,0.850003886454141,30.06,0.2,14.689698667485475,175114403.7212241,236.76231176289568,1130.997186343272,12.815875025404097,8.336509297461486,0.3656331177188495,7.0754236660956,1080.1767328113085,1601.7412614582167,209.50271138382953,14.688809594547507,1131.0237638070007,1080.1878130097498,7.0755459613055125,12.808860830403601,True,127.73164102095981,0.36508957120728175,True,0.0008890729379675832,109.03067074193586,0.0005435465115677385,209.51539200235914,0.25
0.947653856595479,3.6589,899.9267975596972,5.3069831310544275,0.8502258222657275,30.06,0.2,14.67268378749734,176450173.75670162,235.36430176780712,1133.9942465325046,12.827763342187373,8.251416525018318,0.44528865164028814,7.216449737958026,1083.421219418149,1562.8883987394745,208.73508346366805,14.67204620176884,1134.0021799267736,1083.4256048011061,7.216616905734822,12.821731946824615,True,128.8530277212963,0.44429597028881457,True,0.0006375857284997011,106.51127404651083,0.0009926813514735677,208.74415421688292,0.25
0.9796228487962888,3.1966,899.9248713813764,5.004461235990315,0.8500007522693219,30.06,0.2,14.700612004277577,182354414.50532308,230.5066187133714,1146.4937871523643,12.865618404067307,7.903657050301849,0.9898633498775861,7.740666389804154,1095.2182605856226,1434.791067851903,206.10642592829535,14.699999651710051,1146.4909112394803,1095.215832002488,7.740557965164181,12.860482497254996,True,132.91138398387878,0.9874203601549864,True,0.0006123525675256758,97.59523472949263,0.002442989722599709,206.11501162911787,0.25
0.9714551643909665,3.2786,899.9043592360471,5.000124932158011,0.8500006113376694,30.06,0.2,14.670217887527102,180833989.9040876,231.22468829357274,1144.2437320340919,12.860238352459211,7.9654118554996245,0.8604374223093156,7.628949753465138,1093.1704609984517,1454.6095235555963,206.4362097803747,14.669635684166904,1144.2351512597693,1093.1679116168116,7.628894761194502,12.854868183641523,True,132.07601581938567,0.8579107167315276,True,0.0005822033601976528,99.14867247418707,0.002526705577788002,206.44440274832482,0.25
0.9470351977077868,3.6598,899.6910610642307,5.015456984460085,0.8500023564946719,30.06,0.2,14.673014938006522,176288635.09996352,235.1749660075264,1134.3833336968394,12.828429989902029,8.2405779030201,0.4565311835430622,7.1974224377353515,1083.6165283300995,1561.918984631145,208.56286564454288,14.672341093932316,1134.3869995416217,1083.6208058296272,7.197576849119167,12.821936498262682,True,128.73247647054595,0.4552948956652674,True,0.0006738440742068974,106.44248953698045,0.0012362878777948394,208.57244413308908,0.25
0.9738957402250134,3.2642,899.9634794056382,5.000865956296154,0.8501910641317518,30.06,0.2,14.69119866632933,181328916.90314493,231.1277452247692,1144.6773820330664,12.860601497116265,7.95362425086395,0.8828485899508303,7.647910985696198,1093.5278840048109,1452.7337984355672,206.406586804846,14.690616227191773,1144.6697433360966,1093.5253836580976,7.647844221423054,12.85529244576587,True,132.24835459020431,0.8803333345240999,True,0.0005824391375561788,98.87939063456488,0.0025152554267303673,206.4147702106709,0.25
0.9590256846184305,3.9998,899.7843482598918,23.123769932219492,0.9012848342394092,30.06,0.2,14.701629113324474,189291175.02044633,254.40084247378098,1104.761471765132,12.762327647770531,9.090752510981645,0.06433536021254509,7.756577640964519,1065.8620640199117,1711.9870998048866,225.28864193790182,14.702378042545167,1104.7929098970221,1065.8752843639197,7.755797910020412,12.75490753444714,True,137.94501314637887,0.06424067369379402,True,-0.0007489292206930287,116.45582932740211,9.468651875106648e-05,225.2771658864393,0.25
0.9472896861033236,3.9042,899.8085184547273,8.323651869260459,0.8500068913798295,30.06,0.2,14.736021877805396,176336948.36426204,240.51522491617345,1123.0162938900357,12.791313107736087,8.563890424090818,0.2159220667489629,7.267282456183367,1074.0317504247957,1654.9131695500669,212.43924241436596,14.735279358076886,1123.0838125911182,1074.0532878839253,7.267347594423339,12.791636907809737,True,128.21775555441712,0.21691002714606944,True,0.0007425197285098051,112.29746936175633,-0.000987960397106552,212.44994735756853,0.25
0.9600239983952528,3.9989,899.9883581540657,18.668341422949478,0.8702706797865213,30.06,0.2,14.69316463073368,182967732.82365617,250.0525193317271,1107.1749099022645,12.76503059664537,9.020331939400407,0.07570427873777305,7.806109261568876,1064.8174252790218,1713.6942669030373,220.8945007909407,14.693513830005017,1107.2134222217394,1064.8391267152858,7.805393525082803,12.763366722889625,True,133.4172743598306,0.07583686248308216,True,-0.0003491992713371417,116.6352449718965,-0.00013258374530911166,220.88925111413698,0.25
0.9587659388281456,3.9992,897.5808677269451,19.704361671092684,0.8791227726891071,30.06,0.2,14.670069395509945,184586609.25766546,251.26646455228578,1106.385370734493,12.76327613526964,9.04351477690021,0.07188210145269072,7.813116531176281,1064.8702734532762,1708.3828011286284,222.15305760324452,14.670527025962954,1106.4256383926063,1064.8877839313839,7.812361239591352,12.75989540625058,True,134.80863142256672,0.0719575256431235,True,-0.0004576304530097275,116.45783312971906,-7.542419043277127e-05,222.14612779055213,0.25
0.952497847632879,3.5672,899.999891656123,5.022454160731943,0.8500021912755964,30.06,0.2,14.672543711963696,177305461.57409102,234.1648405032835,1136.7095062016635,12.836296848412237,8.175159593172491,0.5307655235539389,7.291980925798521,1085.9120642192136,1536.0924840813166,207.99193357186954,14.671962216619697,1136.7037346489515,1085.913359131436,7.29210261168976,12.830124893873446,True,129.4783442024017,0.5290915106072067,True,0.0005814953439990944,104.6864963008818,0.0016740129467321951,208.00017693694747,0.25
0.9501259036816798,3.9707,892.6026727208425,9.696727170293274,0.8500095018324382,30.06,0.2,14.692839950267098,176865450.36156338,243.02337534470396,1117.4838264073505,12.779102745526144,8.722444166231398,0.1503203561906333,7.4883760712687515,1069.0887453032262,1675.716589953815,214.5109060803234,14.692090295890512,1117.5556684186852,1069.1119154430594,7.488051517200884,12.777959451888792,True,128.9800790762666,0.15095376646874303,True,0.0007496543765856956,114.04329626843736,-0.0006334102781097306,214.52185136015285,0.25
0.9366728625912234,3.9883,899.9958401765364,6.1156669654796065,0.8500021892291723,30.06,0.2,14.747636028917935,174359673.62924019,239.7805243376351,1125.0056788410775,12.792487896099479,8.50790833812696,0.24543526363640145,6.977632645733638,1074.7010490342275,1668.0565394412536,211.5038477202701,14.746603705661508,1125.098500802687,1074.7318289830384,6.977359443222436,12.78694400485172,True,126.68268555939238,0.24628809340918334,True,0.0010323232564264373,113.0978387782427,-0.0008528297727818934,211.51865386446326,0.25
0.9389444480665542,3.9244,899.8905130382628,5.0129313667896485,0.850002739686261,30.06,0.2,14.774637372345284,174782637.65254602,238.29228495581498,1128.2745601276815,12.800957200289963,8.415032679266766,0.3034018332343241,6.948628200926847,1077.229843070654,1648.0109811438854,210.40647396074138,14.773503763001294,1128.3361557240185,1077.2521303477074,6.948639700424578,12.793274728910063,True,126.75876675888901,0.30354092713758646,True,0.001133609343989761,111.53351819692597,-0.00013909390326233284,210.4226189963906,0.25
0.9673944853502878,3.3538,899.8948203447721,5.2212604468751165,0.8501905988664196,30.06,0.2,14.677393520722838,180118354.5681586,232.15313025949905,1141.848962681652,12.853266715638862,8.03165322440864,0.7383555563416422,7.557786104385257,1090.9816928562898,1477.5633366560255,206.9857983594265,14.676842391455509,1141.8406040258565,1090.979044903255,7.5578342250363475,12.847993434694237,True,131.48873999994544,0.7362223818409072,True,0.0005511292673290313,100.66439025955361,0.0021331745007350245,206.99357087127575,0.25
0.9608232140769694,3.9995,899.9884365430329,17.265917668499583,0.8634707250170558,30.06,0.2,14.714961624456562,181689224.16067994,248.8637985595676,1108.3070515339928,12.767078053535666,8.98724332560488,0.0815765343023104,7.788435313946262,1064.8777321033347,1715.3509866560978,219.72082438073676,14.715130539983315,1108.368992416117,1064.9024528807736,7.787765411250939,12.762188129908793,True,132.2903832606187,0.08172242491810523,True,-0.00016891552675346588,116.5734152989489,-0.00014589061579482754,219.71830219728156,0.25
0.9738957402250134,3.2484,899.9634794056382,5.001853632495779,0.8501910641317518,30.06,0.2,14.676301190285264,181328916.90314493,230.9437324711287,1145.11963634838,12.862509301204954,7.941308074488752,0.9091656520784205,7.663510915113337,1093.99789823338,1446.5899517926803,206.30213625017103,14.675711303440908,1145.112901200196,1093.995293445243,7.663430199251224,12.857214516872999,True,132.38266846437287,0.9066341389345768,True,0.0005898868443559024,98.56106400675583,0.0025315131438437,206.31042851714332,0.25
0.934987446753007,3.968,899.5144890296,6.0210172703535,0.850006429281159,30.06,0.2,14.707817484501824,174046805.2237284,239.44047615450816,1125.5046201737916,12.796501652965716,8.49314805785746,0.2546076336250768,6.989182290750996,1075.2613732783898,1656.859622857056,211.27756849327716,14.706774309840915,1125.5891255991673,1075.2884282395744,6.988999465366237,12.790860126991996,True,126.79783884205352,0.25534336454251505,True,0.0010431746609089743,112.64263731245464,-0.0007357309174382265,211.29255474391425,0.25
0.9608207119418983,3.9986,898.191797651519,18.724611263255607,0.8731364068769348,30.06,0.2,14.702561925435747,183722572.9066648,250.3698930377032,1107.1368238204063,12.764342007568532,9.021573671578036,0.0754398856413076,7.811286264247805,1064.8024997988114,1712.6227183658616,221.24873158551125,14.702896559974699,1107.1716244182146,1064.821615430067,7.810612832948383,12.757947979731915,True,133.8822000315482,0.07538437886285881,True,-0.0003346345389516614,116.48769300615501,5.5506778448788374e-05,221.2436960153441,0.25
0.9526339678630026,3.9998,893.8668905823367,11.296197541742343,0.8500001932796777,30.06,0.2,14.69424136850789,177330383.23752084,244.50281334983612,1114.43488513952,12.7707639798384,8.81082538877375,0.1226295549602641,7.582751500526257,1067.0025300781688,1692.8149628111448,215.70216076155214,14.693578886808226,1114.5277450271167,1067.0293987126547,7.58230964406449,12.77258227391297,True,129.30603268726836,0.12349036052881808,True,0.0006624816996652072,115.19678066256776,-0.0008608055685539739,215.71188601196144,0.25
0.969661500917209,3.9998,899.1206758055923,19.986652075576863,0.8822861766711783,30.06,0.2,14.83931303215611,187356037.62939903,251.8628500526329,1106.621329969267,12.754303013778268,9.038537456370179,0.07188138850094151,7.808481111508943,1064.898497016398,1730.0855556441682,222.7158546375629,14.839844796781875,1106.6639051987875,1064.9159195257764,7.807755906600396,12.751308703179285,True,135.2700210108102,0.07198060945333648,True,-0.0005317646257658737,116.59282904182268,-9.922095239496553e-05,222.70787393326881,0.25
0.9472896861033236,3.9465,897.7422149891763,9.358623983848311,0.8500068913798295,30.06,0.2,14.704038122170248,176336948.36426204,241.94462259716352,1119.8321918883291,12.784165615963444,8.654975681901888,0.1754508224321243,7.361369107944674,1071.450385725958,1668.2385073628345,213.58101095691072,14.703320962520054,1119.8998966856866,1071.4743920135975,7.361256286570797,12.786967449151447,True,128.49644318967057,0.1764642603454698,True,0.0007171596501933664,113.44817940749294,-0.0010134379133455163,213.59142844582334,0.25
0.9395655787174626,3.8306,899.2072348296359,5.019742786480833,0.8500022191453572,30.06,0.2,14.703064217194298,174898152.77773848,237.15902035202524,1130.2357820632265,12.812309312508773,8.358308864450432,0.3474169407687007,7.0391783354491295,1079.3998718108537,1613.0555261612326,209.7318204443545,14.702108798131187,1130.2707116626827,1079.4134750135022,7.039287068408942,12.80515649049278,True,127.45850309580621,0.34706447782645683,True,0.0009554190631106962,109.70051725621903,0.00035246294224389185,209.7454499026958,0.25
0.9600947348912803,3.9997,899.8722087333778,12.675158126560783,0.8500030202533595,30.06,0.2,14.799722070972107,178719780.38300005,245.19570269630788,1113.5053175260641,12.763793068650937,8.838773039038482,0.11416713732110086,7.6012451232673035,1066.7791296893936,1713.973463084205,216.24290454805814,14.799241927182234,1113.6008216190082,1066.81151592833,7.600843744480278,12.76625883084606,True,129.38870782974251,0.11502344876762141,True,0.00048014378987382145,115.80699486656536,-0.0008563114465205551,216.24992029171813,0.25
0.9430509912571261,3.9753,896.5688869255622,5.015342345037089,0.8500079327321088,30.06,0.2,14.836558247593857,175548134.97826165,239.33846857147137,1126.3431267992114,12.792333912880233,8.470573629195062,0.26586484514132214,6.991538526584738,1074.908817078911,1670.0862550834577,211.19706563938794,14.835308543676469,1126.4182456996173,1074.9346664528905,6.991333451567934,12.78448589641914,True,126.78353599654716,0.2662009935282718,True,0.0012497039173879898,112.55493257492421,-0.0003361483869496751,211.21485656025038,0.25
0.9472318096014675,3.6452,899.9914730611328,5.000370487039174,0.850000771974281,30.06,0.2,14.667160358868111,176324905.30131838,234.96611460061197,1134.8343559032835,12.830054477021728,8.227853094831506,0.4702930655852355,7.203461559221268,1084.0851751022642,1557.0902678046605,208.42569659012767,14.666493320004511,1134.8359623139163,1084.0887346437921,7.2036280327463915,12.82357921720383,True,128.81030064397945,0.4689627210392456,True,0.0006670388636003111,106.15581395663253,0.0013303445459899033,208.43517588669604,0.25
0.9528231665245318,3.5921,896.885503968414,5.025384518436719,0.8500062980162199,30.06,0.2,14.667647362034645,177366875.93286574,234.71068482907395,1135.3725965315462,12.833571879778155,8.212365568995683,0.4873507975104573,7.332445987342994,1084.4676893280505,1542.294172179522,208.42333734055384,14.667088340977372,1135.3678272567347,1084.4690332827424,7.332547011508002,12.82745466128406,True,129.56623297111437,0.48585372579693054,True,0.0005590210572723464,105.14445185795958,0.0014970717135267542,208.43128118269152,0.25
0.9366728625912234,3.9883,899.9958401765364,6.383645541128117,0.8500021819244431,30.06,0.2,14.736652231637391,174359672.13083205,239.95924095355144,1124.550076176954,12.79192537895667,8.520771004154987,0.23845029897686953,6.999216323788329,1074.4388424535662,1668.0565394412536,211.66148863467356,14.735596460029361,1124.6443357495118,1074.4682149248515,6.99904893474926,12.787062279248886,True,126.77731433038933,0.23937816232801817,True,0.0010557716080299429,113.18192662316211,-0.0009278633511486389,211.67665369370732,0.25
0.9673944853502878,3.3538,899.2409657721732,5.218369718584048,0.8501703075641894,30.06,0.2,14.671160336250196,180114055.72508198,232.19593098792242,1141.7058198659734,12.853372864495787,8.035517788229381,0.7321253735581146,7.570379399405623,1090.8292862846315,1476.7902787513883,207.03107959061228,14.670641534417898,1141.6971837184972,1090.827144534972,7.5703825995605545,12.848116729454642,True,131.54117696011699,0.7300013515842507,True,0.0005188018322979104,100.65475402780544,0.0021240219738638544,207.0384008862204,0.25
0.9471216437815255,3.9995,899.3413429855686,11.32252265589402,0.8500849112097885,30.06,0.2,14.677384652695778,176321850.08780807,243.85868239640354,1115.7726259771944,12.774037316367593,8.772066612352841,0.13423087520985838,7.446432181173896,1068.665547391505,1690.0450029193585,215.07213351678163,14.676781170126013,1115.868512824913,1068.6958769351622,7.446127936016331,12.775260527222413,True,128.7177793014685,0.13515945436353233,True,0.00060348256976539,115.14090309493503,-0.0009285791536739474,215.08097689206366,0.25
0.9669963109240828,3.3493,899.9551983958328,5.026870644614984,0.8501672569149429,30.06,0.2,14.676713128179898,180039275.70379415,231.95120951727708,1142.3294481853382,12.854189059395384,8.01843470799722,0.7612094946821122,7.542966586917284,1091.340871057884,1475.289122135918,206.82144937869228,14.676161917808553,1142.3184808996928,1091.3385501116359,7.542962531306098,12.848679116330775,True,131.4371053199409,0.7588058739958898,True,0.000551210371344979,100.51410419733617,0.002403620686222352,206.82921722212114,0.25
0.9713936509449088,3.3045,899.9988611171345,5.063309564250745,0.8500363321413369,30.06,0.2,14.691913752788434,180830138.29417488,231.56542870723433,1143.4405175966901,12.85708608972901,7.98775962262123,0.8160743305238111,7.60673996629092,1092.3732092459416,1464.6735392565777,206.64230494164266,14.691344321257107,1143.4317481553562,1092.3707748204743,7.606716308228453,12.851748469401427,True,131.8780449951229,0.8136772619097408,True,0.000569431531326714,99.68738371211143,0.002397068614070297,206.65031432741205,0.25
0.9587798620070166,3.9998,897.8687735325468,24.1415030621776,0.9078032051728523,30.06,0.2,14.676680249084502,190611316.3546993,255.59467421822154,1103.6073115803845,12.761957749338718,9.124347726213372,0.059647487024698735,7.7982466509844,1065.479454501848,1709.01720306941,226.48357460194399,14.677432787625404,1103.6470461292874,1065.4913007404182,7.79738610976613,12.755946598345236,True,139.1431412666519,0.05963272104626666,True,-0.0007525385409028473,116.45153295156965,1.476597843207833e-05,226.4719623792048,0.25
0.9613859505026312,3.9663,899.858704010699,13.711561054542079,0.8501510044212286,30.06,0.2,14.747713153036264,178991294.34900776,245.5434618900436,1112.493549604963,12.768309976590245,8.86676849018853,0.10741737574973423,7.719414529797415,1066.5461189429484,1703.4406745327713,216.6671090471273,14.747342256732912,1112.5699786545413,1066.5743294469937,7.719074306047048,12.770429526211414,True,130.04132098104162,0.10807006572682773,True,0.00037089630335174206,115.50214090900198,-0.0006526899770935013,216.67255823440487,0.25
0.9356231236323087,3.8725,899.2072038049814,5.010226953673544,0.8500042326137038,30.06,0.2,14.68157885817239,174164685.62740558,237.57544573575777,1129.3015535488535,12.809746616853387,8.38473249856973,0.3273877683232604,6.99072258383083,1078.541173755617,1621.9324381842089,209.95695092241942,14.6805503992308,1129.3460994107145,1078.557702862776,6.990766935710265,12.802414310563199,True,127.1103706880464,0.3272312988691881,True,0.0010284589415903156,110.46507504771137,0.0001564694540722722,209.9716596423007,0.25
0.9524472386557344,3.5794,899.9238402106097,5.025206320635273,0.8501910327537097,30.06,0.2,14.68288355194232,177335429.94946843,234.32593647489796,1136.419976156732,12.834846204927105,8.18338138810536,0.5204451523225029,7.279756844500087,1085.6000282797422,1540.5579747164552,208.09542852891852,14.682298476049237,1136.415329041051,1085.6016031752526,7.27988578787014,12.828645426783607,True,129.40906131582534,0.5188331437236121,True,0.0005850758930829869,104.91687515907262,0.0016120085988907684,208.10372093755547,0.25
0.9784024794100558,3.1883,899.9692299854387,5.0027202448088675,0.8500020599155231,30.06,0.2,14.677061436863532,182127525.89310932,230.37166009515357,1146.7562362391943,12.867280933402844,7.896265483682029,1.0084703043551841,7.7434247887593735,1095.5436784815515,1429.8126596740692,206.0171142989002,14.676432276048958,1146.7539615377289,1095.5409373536904,7.743327967343243,12.862116902007278,True,132.9591764641093,1.0060080818100168,True,0.0006291608145740923,97.41248363104427,0.0024622225451673696,206.02594600220593,0.25
0.9501697919979994,3.9905,899.9875970600688,11.310697499415156,0.8500849112097885,30.06,0.2,14.719023912926781,176889311.65560064,243.77695210925825,1116.117217380035,12.772911085914773,8.762499213162776,0.13683257069970614,7.451203061026096,1068.8971574273617,1692.9161626351436,215.0230725610981,14.718439135929216,1116.211544707277,1068.927565163268,7.450939485266075,12.774120227908721,True,128.76654972570796,0.1377634413844075,True,0.0005847769975648731,115.01040238355029,-0.0009308706847013515,215.03161562368905,0.25
0.9395413650714469,3.8306,899.9042570817552,5.055431072177351,0.8500042841058527,30.06,0.2,14.708252826282834,174894070.337994,237.12911342914668,1130.337538187623,12.81216074738591,8.355519339915869,0.34953227509203544,7.028082843301476,1079.5392683027198,1613.889913452539,209.69740667726435,14.707301678352295,1130.3736564207202,1079.5533419526967,7.028205821470741,12.805032449904749,True,127.41052575903815,0.3492079500596052,True,0.0009511479305395198,109.71858767010853,0.00032432503243023936,209.71096818968604,0.25
0.9476138932104305,3.9983,898.7187661902498,9.91044257698303,0.8500093876393698,30.06,0.2,14.735150408365456,176397817.2010059,242.93157081338197,1118.004930139975,12.775968225309052,8.708314714561403,0.15484544070009262,7.346711716303369,1069.865941428077,1689.6566220077468,214.26446231463714,14.734477608311142,1118.0903817518695,1069.8978106938366,7.346321130289053,12.77460111517405,True,128.26899352046647,0.15561819182893896,True,0.0006728000543141377,114.6625772929155,-0.0007727511288463385,214.27424597617676,0.25
0.9606059317520389,3.4625,899.5894483509213,5.013847313192058,0.8500026412069235,30.06,0.2,14.688083487088058,178814858.95129243,233.14080161569822,1139.2680448930223,12.844245638315678,8.10365585517425,0.6250960040533087,7.422689412587808,1088.3201111817225,1508.5180696141624,207.46491832329548,14.687546107932821,1139.2568031060275,1088.3191242223952,7.422762861957592,12.838426548229341,True,130.4420408068761,0.6230151309790428,True,0.0005373791552365503,102.69876080882213,0.0020808730742658543,207.47250892568275,0.25
0.9610257035279854,3.4808,899.9857413797001,5.0006037500836324,0.8500005073055771,30.06,0.2,14.714157045428843,178892549.51720998,233.33859384734015,1138.9015099469348,12.841714371621366,8.11415674290678,0.6090817408395267,7.398890698299739,1087.8912161015937,1516.6748269449063,207.5696214511932,14.71359324211224,1138.89106193296,1087.8903625073863,7.39901576865329,12.835823559961373,True,130.26769573855884,0.6070645002421612,True,0.0005638033166022183,103.07089810878131,0.0020172405973655216,207.57757521470117,0.25
0.947295362013608,3.7185,899.9846223368512,5.055431072177351,0.8500858689906964,30.06,0.2,14.72668596948792,176354389.21283796,235.9269626112977,1132.9789673639639,12.820966645126987,8.280746358200556,0.4146830899683247,7.145168526711078,1082.0941813517193,1584.9109771170067,209.02153765009515,14.725955291842528,1132.9930888234594,1082.1023343098382,7.145300454625161,12.814292921122137,True,128.31162906228508,0.41380004305382845,True,0.0007306776453930297,107.61533354901263,0.0008830469144962549,209.03190895449885,0.25
0.9677664412490642,3.3471,899.9836805805625,5.001916976725537,0.8500036954836445,30.06,0.2,14.684996470713935,180147996.80973682,231.92411007818038,1142.400986759513,12.854031078813009,8.016526113796928,0.7641308786702959,7.547924547180101,1091.3637223362202,1475.6476292957977,206.8024215534562,14.684441156296407,1142.389800392306,1091.3615938835871,7.547917573245937,12.848508150727712,True,131.4423264822807,0.7617034614509877,True,0.0005553144175287628,100.48178359589969,0.002427417219308281,206.81024210073113,0.25
0.9757214334188873,3.2493,899.9887253531377,5.024994044253689,0.8503200140302587,30.06,0.2,14.701600381704601,181696395.36516833,231.02443855241432,1145.0696059453655,12.861367350172454,7.942883933080818,0.9043138109336457,7.668869691710152,1093.8880532979779,1449.6818808070336,206.37266862315053,14.701003291481609,1145.0632462775873,1093.8852177520198,7.668820870292653,12.856131570141622,True,132.42273704722322,0.9018411777727068,True,0.0005970902229925912,98.6017015051911,0.0024726331609389307,206.381050575068,0.25
0.9366728625912234,3.9952,899.2876211360259,7.983080053351194,0.8500006661324047,30.06,0.2,14.668917908544321,174359361.19868568,241.1806630425459,1121.5207018322908,12.787789229297708,8.606643015857596,0.19657424496693016,7.137747862374852,1072.5294058214556,1669.7233344563338,212.7238377868166,14.668021199945175,1121.616568752494,1072.5588405254841,7.137521738593895,12.787022044590056,True,127.36114758615454,0.19774054559440277,True,0.0008967085991464785,113.81951545639134,-0.0011663006274726107,212.73684235587106,0.25
0.9356231236323087,3.9506,899.9779888244948,5.010226953673544,0.8500042326137038,30.06,0.2,14.749449933150371,174164685.62740558,238.52622725509997,1127.722580212766,12.799923562042814,8.430597852840368,0.29322029975564456,6.914319410370669,1076.7698235568037,1652.08044349157,210.5238195216019,14.74828781121852,1127.7914948546554,1076.7945682190352,6.914248926085335,12.792134046133116,True,126.52656545876015,0.2934789546332347,True,0.001162121931852056,111.99966179633982,-0.0002586548775901365,210.54040818267055,0.25
0.9539499164844628,3.9998,893.9029793335058,11.545047789092921,0.8500002476850053,30.06,0.2,14.701713719615462,177575355.08275244,244.71934941828428,1114.0146166012878,12.769544470671946,8.823060251960683,0.11916246997953447,7.60815743910527,1066.7013219883625,1695.2007266258122,215.89276567852565,14.701070544031506,1114.108058470428,1066.728329141004,7.607703910422014,12.77172972746881,True,129.41867631162293,0.12002468187856197,True,0.0006431755839564346,115.30067310666135,-0.000862211899027493,215.90221104206034,0.25
0.9406327573528728,3.8944,899.8826480689185,5.000393676581707,0.8501129912855458,30.06,0.2,14.776220584420248,175119624.41717455,237.9484872245152,1128.988040033504,12.803582994288677,8.394676496340473,0.317927319260127,6.975604877860886,1077.9322344030202,1639.697644774527,210.20631805130677,14.775144337053032,1129.040924596258,1077.951911220218,6.975664955294497,12.7960245806199,True,126.98905996327112,0.31791227478413786,True,0.001076247367215899,110.95942726124407,1.5044475989156592e-05,210.22162984733487,0.25
0.9532531433892216,3.5915,899.9962495652856,5.022454160731943,0.8500021912755964,30.06,0.2,14.70339350532653,177446058.28308734,234.4875605955186,1136.0959322275576,12.832870881334467,8.192658472319632,0.5087350471632246,7.273593480180963,1085.2096835868754,1546.5551082212166,208.19167339674112,14.702789472688547,1136.092724748338,1085.2118799673653,7.273739876734507,12.826625796574993,True,129.30932397899176,0.5071950382317084,True,0.0006040326379821437,105.17823661652685,0.0015400089315161791,208.20022650606242,0.25
0.9600793621500302,3.4932,899.7162461391893,5.063289728888273,0.8500059372903941,30.06,0.2,14.707013404093468,178717532.09693193,233.5239899917208,1138.4166122410547,12.840755103665447,8.127583436617375,0.5908262539598264,7.394653647489653,1087.4661033918524,1519.6097499470707,207.69261097216898,14.706476142972509,1138.4074298594135,1087.4659264136276,7.394746739370395,12.834912446130978,True,130.20323036076582,0.5889271931626349,True,0.0005372611209590872,103.320759630955,0.0018990607971914875,207.70019845702265,0.25
0.9614836481007716,3.5314,899.9540447961222,5.021462079914829,0.8500948724883621,30.06,0.2,14.763976770241268,178997664.48312876,233.9895624559031,1137.5760375742757,12.835223668454665,8.151656711444058,0.5568107939188058,7.356031223435537,1086.45109028156,1536.784345115778,207.96702853717315,14.763457115839898,1137.5690129610284,1086.453113673294,7.3560853875335885,12.829222330219295,True,129.90399907108664,0.5550532470765807,True,0.0005196544013692517,104.08556338481645,0.0017575468422251772,207.97434870485955,0.25
0.9394615044221765,3.995,898.7922073887388,8.71073706168174,0.8500478210633002,30.06,0.2,14.672341192280681,174888161.6692366,241.80055316713316,1120.173516927125,12.78448095515243,8.645278356427934,0.17980010301990001,7.217225939601931,1071.5658644646085,1673.9784843799903,213.2778644148314,14.671514936095083,1120.264040440817,1071.595154688147,7.216975706897899,12.785510768846049,True,127.71699039479807,0.18095779465730982,True,0.0008262561855989503,114.08356277233509,-0.0011576916374098078,213.289875591284,0.25
0.9603000166460659,3.5314,899.9540447961222,5.021795231019699,0.8500948724883621,30.06,0.2,14.747952021014147,178777309.96496344,233.95544444455098,1137.5821031934229,12.83594148890326,8.151347780072065,0.557812464006778,7.351691595813786,1086.510720436468,1534.8924915272419,207.93670487074112,14.74738342894806,1137.5748618131934,1086.5113554153684,7.351838898530913,12.829931136718649,True,129.88549375044417,0.5560438082701086,True,0.000568592066086282,104.06995069410681,0.0017686557366694,207.94472196483835,0.25
0.9705146158136144,3.3063,899.864321515125,5.000176911781885,0.8500016092005453,30.06,0.2,14.683068162159278,180659121.1848735,231.52660880965314,1143.4741611424556,12.857427144661731,7.986781545067078,0.8184070281795532,7.599354723215718,1092.3914237948366,1463.8875372392229,206.60185328389892,14.682519768314167,1143.464319240734,1092.3895743984388,7.59927852282315,12.852009894381329,True,131.8325104825484,0.8159179174872746,True,0.0005483938451114057,99.69409832710474,0.00248911069227864,206.60956988748723,0.25
0.971849594943815,3.2862,899.9973604502275,5.065916055056019,0.8500407602180119,30.06,0.2,14.68088896688252,180915957.15191668,231.36496314717215,1143.939553375405,12.85904335403058,7.973871530368154,0.8432256829619371,7.626348976664246,1092.8875669844997,1458.258079591393,206.53237155682356,14.680316622986501,1143.9315900230742,1092.8851630463012,7.626301647034725,12.853736799490799,True,132.03974444011484,0.8408046988630755,True,0.000572343896019234,99.3252187070573,0.0024209840988616005,206.54042366804342,0.25
0.9406327573528728,3.8944,899.5124349010127,5.000393676581707,0.850109999844162,30.06,0.2,14.77244609107314,175119008.19309965,237.97694106874073,1128.9003628618655,12.803647928280633,8.397098624374454,0.31623990587757883,6.983070957446568,1077.8388361082846,1639.2264450732516,210.23565782141478,14.771367406794782,1128.9528229372954,1077.8581814039658,6.98312277630575,12.796109760474625,True,127.02108316120618,0.3162194654945556,True,0.0010786842783581108,110.95585790753455,2.04403830232347e-05,210.25101035395946,0.25
0.9588136076141077,3.9997,899.8720523070787,13.203371462008004,0.8500265929876866,30.06,0.2,14.760201300311149,178486250.75302628,245.52775338930002,1112.6367878671206,12.7650823787425,8.863331505377847,0.10817923959428273,7.640126920207737,1066.3411805367396,1711.6863781996537,216.53617083270623,14.759777212912802,1112.7282670052905,1066.373498604112,7.639661415537071,12.76742670593761,True,129.56514580494607,0.10895627242444564,True,0.00042408739834698395,115.96260758435395,-0.0007770328301629076,216.54239248903693,0.25
0.9587659388281456,3.9992,897.937737494147,19.704361671092684,0.8791227726891071,30.06,0.2,14.673900772295669,184586609.25766546,251.23297443142687,1106.471406895966,12.763217407523408,9.041038356245963,0.07227428035366373,7.8054763536110485,1064.9590314250552,1708.8540669176089,222.11914005577256,14.67432502976638,1106.5119591992345,1064.9757229164243,7.804808457301009,12.759802939650774,True,134.7737402985226,0.07235047432727824,True,-0.0004242574707102875,116.45923413290427,-7.619397361451063e-05,222.11271824731696,0.25
0.9588051130328484,4.0,897.7704721230837,24.467409902048768,0.9097455229554836,30.06,0.2,14.674522004947997,191024175.3567377,255.93313590650928,1103.3287767398558,12.760833261284546,9.132679473506172,0.058522689005484456,7.803300629691549,1065.4444089969877,1709.0088415475127,226.81789724709563,14.675289933396295,1103.3696691800424,1065.4562132874075,7.802412957289048,12.756038786729624,True,139.46488296972544,0.058546553949883354,True,-0.000767928448297539,116.46825293678384,-2.3864944398897803e-05,226.80602832207475,0.25
0.9394615044221765,3.9919,899.9917830147392,8.494906384020915,0.8500482652908706,30.06,0.2,14.691364635963977,174888253.06426314,241.5140177185088,1120.8922299963192,12.785105968236119,8.624886348592547,0.1881998286565818,7.177295416132535,1072.1543899264886,1674.367787596458,213.02163751616766,14.690526266985264,1120.984685093486,1072.1843130909592,7.1771028868777895,12.785539903084917,True,127.55177570553803,0.18938127723349546,True,0.0008383689787123672,113.96224201297076,-0.0011814485769136573,213.03379438035634,0.25
0.935950602434539,3.8725,899.2072038049814,5.010226953673544,0.8500042326137038,30.06,0.2,14.68612451392285,174225645.26083001,237.58503966613893,1129.3006373360022,12.809529856075734,8.38480150807932,0.3272344333458963,6.991911514687962,1078.5244493943549,1622.5001331018943,209.96542954429026,14.685139672249115,1129.3452824266094,1078.5421888481358,6.991869194460332,12.802193770203528,True,127.11512343378514,0.3270785477532531,True,0.0009848416737359145,110.46991623235378,0.00015588559264317903,209.97951062963736,0.25
0.9600947348912803,3.9997,899.8543220467353,12.823644333084982,0.8503541972706834,30.06,0.2,14.795901267510885,178793618.09641543,245.3108890988991,1113.3182238263382,12.763863724898062,8.844102390317598,0.11280384296369263,7.608697513639853,1066.6996126141773,1713.949786776744,216.35101440474537,14.795453450894405,1113.411927243474,1066.731944623134,7.608269410592533,12.766323169274195,True,129.47530905584216,0.11363614690467742,True,0.00044781661648052307,115.83558004305695,-0.0008323039409847965,216.35756273931077,0.25
0.9473086201272313,3.9893,899.2412139493097,9.52118711616396,0.8500034073406478,30.06,0.2,14.745891438061182,176339750.121543,242.49100666701872,1118.9822534385924,12.777992306049365,8.680243995256806,0.16506412070715332,7.3097670608182215,1070.6108019941448,1686.3915934300678,213.90013441433723,14.745140559406616,1119.0617171958752,1070.6407070578778,7.309549001272216,12.780949518118513,True,128.1340423969477,0.16615852015051344,True,0.0007508786545660229,114.35696427007102,-0.0010943994433601223,213.9110270229559,0.25
0.9852861530929699,3.0124,899.8950413172523,5.046583426950292,0.8595319568538168,30.06,0.2,14.668661275690392,185465217.2938013,228.90413292110702,1153.7999244073587,12.8843322174515,7.704552853839225,1.569005176073695,7.797390850073778,1102.6252167218151,1370.5898622774575,205.54498247585025,14.668272040097298,1153.8141943698897,1102.6230053160698,7.796872630328928,12.87952781668795,True,135.47112589102827,1.5670174394961285,True,0.00038923559309367306,93.43300703007876,0.001987736577566457,205.55043679405097,0.25
0.9383098507492766,3.9737,897.7143587841232,6.606213491747799,0.8500258226292989,30.06,0.2,14.71586416873917,174669251.87131155,240.15045134532198,1123.9482427149046,12.792557824375224,8.537499923214739,0.22976401754561454,7.080643535631964,1073.9259257743638,1662.5651520093966,211.90601505286875,14.71483898327422,1124.036212179187,1073.9520619124905,7.080446722719293,12.788468741716569,True,127.18156632070371,0.23064839462668107,True,0.00102518546495034,112.96888502461827,-0.0008843770810665341,211.92077858285467,0.25
0.9394615044221765,3.995,899.6305761948637,8.77767171129165,0.8500472536003488,30.06,0.2,14.67828198885589,174888044.91986096,241.77650062977045,1120.261195847009,12.78422331905174,8.642857016300738,0.18073217168873748,7.2053823726603206,1071.712077387162,1675.06317323834,213.24688158937306,14.677496309945406,1120.3520238482463,1071.7427882220022,7.205100704402306,12.785338746314977,True,127.66485793728633,0.1819060611161756,True,0.0007856789104838668,114.11164269248412,-0.001173889427438124,213.25829658645793,0.25
0.9600793621500302,3.4932,899.7162461391893,5.0011157329087705,0.8500374809278086,30.06,0.2,14.70991056465963,178724164.2871141,233.48282744951013,1138.532956689939,12.840808421526443,8.124396044756399,0.5950611993277651,7.388850653113059,1087.5358861614448,1519.6097499470707,207.65653599676136,14.709370201603091,1138.5228408870057,1087.5357074604813,7.388936598382437,12.834886799574413,True,130.18244384184345,0.5930926051524719,True,0.0005403630565385953,103.30038360766667,0.00196859417529327,207.66416446208405,0.25
0.960802040478668,3.9986,898.191797651519,18.724611263255607,0.8731364068769348,30.06,0.2,14.702317937722619,183719002.657583,250.36918249715208,1107.1371073968219,12.764355633304403,9.021562678113686,0.07544304727519656,7.811202876719257,1064.8035600618296,1712.589437263866,221.2481036897456,14.702648987553488,1107.1718937830767,1064.8225878570938,7.8105366392930975,12.75796191236784,True,133.8818526704489,0.07538749636209859,True,-0.00033104983086928996,116.48732982670319,5.5550913097973664e-05,221.2431219924087,0.25
0.9384657725943237,3.994,897.7454981997862,6.245808508436877,0.8500257349678232,30.06,0.2,14.74849908956021,174698259.18392146,240.17663198157013,1124.1225710336425,12.790628226897704,8.53300545769164,0.23164046433578106,7.035799612558152,1073.7758811235183,1670.4777754289516,211.86056799965266,14.747438812289106,1124.215622828409,1073.8053127295993,7.0354673793884075,12.785519161715511,True,126.92150050659109,0.23249798460638213,True,0.0010602772711045816,113.25513147497904,-0.0008575202706010698,211.87579986111365,0.25
0.9407254492255723,3.9942,899.3080865420109,8.067635872679379,0.8500003540410936,30.06,0.2,14.72065327371306,175113675.98760507,241.3491078793001,1121.385195499499,12.784859212059324,8.611051537631443,0.19390503624434555,7.160315606903776,1072.2657012577674,1676.5985780010913,212.8755315571979,14.719862371249544,1121.480307836304,1072.2982536916884,7.159900281539317,12.78432007824672,True,127.4616507743058,0.1950655789796624,True,0.0007909024635157635,113.88745710499431,-0.0011605427353168496,212.8869694210912,0.25
0.9587798620070166,3.9998,897.7704721230837,24.1415030621776,0.9078032051728523,30.06,0.2,14.675629849749361,190611316.3546993,255.60412153079386,1103.5836519321285,12.761968269312193,9.125033409664852,0.0595576497199509,7.80034103756855,1065.4550786812742,1708.8873718559323,226.49314998559103,14.676379950636202,1103.6233202276562,1065.4668933169175,7.7994789709934915,12.755972349139293,True,139.15312295467115,0.05954308579307344,True,-0.0007501008868402437,116.45099857612271,1.4563926877458888e-05,226.48157405792776,0.25
0.9528231665245318,3.6001,899.9988525532827,5.062866765360043,0.8500062980162199,30.06,0.2,14.703171702812561,177366875.93286574,234.60869364935462,1135.8145505507696,12.83204224352509,8.200541508332599,0.49959165214086454,7.267805571324745,1084.9585569208612,1549.1325207040222,208.2685856778261,14.702561666564486,1135.8127956748963,1084.9609842671234,7.267962618641762,12.82582376409112,True,129.25362451066272,0.49813085225764797,True,0.0006100362480747634,105.3550691386919,0.001460799883216568,208.2772271234109,0.25
0.9481440522746737,3.9969,899.9455382559822,9.696727170293274,0.8500095018324382,30.06,0.2,14.763171028729095,176496529.73715812,242.6788301700266,1118.6867458112342,12.775954381803666,8.689016368616514,0.16157407958259964,7.3066907810021435,1070.3887630795402,1691.674827668168,214.03195572184447,14.762430262295386,1118.7704445668408,1070.420131412627,7.306469806904851,12.774009799743327,True,128.0977598934854,0.1623176666188236,True,0.0007407664337097941,114.5810702765412,-0.0007435870362239583,214.04269566680767,0.25
0.9430509912571261,3.9745,896.5688869255622,7.373047346774579,0.8500026275072167,30.06,0.2,14.738065890551253,175547039.3151512,240.9167395698049,1122.3299835223465,12.787662182157591,8.583906901277278,0.2061675524383011,7.18403915506932,1072.6183131254238,1669.7856463970836,212.59237091116697,14.737108176863403,1122.418272555521,1072.644324072866,7.183813910905612,12.785642113844787,True,127.62755846987301,0.20716700456723552,True,0.0009577136878498038,113.28918109993188,-0.0009994521289344305,212.6061865540401,0.25
0.9772468783472865,3.1966,899.9248713813764,5.004461235990315,0.8500007522693219,30.06,0.2,14.66930942466146,181912133.3757617,230.43823056646974,1146.5142536026656,12.866917022875358,7.90284980708843,0.993821147290306,7.731741502282977,1095.337533560717,1431.311135567864,206.0452769833651,14.668692192401352,1146.511279348817,1095.3348888961834,7.731632745846083,12.861726440084478,True,132.87200701455913,0.991338354159087,True,0.0006172322601081248,97.56622355191061,0.002482793131219019,206.05394699909172,0.25
0.9502636772567659,3.7185,899.9924520623782,5.135900027213876,0.8500858689906964,30.06,0.2,14.764123376343564,176906989.2177462,236.06677673220037,1132.8286157582158,12.81897254951268,8.285292113768008,0.4093246797898337,7.162527408221153,1081.8645038041182,1589.886989396961,209.14531737985536,14.763366162172296,1132.8446239327627,1081.8722041567394,7.162741360093444,12.812423525340023,True,128.38752399094457,0.40852596189774637,True,0.0007572141712675062,107.6792527412558,0.0007987178920873528,209.15604445906172,0.25
0.9606081345830991,3.9996,819.9841597612167,24.997153965145824,1.0391682822280306,30.06,0.2,14.693897895183142,218610092.3910484,269.0299232947373,1102.974239876241,12.808747699624886,9.133117526250665,0.05838659736144174,7.813195965752272,1066.9305206500728,1610.847233737732,214.2164474822441,14.693609524943643,1102.9833371015316,1066.9346218494857,7.813096925711156,12.768576454999138,True,159.4061000415127,0.057320100557546695,True,0.00028837023949890295,109.62382325322457,0.0010664968038950479,214.22065159888135,0.5
0.9481788958809129,3.6299,899.998245078451,5.0000466581713585,0.8500033299669411,30.06,0.2,14.66746594672847,176501734.2793245,234.80218066992242,1135.2087461031356,12.83133144827492,8.217312311960846,0.4818371814048156,7.219832437435992,1084.450930433254,1552.862979058053,181.8665548195548,14.666818319109376,1135.2085485491123,1084.4539803679288,7.219990300200226,12.824910361489808,True,128.93662203967722,0.48043125731031855,True,0.0006476276190934271,105.8655586302452,0.0014059240944970242,181.87458531405795,0.5
0.9583300794022079,3.9997,899.9985968854935,24.30795399821504,0.9050114153132831,30.06,0.2,14.667005126362591,189935980.06901285,255.40446045607496,1103.412579593408,12.761869150878026,9.130028305076792,0.05891121249814948,7.803775210963883,1065.3879003396198,1710.9901729228427,197.07659603583642,14.66785505093868,1103.4553615029886,1065.4021065694933,7.802810265557185,12.755851289022011,True,138.74069186087624,0.05890809220504442,True,-0.0008499245760891228,116.66376859519872,3.1202931050564042e-06,197.06517649005,0.5
0.9590157943033372,3.9996,819.9841597612167,24.977795341855217,1.0391682822280306,30.06,0.2,14.675353810610552,218247716.05553275,268.92335747672877,1103.0608089040607,12.809750805504823,9.130392360489232,0.058828363766210603,7.80161673605317,1067.0690964515904,1608.1770325990158,214.13159390656278,14.675072408317941,1103.0711561493736,1067.0731605051697,7.801500887724969,12.769714787160819,True,159.34288576210875,0.057762466659228004,True,0.00028140229261097716,109.58047171462002,0.0010658971069825995,214.13569999338603,0.5
0.9594418639499156,3.9998,897.6586030040601,16.531073963022855,0.860514136432871,30.06,0.2,14.681647905905963,180806791.22645748,248.41455759950557,1108.4575302061924,12.768870097625737,8.982538347121857,0.08265222674870609,7.813297381850717,1064.5302286132826,1709.9194490938648,190.18133132774565,14.681670856625683,1108.5244429362772,1064.5545538631363,7.812628618773622,12.763491055498148,True,131.9478987917256,0.08280897418954022,True,-2.2950719719361246e-05,116.46665880777996,-0.00015674744083413183,190.18103403199004,0.5
0.9599019343137233,3.9997,897.6871771968068,22.624186864863507,0.8978195781811031,30.06,0.2,14.688903227410943,188735677.1189217,254.13108156914683,1104.5336660828307,12.761479305273577,9.09753773348828,0.06339289816791771,7.808862989159834,1065.1984317641195,1710.73889511517,195.89872518998698,14.689563543509017,1104.558444984152,1065.2110469503546,7.8080813711268275,12.759944586472178,True,137.66018051808314,0.06344886389023799,True,-0.000660316098073821,116.47090105106369,-5.596572232027808e-05,195.88991927268032,0.5
0.9581173494592519,3.9977,899.9925924537615,18.24523192782854,0.8697709167722008,30.06,0.2,14.682125637058071,182499488.37689558,249.63612705328526,1107.8513229325747,12.767412635010738,9.000316482849147,0.07933453696320913,7.769229745579796,1065.2806158033895,1709.8373197639014,191.40759250620894,14.682427399974321,1107.895132981369,1065.301926005168,7.768599536210799,12.764766641626277,True,133.17632077543553,0.07946456677154522,True,-0.00030176291624961493,116.45980627784974,-0.00013002980833608235,191.40365857132656,0.5
0.9590317409514321,3.9967,898.5985501699264,19.65014587159009,0.878553955398832,30.06,0.2,14.680830890696427,184518317.0000654,251.09112591014343,1106.6734082121307,12.763412684888934,9.035157026057735,0.07322511259496546,7.7980807770369225,1065.1191840653853,1709.2443897835365,192.87765003437664,14.681268826170761,1106.7140047192884,1065.1364248886537,7.797411130803199,12.759774269083652,True,134.66015718843624,0.07329463061313242,True,-0.00043793547433423896,116.43096872170719,-6.951801816695857e-05,192.87189658308054,0.5
0.9596123783229769,3.9978,899.9665229250774,22.00320352802153,0.8906084517259921,30.06,0.2,14.685505790219405,187163310.7231549,253.1632476971427,1105.0102205303428,12.761044021588711,9.083802071811682,0.06544503880841944,7.805951250759443,1065.1922956261737,1712.509153607622,194.85714717630947,14.686192200167243,1105.0481940093557,1065.2079366679934,7.805134795383045,12.75967255241642,True,136.5446644703915,0.0655654363038911,True,-0.0006864099478374186,116.61858322675121,-0.00012039749547165801,194.84803985411145,0.5
0.9295897035908658,3.9984,899.9771626875978,5.3554131551683435,0.8500001160169248,30.06,0.2,14.687239063185169,173040736.49324465,239.1991692310015,1126.089732283233,12.79755794061828,8.476591986505635,0.2648717005400684,6.883571469264088,1075.5552624835243,1659.1674912119547,182.71586818054055,14.686061041665983,1126.1773877586509,1075.5844081120417,6.883352380424839,12.790284692307422,True,126.24269269608945,0.2654908393256336,True,0.00117802151918589,112.95647653491204,-0.0006191387855651875,182.7305244742876,0.5
0.9460393067730181,3.685,899.966059141227,5.0038026601212495,0.8500005702240807,30.06,0.2,14.683314191425682,176102881.99183622,235.43384562275608,1133.858168065222,12.825939331249936,8.255527184008415,0.44077447250857804,7.1661232006158855,1083.073471458703,1570.1325338048634,181.9672878233683,14.682595904772603,1133.8654564160815,1083.078835267587,7.166300444985431,12.819322825454458,True,128.50701640275756,0.43965749710777974,True,0.0007182866530790477,106.92682921999852,0.0011169754007983035,181.9761898373574,0.5
0.9572886676633148,3.9977,899.9665229250774,21.748501435025794,0.8908898379553514,30.06,0.2,14.668619966180884,186769083.6922854,252.88141678283571,1105.5318986843677,12.76245178058283,9.068391305384303,0.0678870829499553,7.768635169294489,1065.6393706828947,1708.3240740223277,194.65085119585686,14.669252783208917,1105.570313601016,1065.6538796941172,7.767944464153512,12.761305003504404,True,136.4144005729475,0.06802132876647657,True,-0.0006328170280323064,116.46701620988821,-0.00013424581652127232,194.6424541510327,0.5
0.9438584163155636,3.9991,898.4837428427231,9.103985590264026,0.8500019876271416,30.06,0.2,14.71572548818687,175697207.59614787,242.28680186548124,1119.31365633537,12.780088345153377,8.670450105872927,0.1691748992817289,7.270179705551431,1070.766080780726,1682.9559842758454,185.10457236456918,14.71492371594538,1119.4009777275255,1070.7961804924919,7.269902659352039,12.782094387867508,True,127.92931297003037,0.17030781137183268,True,0.0008017722414894735,114.35748889545087,-0.0011329120901037715,185.11465815983115,0.5
0.9465778955551754,3.6572,899.9983780707411,5.001055530467777,0.8500000796950374,30.06,0.2,14.668197465049424,176203037.27879012,235.09697820565043,1134.5438541466615,12.828996079031663,8.236050347091588,0.4614669635393449,7.190772504609874,1083.7977220414311,1560.5592146270076,181.90164802464415,14.667515856447443,1134.5470031667692,1083.8017837345974,7.190940600651152,12.82247798443071,True,128.71229890643198,0.4601974981568186,True,0.0006816086019814094,106.38467929921845,0.0012694653825263136,181.91010110758072,0.5
0.9340218888168994,3.9994,899.9777301279403,6.2701614636084315,0.8500017530628214,30.06,0.2,14.712643722687769,173866111.2472902,239.95028689531514,1124.5038389389097,12.792607205545552,8.521927619642742,0.23820417673760594,6.972163656527841,1074.4087484104607,1667.4518903122357,183.28297673198514,14.711569625380891,1124.6008055671534,1074.4390784728762,6.971944714296545,12.787430816593517,True,126.62491082674136,0.23913837325244966,True,0.00107409730687813,113.32537606857379,-0.0009341965148437215,183.2963582919898,0.5
0.9590470666459154,4.0,898.6094460274143,18.871515060449028,0.8730985341873437,30.06,0.2,14.678215388584416,183375472.3837439,250.3905147222604,1106.981930125086,12.7650869562254,9.0258954692275,0.07481677515184247,7.806616016431144,1064.8210102416488,1710.5487022403136,192.12223561080089,14.678567123949854,1107.0187253692095,1064.8405035165536,7.8059271679346125,12.759030337189031,True,133.8507490220783,0.07478353640899793,True,-0.00035173536543808837,116.5397657001821,3.323874284454076e-05,192.11763187910276,0.5
0.9600473161277463,3.9997,899.896756139703,20.666656332248156,0.8821820461755245,30.06,0.2,14.691483530742671,185476511.0842852,251.92620115439843,1105.8070373181533,12.760440417470424,9.060836408295536,0.06897086128284634,7.8094289257655305,1064.9500017258097,1713.9213021764967,193.59576438843024,14.692050249528654,1105.852831917191,1064.967649983714,7.808663048126246,12.758639160645258,True,135.26011001151235,0.06912004058031519,True,-0.0005667187859828005,116.66609114288607,-0.0001491792974688544,193.5882967882858,0.5
0.9418970939023628,3.7575,899.9664590186335,5.00259552063303,0.850000554651618,30.06,0.2,14.685361981765645,175331816.07738125,236.22699146652346,1132.142624000837,12.819687114221109,8.30408115107754,0.3940958877475164,7.09055120061295,1081.376748255367,1590.5237072917048,182.07362060421144,14.684534495708567,1132.1620621417228,1081.3858686087635,7.090715140484363,12.812785468703142,True,127.9274581571958,0.39335044407481473,True,0.0008274860570782749,108.29953330932766,0.0007454436727016844,182.08388060819425,0.5
0.9441583719010586,3.9998,899.951409647562,9.640500775890475,0.850000567395303,30.06,0.2,14.713378600684866,175752750.02294436,242.54997679732307,1118.7435279087363,12.778578613814934,8.686876405685211,0.16292168545355984,7.284359655778969,1070.581583465611,1685.6644593890833,185.26658509181024,14.712637314787278,1118.8259970840772,1070.6128615153507,7.284115121147211,12.7816636648588,True,127.98964172960633,0.16404410912533132,True,0.0007412858975879288,114.56033506771674,-0.001122423671771483,185.2759196185769,0.5
0.9417022349878463,3.7396,899.9880933075075,5.000001852407196,0.850042721133323,30.06,0.2,14.668913824477041,175304239.56205812,235.9923072495222,1132.586041499854,12.822003481861815,8.291376947964178,0.40624946779637683,7.10328228924941,1081.8715736417646,1583.4911086892705,182.01792551830624,14.668117470479606,1132.601814581925,1081.8795199902393,7.103446116413231,12.815173907404274,True,128.0504954622555,0.4053995564881319,True,0.0007963539974351619,107.94181178726672,0.0008499113082449106,182.02780754324112,0.5
0.9436526690170243,3.7069,899.9998290171604,5.000620430865207,0.8500000339815644,30.06,0.2,14.668951610025413,175658504.44583088,235.63510406327035,1133.3531741374493,12.824763311500403,8.269671413836658,0.4270681861574532,7.1380976035756305,1082.6259524790587,1574.4645343506556,181.96853755572945,14.66820469177182,1133.363478234059,1082.6322713841375,7.138265835812631,12.818059327533886,True,128.3085043006323,0.42605063920905123,True,0.0007469182535935204,107.32659976263804,0.0010175469484019484,181.97780355829323,0.5
0.9388411942026754,3.7962,899.9907510199845,5.002632937619807,0.8500019241402244,30.06,0.2,14.674366149408455,174763249.4725709,236.62787018560505,1131.249642018577,12.816902852271959,8.329318799680053,0.3721256097973717,7.0473169440547325,1080.533724321449,1599.9006210521438,182.11442119698762,14.673524037457854,1131.2766267424327,1080.5464387432587,7.0473556086463205,12.80984874026983,True,127.6082952143046,0.3715740873863668,True,0.0008421119506003549,109.01957497130044,0.0005515224110048678,182.12487272383797,0.5
0.9391950707351757,3.8009,899.9850775278379,5.0096277956865025,0.8500019241402244,30.06,0.2,14.682645125420311,174829122.8206022,236.7031439795827,1131.1253335847857,12.816088930940976,8.332920739642834,0.36884395351227134,7.045476282477929,1080.3859289578168,1602.2590900456016,182.14011816376484,14.681743299422692,1131.1536072059846,1080.39767273354,7.0456177806447196,12.809022316080657,True,127.58492877010978,0.36832684466656107,True,0.0009018259976194543,109.11821520947292,0.0005171088457102679,182.15130611947419,0.5
0.9308563143199079,3.9992,899.9422535934431,5.9985043090688785,0.8500034564763898,30.06,0.2,14.67912699976539,173277193.79662398,239.67515816179275,1124.9699721130096,12.795397193646416,8.508319423104961,0.24634744324490238,6.939614776572122,1074.8335920628124,1661.680723239127,183.07503734855624,14.678022443484469,1125.0644135406847,1074.8631819315983,6.939394656365189,12.789579800375863,True,126.48443407516376,0.24719922497770513,True,0.0011045562809215426,113.19072408662899,-0.0008517817328027588,183.08881418281044,0.5
0.93086628432315,3.9997,899.9890328898914,5.00062625719231,0.8500010441972861,30.06,0.2,14.720579583727522,173278557.9347385,239.01914663210636,1126.665181690848,12.797061366891187,8.46063574543155,0.27416187101941597,6.858656110592192,1075.8083707243209,1661.9443921603613,182.56945378178153,14.719352764417865,1126.7490863473276,1075.837724074455,6.858442248392212,12.789055815771368,True,126.13027268156674,0.27464283865126726,True,0.001226819309657401,112.88887395053962,-0.0004809676318512923,182.58467046520764,0.5
0.959433028058902,3.9992,899.9402221774939,20.332439135989905,0.8804763908253344,30.06,0.2,14.686124050370166,184999453.38940448,251.58648277348496,1106.1148079155817,12.761373646802673,9.051734662205433,0.07045727716223073,7.801208542024859,1065.0361300553986,1712.6932948069555,193.2765676136785,14.686656956529548,1106.160368560594,1065.0541393812273,7.800470504412034,12.75903827464918,True,134.96175518142832,0.07059075579473004,True,-0.0005329061593819517,116.62472759205664,-0.00013347863249930925,193.26955456274047,0.5
0.9593795483944358,3.9986,899.9486894707592,15.188041894756324,0.8504095449865923,30.06,0.2,14.685770547975,178672061.1300702,246.9546973549379,1109.4376244341186,12.767714370549301,8.954556922219982,0.0881280274586229,7.8036633570748934,1064.5162559246285,1712.3765089913313,188.65416408031686,14.685522915819206,1109.5181159068945,1064.548074575802,7.802992790589583,12.762687963817788,True,130.35582887183196,0.08839044996414064,True,0.000247632155794264,116.59886848310595,-0.00026242250551773705,188.6573452293722,0.5
0.9481788958809129,3.9913,899.9983780707411,11.814460455437471,0.8500004411229964,30.06,0.2,14.671066838874605,176501134.41583183,244.0701519905512,1115.257901075949,12.773854056796944,8.786749298638298,0.12982451712348736,7.485584520708288,1068.4813861610446,1689.6859302008904,186.48449892394353,14.670518169485591,1115.353006975982,1068.5114012228744,7.485299920854503,12.775666767105236,True,128.90366660396418,0.13075242961003183,True,0.0005486693890137673,115.16648538658703,-0.0009279124865444743,186.49147334263162,0.5
0.9472595234647644,3.9998,899.9007472587714,11.362183673513872,0.8500010431501339,30.06,0.2,14.683071366197005,176330120.42439616,243.84450440122828,1115.817109911313,12.773775308919564,8.770854986833037,0.13455375239603087,7.439578568013172,1068.73636234698,1691.1349701167867,186.25658808795353,14.682479723658611,1115.913823386964,1068.767405783776,7.43927355361988,12.775000363344942,True,128.6738565841261,0.13549183497697226,True,0.0005916425383940549,115.17064781710218,-0.0009380825809413851,186.26409344962562,0.5
0.9606359546393782,3.9995,899.9617904423924,13.322578469919268,0.8500002423926721,30.06,0.2,14.7800233491971,178819942.99751526,245.66331639155376,1112.4413022787799,12.763854215736535,8.86917505488082,0.10659026334935517,7.656256011054224,1066.1507283787719,1714.9815916206958,187.64643945225382,14.77960027123964,1112.5316279010779,1066.183085726784,7.655799496012147,12.766151987461688,True,129.6332732635512,0.10734562203032821,True,0.00042307795745877286,116.03004312800257,-0.0007553586809730395,187.65181098266538,0.5
0.9393188537096144,3.7797,899.9898865010301,5.000903006459857,0.8500003816882616,30.06,0.2,14.66788060157024,174851847.45782948,236.4307379532335,1131.637041646399,12.818620183434469,8.318262967710304,0.38188919994424697,7.062379691341598,1080.9378603989298,1594.5251835052827,182.07642369277434,14.667017424204364,1131.6604445276362,1080.9481672912577,7.062526371824999,12.811633298075389,True,127.72962608214216,0.3812487838355247,True,0.0008631773658756003,108.70111187109133,0.0006404161087222859,182.08713918067795,0.5
0.9333336448059104,3.9053,899.9249948850198,5.011950523286166,0.8500600881738173,30.06,0.2,14.682674143818375,173749919.67962298,237.87870794587,1128.7397066118708,12.807091774223174,8.400868858031593,0.31542324236273556,6.941550718298617,1078.0184427263514,1631.089272240073,182.33401437495172,14.681589072453885,1128.7936958050948,1078.0380158287194,6.941564918757047,12.79958886833712,True,126.79869141511978,0.3154394904012638,True,0.0010850713644892096,111.08001653075021,-1.6248038528232644e-05,182.34749012453128,0.5
0.9369219302568234,3.8373,899.9895069349402,5.011588385747013,0.8500025222699954,30.06,0.2,14.679880607692777,174406105.3830948,237.1027817963535,1130.286053874591,12.813091532941643,8.356758820302357,0.34920975458316983,7.007964522921169,1079.5655858980285,1612.0036851320006,182.19757758484062,14.678908879771436,1130.3225082612394,1079.579679521407,7.008084463134153,12.805878273535265,True,127.3007999910275,0.34888011099022664,True,0.0009717279213408148,109.801981805326,0.0003296435929431851,182.20963886778677,0.5
0.9466165676505828,3.9995,899.5637625538342,10.623718588495414,0.8500118418952275,30.06,0.2,14.701579504540632,176212674.36607325,243.336228065391,1116.9884629998915,12.775264869357324,8.737276356345042,0.1451868748063108,7.383066236525546,1069.4102951241687,1689.4339636018785,185.87866158146014,14.700916366404838,1117.0810477726523,1069.4410456527105,7.382794588607743,12.775265619160834,True,128.4268879966572,0.14607443025169412,True,0.0006631381357937727,114.9093400687338,-0.0008875554453833256,185.887046312456,0.5
0.951604075448713,3.9966,899.9999127920462,11.900878472881868,0.850000917264863,30.06,0.2,14.717639372807367,177138822.26889053,244.3137358973469,1114.9721365622,12.770568346498267,8.795556487097624,0.12681571246636242,7.502141931239894,1068.08729738886,1697.8055058794837,186.63446197056535,14.717095329420802,1115.0691506233752,1068.1184502240067,7.501824145975908,12.7725022705401,True,128.95995509975833,0.12774579539803899,True,0.0005440433865651073,115.35378079758857,-0.000930082931676568,186.64136124263416,0.5
0.9366119637099799,3.9975,899.973172413719,7.787815226095327,0.8500008819219158,30.06,0.2,14.684915914384277,174348069.2826712,241.0210870945472,1121.9647526779793,12.787819243012208,8.594143498534415,0.20209368716784032,7.105810534979383,1072.8395167459907,1671.359369548295,184.11373470340575,14.68400517474082,1122.0628433539912,1072.8699291574637,7.105593495920705,12.786514448429251,True,127.21427197818946,0.2032702262411785,True,0.0009107396434568926,113.80681511635774,-0.001176539073338173,184.1251539092085,0.5
0.9294177212921003,3.9995,899.986756719203,5.76994879338625,0.8500004651322057,30.06,0.2,14.668981170756098,173008793.4887147,239.48129954176306,1125.364740812943,12.796794124643815,8.496998534671643,0.25302837388321053,6.91499731303512,1075.1342294516617,1659.28102920438,182.92382598960177,14.66785845642746,1125.4571023923722,1075.163778347563,6.9147603083519344,12.790443061189995,True,126.376024832014,0.25380580602900016,True,0.0011227143286376418,113.10527470974907,-0.0007774321457896249,182.93782743371835,0.5
0.9350489239698133,3.8538,899.9912326164133,5.001905750436484,0.850000113254401,30.06,0.2,14.66721124974741,174056955.78390953,237.2529718354418,1129.9284988784789,12.812302944911789,8.36682713369154,0.3415018254134965,6.987218425130549,1079.2492932799105,1614.9435027131951,182.20012384632568,14.666216966919071,1129.968506323531,1079.2646387454738,6.98730185730717,12.805014034254828,True,127.15589569103179,0.3412455410779912,True,0.0009942828283389105,110.09707614441001,0.00025628433550528573,182.21247593786165,0.5
0.9599488653741333,3.9998,899.9089895571841,16.031467125296206,0.8549648776276807,30.06,0.2,14.692266578829008,179735737.85276386,247.71808285312957,1108.8267282065183,12.768116381920088,8.97205738387932,0.08460996720294102,7.808234362035415,1064.5005007777363,1713.8000612521607,189.39488091362486,14.692195691158618,1108.9044682800281,1064.5298115308503,7.807531690998213,12.76240537389642,True,131.07231137557815,0.08481834738975252,True,7.088767038965216e-05,116.64577147755142,-0.00020838018681150483,189.39579471590287,0.5
0.9518403690944669,3.9998,899.6846723745533,12.666928309702666,0.8500238149344697,30.06,0.2,14.687743489687897,177187580.78816822,244.92992634861116,1113.548841132283,12.769936019256626,8.836274452996403,0.11570128383026536,7.570756828906333,1067.1818138732933,1699.0295655690327,187.0915808341384,14.687260665113035,1113.644132474387,1067.2129799313911,7.570361177713177,12.772303173769679,True,129.2574843515182,0.11656197275681807,True,0.0004828245748615956,115.67244199709296,-0.0008606889265527079,187.09773122630722,0.5
0.9427416361308253,3.7232,899.9899450268138,5.000386344080299,0.8500000234053408,30.06,0.2,14.669602206458581,175488915.84607434,235.81459526687456,1132.964170268019,12.823349193228973,8.280677279765882,0.41636296557861546,7.121354460171186,1082.2403548350676,1579.067922976998,181.99350657089812,14.66883203442896,1132.9771460270556,1082.2475132860955,7.121518735089684,12.816582812749472,True,128.17914743668805,0.41542973316443804,True,0.0007701720296218184,107.63544783018651,0.0009332324141774206,182.00306195390374,0.5
0.9459217413605381,3.6773,899.9931291067162,5.0038026601212495,0.8500001791757641,30.06,0.2,14.675634956034376,176080916.4732583,235.33181505873756,1134.0514131818034,12.826950244013283,8.250005795774197,0.4466476095071576,7.171663371479075,1083.2907088431582,1567.0625634152584,181.94187424493623,14.674985855761875,1134.057459279577,1083.2971959451054,7.171720713917007,12.820361997235656,True,128.55761950782627,0.44548463282608686,True,0.0006491002725006467,106.77419555091129,0.0011629766810707376,181.94992185202167,0.5
0.933735333356114,3.9996,897.7941556705931,6.259843121852608,0.8500002890147169,30.06,0.2,14.686813399807777,173812470.20514303,240.1120968178928,1123.9968700146085,12.793182244455728,8.536010994478232,0.23100912689653852,7.014595995679427,1073.8749045940824,1664.2050945172946,183.4556578336855,14.685719696896186,1124.0910869865866,1073.903318174605,7.01430466657466,12.788120204244962,True,126.80866208261254,0.2318877267727176,True,0.0010937029115911656,113.30343473528025,-0.0008785998761790814,183.46932049314393,0.5
0.9301545818756733,3.953,899.9664590186335,5.001944153640476,0.8500007366531885,30.06,0.2,14.675118721667873,173146013.55980802,238.39240681686394,1127.6916476830704,12.803341516325272,8.430770413540817,0.2945884214908187,6.892344833439869,1076.9943143702699,1643.3010128122523,182.40304673128207,14.673958894970466,1127.7593622082918,1077.0183036468866,6.892249435257461,12.795615222690605,True,126.4236783575306,0.2948345569721715,True,0.001159826697406885,111.96872845933333,-0.00024613548135277163,182.41746383063486,0.5
0.9370105627976482,3.821,899.9961880883972,5.000883957988078,0.8500003947173962,30.06,0.2,14.668775783771554,174422167.57068488,236.88924125019548,1130.6823203383005,12.815048875742196,8.345390406527226,0.35874299816161137,7.020398703816788,1079.9908041855533,1606.0662272295472,182.1448559346063,14.667833019840236,1130.7145764642949,1080.0036292497698,7.02053055771518,12.807893445338959,True,127.40865918841045,0.35831729993331507,True,0.0009427639313184244,109.48058206178503,0.00042569822829630066,182.15656315817628,0.5
0.9439151008775414,3.9999,899.9518453182432,9.965508779658359,0.8500006634867203,30.06,0.2,14.696615777108766,175707485.58598787,242.7666780001941,1118.195877076614,12.778181010935581,8.702456753459938,0.1573597353428017,7.310023715744848,1070.2765926893069,1685.2683873469236,185.43142433003038,14.695901230185703,1118.282122900225,1070.307649558509,7.309776030769923,12.77677779465526,True,128.10239897639974,0.15815073277447966,True,0.0007145469230636081,114.66427902379436,-0.0007909974316779589,185.440440412244,0.5
0.9440439980497072,3.7069,899.9925972289778,5.006888432949391,0.8500000343175776,30.06,0.2,14.67399478366232,175731349.40291968,235.65119566473086,1133.3390144447771,12.824510533271443,8.270112184496522,0.42648834308151207,7.140186742565554,1082.5980167401258,1575.1085294881957,181.98112992224185,14.673232026118646,1133.3495207530545,1082.603959840496,7.14038990951508,12.81781525266215,True,128.31773416438645,0.42547976701355783,True,0.000762757543673942,107.33346150034441,0.0010085760679542366,181.99058983396458,0.5
0.9445123437279167,3.9977,899.9706652238086,10.374239136380664,0.8500256036019924,30.06,0.2,14.686441727108102,175823819.62687284,243.03714014832988,1117.5614048130697,12.777364518570872,8.720598650842202,0.15102626183050955,7.3469547885593816,1069.9121622949347,1685.5241574520999,185.65345971806693,14.685767567836667,1117.651193632105,1069.9429250965215,7.346702032850798,12.776819632123262,True,128.2756675916024,0.15188211255018125,True,0.0006741592714352151,114.76147255672748,-0.0008558507196717025,185.661982255317,0.5
0.9437494394097478,3.7232,899.9883465304291,5.000884448552609,0.850000061690974,30.06,0.2,14.683421056892115,175676523.73116076,235.84452305793562,1132.9589236337565,12.822708831874744,8.28095017712921,0.4157098169535946,7.12510586354262,1082.188180711872,1580.7559674734189,182.01660511740084,14.682646739767753,1132.9721745264505,1082.1953971792145,7.125281749028281,12.815940000130356,True,128.1954474495464,0.41478487108028594,True,0.000774317124362156,107.64907560838921,0.000924945873308658,182.02620410706248,0.5
0.9393188537096144,3.7797,899.9885866470803,5.000903006459857,0.8500001749022683,30.06,0.2,14.66786607147531,174851804.92030394,236.43094109129396,1131.6366976548966,12.818620410492837,8.318272430051358,0.38188125778599924,7.062408727929608,1080.9374960462808,1594.5251835052827,182.07657298705533,14.667005930674183,1131.6600922164994,1080.9478735657947,7.062549080285982,12.811633564197354,True,127.72969510134861,0.38124058109197406,True,0.0008601408011266187,108.70124598994535,0.0006406766940251774,182.08725079615255,0.5
0.9303564611835284,3.9627,899.9999102205256,5.001870453128458,0.8500001101681381,30.06,0.2,14.685623333730014,173183465.25871673,238.52175608577562,1127.4833678210462,12.801999479549833,8.436839587567256,0.2902924479832919,6.884948397397743,1076.7511323914498,1647.3035390035604,182.43617151205086,14.684451128667899,1127.554400283049,1076.776296830094,6.884828091193705,12.794214939644876,True,126.36067303526723,0.29058938026899184,True,0.0011722050621152391,112.1610830505084,-0.0002969322856999357,182.45073471239698,0.5
0.9340218888168994,3.9994,899.9899174825138,7.297362130163462,0.8500007661895612,30.06,0.2,14.670816355659504,173865909.3843935,240.63532171120323,1122.7671290256158,12.790419723039632,8.571067078042297,0.21332725811082676,7.054628947401202,1073.4094211086137,1667.467584391605,183.80591481359892,14.669858488536343,1122.8666456012947,1073.4397985043736,7.054397471599079,12.78787755479962,True,126.98479883594051,0.2144640791534651,True,0.000957867123160483,113.65052287526272,-0.0011368210426383474,183.8179164046831,0.5
0.9478593668929037,3.6433,899.9603633926187,5.008198639547038,0.8500001034236844,30.06,0.2,14.67352405912105,176441584.79333994,234.96811092195563,1134.8571516316358,12.829893803903106,8.227258734138058,0.47073289455610506,7.208655876185034,1084.0887745910438,1557.3646773823257,181.9009448101357,14.672851688513733,1134.8587523850047,1084.0920939309,7.208839583726988,12.823438299451372,True,128.83968239364816,0.4694055801937081,True,0.0006723706073170632,106.12842852830747,0.0013273143623969696,181.90928026198446,0.5
0.9580753635748571,3.9977,899.9925924537615,18.488117235818894,0.8697709167722008,30.06,0.2,14.670981320369576,182491491.0241439,249.8148070540439,1107.4451609029657,12.767015628239344,9.01211971695842,0.07726607105839027,7.790083960768235,1065.0433113129006,1709.7623925829232,191.544594746942,14.671304411355356,1107.4867151927704,1065.064836461344,7.789406841516411,12.76490108127872,True,133.27144747575002,0.07740058850904229,True,-0.00032309098578053863,116.54335957829389,-0.00013451745065201637,191.5403765581428,0.5
0.9590498441027434,3.9958,899.9716511197739,18.871515060449028,0.8719817308401383,30.06,0.2,14.681512837702046,183141442.370693,250.17693831624564,1107.2058343362721,12.765556828782385,9.019330527110522,0.07593926229727463,7.797263714461112,1065.056291129626,1710.746191900957,191.91502039223684,14.68188035348962,1107.243518046147,1065.0767404495966,7.796588354782573,12.75929088500145,True,133.6497568732475,0.07590237856461507,True,-0.0003675157875733248,116.52718144299814,3.6883732659559465e-05,191.91021638905954,0.5
0.9336526160355152,3.9996,897.829034792787,6.460932179826955,0.8500002890147169,30.06,0.2,14.677809336607963,173797072.58516613,240.2411650977429,1123.664251696583,12.792807033698548,8.545410086999919,0.22620196916350022,7.029782307903963,1073.6918154718217,1664.102524125303,183.55346443471342,14.67681001953948,1123.7595509044907,1073.722109999397,7.029350950163657,12.78825871518569,True,126.87440182879405,0.22713169517388873,True,0.0009993170684818864,113.36676326894886,-0.0009297260103885152,183.5659622533637,0.5
0.9370105627976482,3.8306,899.9906386148728,5.006637132196932,0.8500005569876917,30.06,0.2,14.676043447787084,174422200.86894786,237.01621199393023,1130.4488779349617,12.813863481860672,8.352093109808322,0.35307389747116547,7.013261656792418,1079.737420526397,1609.6509300283926,182.17680872577276,14.675086434406943,1130.4835980934472,1079.7510690509762,7.013381887784961,12.806672869785807,True,127.34570957230378,0.3527049240118696,True,0.0009570133801410918,109.67050242162645,0.0003689734592958738,182.1886891085072,0.5
0.9349560107817904,3.8738,899.9868131578714,5.010983226511475,0.8500097865367049,30.06,0.2,14.681153138592236,174041640.86145273,237.5137352683123,1129.456432509371,12.809891643073716,8.380405136937519,0.33067579360362104,6.97168537515386,1078.7374596325985,1622.2436536204405,182.26454474811874,14.68020202322907,1129.501972748198,1078.7565895889359,6.971589812295173,12.80252154129947,True,127.02358342358426,0.33053113082907687,True,0.0009511153631667213,110.49015184472805,0.00014466277454416865,182.2763534826577,0.5
0.9309970853644816,3.9854,899.9998423985936,5.003660281285591,0.8500000326846935,30.06,0.2,14.711642961438764,173302700.0065506,238.83740898952803,1126.9767137235392,12.798745174373384,8.451610625150455,0.2800889069125747,6.870041184932186,1076.1540756225922,1656.8760439617338,182.52568200211292,14.710436014622209,1127.0557020889078,1076.1818398551256,6.869866825672856,12.790824846872304,True,126.2243104882581,0.28050204375365106,True,0.001206946816555643,112.61309850126993,-0.00041313684107635584,182.54065768268507,0.5
0.9315204045560718,3.9996,899.9868612100479,6.460932179826955,0.8500002890147169,30.06,0.2,14.670318766198603,173400166.81218892,240.00372757442744,1124.1857583202452,12.79392275975463,8.530569261013643,0.23418490532057112,6.977956225868979,1074.3486743952549,1663.0722584621446,183.32219648547883,14.669267346799034,1124.2833163270757,1074.3785670057027,6.97773251220689,12.789251860543992,True,126.64974236330877,0.2351680335919299,True,0.001051419399569653,113.35398521111867,-0.0009831282713587686,183.33533609969405,0.5
0.9350104736809026,3.8597,899.9869705182374,5.010983226511475,0.8500097865367049,30.06,0.2,14.670942172504713,174051779.10562494,237.33410165753364,1129.7786823487797,12.811592040445152,8.371124134708001,0.33805360395361994,6.983053694182092,1079.0929986855274,1617.0743905636207,182.2226312574174,14.669939082475072,1129.8203874591766,1079.1088708674563,6.983129547658497,12.804290445964789,True,127.11985236838348,0.33783477447341537,True,0.0010030900296413847,110.21424928915016,0.00021882948020457427,182.23509113905436,0.5
0.9562871890556491,3.9962,899.9766561568063,13.061120369995354,0.8500432617350212,30.06,0.2,14.73108083275096,178019440.6114805,245.28605213588764,1113.000696621534,12.767300639501793,8.852472801474658,0.11113741629890166,7.618258726732769,1066.7280456598683,1705.977511751407,187.3820350742684,14.730641153336535,1113.0925612836973,1066.7595403977846,7.617843528534494,12.76966622822635,True,129.48188266582673,0.11193927481071667,True,0.0004396794144252425,115.80416947006091,-0.0008018585118150096,187.38762804354909,0.5
0.9390248898004083,3.9998,899.943080460951,8.891397788258432,0.8500010982624793,30.06,0.2,14.674117046283367,174797274.17270622,241.87598328213795,1120.0336812767011,12.783655997971632,8.649391744311714,0.17808362486490598,7.203484825256348,1071.5763342301468,1676.4885518022618,184.75198234516574,14.673327936546455,1120.1255013248776,1071.6075486756713,7.203213307669733,12.784988059327734,True,127.6348450510745,0.17927051678986816,True,0.0007891097369121525,114.24113823106345,-0.0011868919249621857,184.76191803179478,0.5
0.9466498346196237,3.6646,899.9983780707411,5.006162245733548,0.8500001239436346,30.06,0.2,14.675087905742199,176216437.72368124,235.19505673389014,1134.3540928052955,12.828042722079717,8.241459604217383,0.45554092006327035,7.185173367339193,1083.591175809908,1563.4748712407056,181.92536317965477,14.674400579409038,1134.3584236200713,1083.595674267568,7.185338882962683,12.821504838365883,True,128.66169565893028,0.45431751378891927,True,0.0006873263331605983,106.53336107495986,0.0012234062743510798,181.93388428360765,0.5
0.9351013129280893,3.8948,899.9889659289632,5.000996405282037,0.8500014678939464,30.06,0.2,14.699805237185112,174066985.26290447,237.78155905184238,1128.994564078272,12.80721503524964,8.393764712832258,0.3202516800453978,6.954946782690619,1078.207251225244,1630.3391935251943,182.32711026088035,14.698815894526604,1129.0459838028808,1078.2283696418224,6.954820572465632,12.799719520490083,True,126.88120096977269,0.3202143039679188,True,0.0009893426585083631,110.90035808206969,3.737607747900107e-05,182.3393822689984,0.5
0.9391950707351757,3.9998,899.9546509760218,8.196123504798253,0.850059559451798,30.06,0.2,14.705709942460985,174840977.300786,241.40958644315717,1121.2201795175492,12.784858985877655,8.615698064330836,0.19203644173265755,7.146371186547213,1072.2585031748595,1676.803170196967,184.39761025303127,14.70483858141578,1121.3170267489577,1072.2894835350453,7.146143731097171,12.784562778137023,True,127.39318252245673,0.1932308596381403,True,0.0008713610452044662,114.01640392070044,-0.0011944179054827475,184.40853705739664,0.5
0.9439151008775414,3.9999,899.9518453182432,10.411914757232854,0.8500003655719621,30.06,0.2,14.678030961386705,175707424.00267938,243.0740158280537,1117.445512637169,12.777456128913585,8.723865650186728,0.14998031472271128,7.346754940678483,1069.8436740587308,1685.2683873469236,185.66616624045113,14.677358233500563,1117.5361302429362,1069.8746264770966,7.346489783602146,12.776974167897835,True,128.2641952956444,0.15084301566649663,True,0.0006727278861422548,114.80982053240928,-0.0008627009437853495,185.6746761375018,0.5
0.959242110569064,3.9976,899.973172413719,14.844019604096555,0.8500008819219158,30.06,0.2,14.69504015480833,178560616.81071705,246.67710997762666,1109.9621342724656,12.767388091056505,8.93954268733529,0.09117048093615981,7.780471129700461,1064.8067565877982,1711.780570564183,188.43362943823956,14.69481053824867,1110.0402742540277,1064.8401192027732,7.779730376217918,12.762779928742573,True,130.1921832098096,0.09144532412485169,True,0.0002296165596611388,116.48492676781706,-0.0002748431886918784,188.4365738437903,0.5
0.9407270950086364,3.9999,899.9982613960791,7.4386170983500515,0.8500005119489377,30.06,0.2,14.758156361901019,175114014.87758237,240.94190495081025,1122.4919280951726,12.785309059795908,8.57983260741997,0.20782749140280524,7.090570335874507,1072.9135077220299,1679.636719424254,184.03653417698084,14.757197781106566,1122.5918455106034,1072.9448439708492,7.090366810812765,12.783120803909657,True,127.1394214405798,0.2089754126288858,True,0.0009585807944532121,113.80248351023046,-0.0011479212260805671,184.04848860693133,0.5
0.9564850967205243,3.9962,899.9766561568063,14.604712678212222,0.850011964772857,30.06,0.2,14.667771025881787,178049726.79439622,246.39096211942618,1110.421436406185,12.769216608706774,8.925973324218088,0.09423891218022754,7.749652907670956,1065.2225109511726,1706.3305709887827,188.22498148140343,14.667460834347105,1110.4960460441096,1065.253908594897,7.749076500897726,12.764906640112182,True,130.06175136724613,0.09451446904801977,True,0.0003101915346821471,116.32921075218005,-0.0002755568677922371,188.22896211557935,0.5
0.9591616661266731,3.9994,899.982648486958,15.702899196498757,0.8545186557910766,30.06,0.2,14.693118229830489,179494616.38868532,247.42800931792684,1109.327830220799,12.768406619011051,8.95757358744656,0.08747423429576102,7.782395837568714,1064.8048497551556,1712.3323901154138,189.15813210973235,14.693035122909384,1109.4051274616165,1064.8348792450474,7.781689937944422,12.76288871484434,True,130.88899523325165,0.08769487330061514,True,8.310692110491402e-05,116.53901408467519,-0.0002206390048541118,189.15920202822298,0.5
0.9295430514738213,3.9976,899.9101624656956,5.556044361684048,0.8500015147781106,30.06,0.2,14.677195270528177,173032337.06318942,239.32497351756467,1125.7509988665329,12.797354497517391,8.4860921764386,0.2593178794414251,6.901353497144699,1075.3643930692022,1658.7014723256807,182.81889583198824,14.676029770124025,1125.8405180801208,1075.3931239284016,6.901158259732696,12.790525585070872,True,126.32284930898813,0.2600092974522695,True,0.0011655004041521977,113.00212420857655,-0.0006914180108444357,182.8334144381996,0.5
0.9438584163155636,3.9991,898.4837428427231,8.805677456140227,0.8500019876271416,30.06,0.2,14.72813944157283,175697207.59614787,242.08258482392458,1119.8176568726374,12.780652186474615,8.656099550672096,0.17471100916099735,7.245717857117777,1071.0560687670306,1682.9559842758454,184.9485526893089,14.727309199271476,1119.907955031809,1071.086276276601,7.245445544716947,12.781964769012642,True,127.82172601363051,0.17585734720553184,True,0.0008302423013546445,114.26085881029407,-0.001146338044534484,184.95897904146457,0.5
0.9314867084466171,3.9243,899.994776135584,5.00471254161191,0.8500013749638887,30.06,0.2,14.672040987395851,173394115.8924113,238.05893071093206,1128.3329080211206,12.805980781548543,8.412399007743343,0.30738181520195645,6.919004757588246,1077.6477356711757,1635.01628995916,182.34015609178618,14.670925543193349,1128.392037280231,1077.6689993835207,6.918976077950294,12.79838891083336,True,126.63100861480393,0.3074871045932717,True,0.0011154442025027578,111.42792209612813,-0.00010528939131526638,182.35401958454244,0.5
0.9314867084466171,3.923,899.994776135584,5.00471254161191,0.8500440939089703,30.06,0.2,14.67138437966911,173402830.2473905,238.0429933285241,1128.3708669332268,12.806139844116837,8.411311613542651,0.3081661986823929,6.91933946503931,1077.689389773295,1634.5327870734602,182.33820280655686,14.670278153418675,1128.429575525718,1077.710617721886,6.919302258034637,12.79855536345484,True,126.64296119725417,0.308264286202628,True,0.001106226250435327,111.40003213126992,-9.80875202351017e-05,182.35195219183043,0.5
0.9468215486302123,3.9996,899.5579073625581,10.807694646511187,0.8500010043220209,30.06,0.2,14.696590827886654,176248584.39352044,243.47195069764976,1116.6723099199164,12.77484024283466,8.746337027294107,0.14223749000771893,7.399291581410386,1069.215117406846,1689.829947540175,185.98140859404376,14.69601490979192,1116.766175521266,1069.247667600663,7.398869678733616,12.775186245087413,True,128.49590188373818,0.1431418238496666,True,0.000575918094734007,114.97604881391158,-0.0009043338419476576,185.98869696841945,0.5
0.9604931739807342,3.9995,899.9960462683559,13.94982155712588,0.8500002423926721,30.06,0.2,14.751621063571147,178793364.74056315,246.10280001364808,1111.4031096628826,12.764749975622221,8.898724085131434,0.0997708971180363,7.707897990241885,1065.5610967970372,1714.7720548362777,187.98132145049289,14.751341806940513,1111.486387979842,1065.5955673336573,7.707199988790915,12.766520891444678,True,129.86230125503428,0.10040649822925843,True,0.000279256630633995,116.2404987586138,-0.0006356011112221283,187.9848801118769,0.5
0.9565251125602415,3.9962,899.9766561568063,13.102770538785492,0.850011964772857,30.06,0.2,14.732246655743863,178057175.74404898,245.32289585399204,1112.9230058480643,12.767156288800967,8.854723085614857,0.11055430103925662,7.623208473842856,1066.6689727086132,1706.4019576218495,187.40905564019985,14.731811374196617,1113.0146009450837,1066.7005531365282,7.622785368384887,12.76951166776812,True,129.49904162783662,0.11134951251596409,True,0.00043528154724548074,115.82385422615542,-0.0007952114767074692,187.41459302468263,0.5
0.934693210019358,3.8705,899.9927817252839,5.004454623050709,0.8500005570329764,30.06,0.2,14.675191291441122,173990831.38482308,237.45864857014598,1129.5431944679215,12.810479339383823,8.377879706342096,0.33273940287397663,6.9728435358561445,1078.8406093416702,1620.5636124508794,182.24425373646412,14.674162201897738,1129.5876492239665,1078.857245378974,6.972916889413247,12.803117296586567,True,127.03876742496537,0.33257376734015626,True,0.0010290895433833214,110.41988114518061,0.0001656355338203741,182.25703440859255,0.5
0.9594612948665182,3.9997,898.746083586577,23.581336739485785,0.9031131654310041,30.06,0.2,14.688014839498925,189761322.4724028,254.9364503183599,1104.0186814668787,12.76223715679281,9.112335109418694,0.06127304990999585,7.796709752634346,1065.4276627585227,1711.35333891522,196.67965531863473,14.688769347743674,1104.054990672314,1065.4405179902858,7.7958581062287315,12.755038668744387,True,138.41575004391646,0.06120925376279388,True,-0.0007545082447499851,116.52070027444344,6.379614720197074e-05,196.6695526056028,0.5
0.9594604495305393,3.9977,899.9111138577375,23.457857577442837,0.902939010057799,30.06,0.2,14.703325320809714,189724561.9452245,254.69677945933444,1104.5225841317128,12.762401694063538,9.097669226892208,0.06331154575202565,7.7648501633878535,1065.86127537895,1712.1264428542854,196.47435679311275,14.704101153597218,1104.558045378901,1065.874498470749,7.7640363934032095,12.7549713106519,True,138.24463953728568,0.06323495186656349,True,-0.0007758327875038162,116.45213992204876,7.659388546216173e-05,196.46399021263892,0.5
0.9391950707351757,3.9998,899.6084715934296,8.48011249268221,0.8500104003328839,30.06,0.2,14.690017203116883,174830866.21115866,241.6298715985274,1120.6480290325926,12.784364492866215,8.63191947405912,0.1851935819740771,7.177381119085129,1071.884653591877,1676.3591183068768,184.5721059360341,14.689219737553993,1120.7428044703154,1071.9165994009893,7.177038164573865,12.784769901470241,True,127.52126292137093,0.18638172490339616,True,0.0007974655628899541,114.10860867715645,-0.0011881429293190693,184.5821262026639,0.5
0.9439151008775414,3.9997,899.9491061278655,9.905187918642651,0.8500006634867203,30.06,0.2,14.698945689455565,175707485.58598787,242.72282686107798,1118.3010158778852,12.778310178397561,8.699453684903862,0.15842650449509518,7.305281945634853,1070.3393120359017,1685.189446915099,185.3993465748699,14.698226208373734,1118.3865208674677,1070.3703730623733,7.3050359490756405,12.776778932561847,True,128.08213562766417,0.15920552302104404,True,0.0007194810818305086,114.6406912334138,-0.0007790185259488602,185.40842190957719,0.5
0.9366119637099799,3.9998,899.9725996886767,7.998658243403864,0.8500007932270348,30.06,0.2,14.67798854943843,174348051.09000626,241.19337433718286,1121.5585448265397,12.787097813905492,8.605718065383094,0.19687161333684502,7.121122177221002,1072.5777419925691,1672.2187536143772,184.22988959327512,14.67715706285121,1121.6565885228836,1072.609955286933,7.120774931722991,12.786303347193813,True,127.27361471352451,0.1980641244492608,True,0.0008314865872200983,113.91975962365835,-0.0011925111124157783,184.24032653835283,0.5
0.9303828263889676,3.9999,899.9096958347919,5.556044361684048,0.8500015687470035,30.06,0.2,14.690646161967534,173188670.26088318,239.3799849252425,1125.6985081989571,12.796488329828692,8.48773332077889,0.2581032605986165,6.90266161119082,1075.264530821425,1661.0537611415398,182.8455839592106,14.689487675369897,1125.7890706348746,1075.2939762309886,6.902440617278975,12.78963526947437,True,126.3211445259335,0.25880582324213636,True,0.001158486597637065,113.05884039930899,-0.0007025626435198662,182.86000407808302,0.5
0.9594604495305393,3.9977,899.9063064313833,23.99100403869055,0.902939010057799,30.06,0.2,14.679192891497786,189724561.9452245,255.11549812266352,1103.618167812681,12.762097235399585,9.124003336140767,0.05968458751212028,7.8127590014922506,1065.3131894556855,1712.1264428542854,196.79735844326905,14.679999886986806,1103.658876175368,1065.326892621563,7.811853285886658,12.755202806160197,True,138.47160622261256,0.0596484381056935,True,-0.0008069954890199682,116.64389190005096,3.614940642678033e-05,196.78654001127057,0.5
0.9353140920298407,3.9989,899.9822000271708,7.03338174607933,0.8500001641982442,30.06,0.2,14.699042212653293,174106326.57214817,240.49204678801857,1123.2175986020688,12.790134908212437,8.55847909322803,0.2191793223701018,7.038700364699113,1073.609958194941,1669.577819985745,183.69998524306527,14.69805307062897,1123.3169766275341,1073.6404759739999,7.038479039371672,12.78691689044753,True,126.91646428236118,0.22027537517709275,True,0.0009891420243235416,113.5755825056574,-0.0010960528069909603,183.71234779029504,0.5
0.9541581530064851,3.9996,899.2964023497962,10.877153462917859,0.8500010395653911,30.06,0.2,14.790179369159974,177614283.25218347,243.7827171804161,1116.4392914508999,12.769367407977951,8.754070124606923,0.13884304977625953,7.439457281359727,1068.6944201552585,1702.5799364975855,186.2249319094764,14.78953728730615,1116.5350408724428,1068.726097156883,7.439155853631571,12.769957339039223,True,128.67273267131338,0.13976000730819954,True,0.0006420818538241946,115.10998450910273,-0.0009169575319400158,186.2330167905099,0.5
0.9303619081788587,3.9402,899.9736343478908,5.004201390890456,0.8500001743992086,30.06,0.2,14.668269712977803,173184492.2897553,238.23326063762235,1127.9746676888565,12.804778300029943,8.422604860564945,0.3003197976911435,6.9030149827153995,1077.3023689808645,1638.9215899588332,182.36703980760885,14.667134962366667,1128.0383718273984,1077.325170364046,6.902938867430776,12.79712057337856,True,126.51060595248939,0.3005022655383898,True,0.001134750611136326,111.72265468513297,-0.00018246784724634812,182.38114897824127,0.5
0.941963222588553,3.7536,899.998261356966,5.000997401285623,0.8500000537978505,30.06,0.2,14.68351266162773,175344022.44921747,236.17605202977646,1132.2446798612132,12.820119672338286,8.301176450585473,0.39679052915852253,7.09324896562019,1081.4844907814188,1589.2080955394283,182.06065974723055,14.682692444904953,1132.263342194994,1081.4934241020046,7.093412069242596,12.813230476398996,True,127.95241484915579,0.3960225950172112,True,0.0008202167227775448,108.22363718062067,0.0007679341413113216,182.07083017055345,0.5
0.951604075448713,3.9966,899.9999127920462,12.49474804429529,0.850000917264863,30.06,0.2,14.692577193714076,177138822.26889053,244.73047929935743,1113.9783813719464,12.770454838127204,8.823908097406804,0.11900401984087869,7.551689322012859,1067.512995371443,1697.8055058794837,186.9528177123264,14.692080970174164,1114.0738899048326,1067.5439213085074,7.551337583271689,12.772760858652639,True,129.17951900305047,0.11988701170895764,True,0.0004962235399119663,115.55096029630695,-0.0008829918680789556,186.959132024723,0.5
0.9340218888168994,3.9994,899.9899174825138,7.243613947194753,0.8500010932029883,30.06,0.2,14.67301478428957,173865976.2743178,240.59931664267015,1122.8580418499423,12.79053278220026,8.568491260737147,0.21456411732432834,7.050287433526679,1073.4618593328316,1667.467584391605,183.77842438210465,14.672051294043584,1122.9575710119504,1073.4922530841636,7.0500565324053435,12.787854158423421,True,126.96586922051748,0.21569386186722828,True,0.0009634902459865202,113.63344742215267,-0.0011297445428999353,183.7904928186011,0.5
0.9332784285097424,3.8894,899.9916731541392,5.006637132196932,0.8500004981815168,30.06,0.2,14.670062640610617,173727461.2744206,237.66209588252116,1129.1126125216967,12.809086177869219,8.390110399752288,0.32361254001641054,6.953006055179198,1078.4316988509165,1625.1521773837433,182.272005969582,14.669002834435254,1129.1619587279447,1078.4498417004104,6.953046589004147,12.801651316068043,True,126.89108302182083,0.323542578227471,True,0.0010598061753626098,110.77101286070032,6.996178893953209e-05,182.2851747581972,0.5
0.9594418639499156,3.9986,899.9486894707592,16.531073963022855,0.8582400843047544,30.06,0.2,14.688302101896724,180328979.12441477,248.128334666945,1108.6273901476186,12.768782610941733,8.977662186046626,0.08354759020414276,7.799383117528915,1064.70172033379,1712.487734724178,189.83406338752184,14.688332583328036,1108.6999046703454,1064.729001047116,7.798696460435655,12.763106764281117,True,131.53951913489936,0.08372526655190214,True,-3.048143131145764e-05,116.58881553204563,-0.00017767634775937846,189.833669441243,0.5
0.9336526160355152,3.9997,897.7061104455984,6.562530618243107,0.850000103068415,30.06,0.2,14.672469495497594,173797034.56526974,240.3203325215886,1123.46042258787,12.792597861555388,8.551168419796166,0.22330378023894779,7.040409212546294,1073.5591158733196,1663.9816634429571,183.616119779706,14.671413127890041,1123.5560482897083,1073.5875501362152,7.040108030661509,12.788319354017167,True,126.92104491884677,0.22425579733266884,True,0.0010563676075534545,113.39928760274182,-0.0009520170937210581,183.62934046400335,0.5
0.9518403690944669,3.9998,897.2624768449716,11.782574247536465,0.8500436416627297,30.06,0.2,14.699481314254887,177191713.6723929,244.52123863202,1114.449428283427,12.77043265805666,8.810478448943702,0.1226838088870036,7.547776007025246,1067.4332802562458,1695.852731719914,186.83713755848913,14.698907496027667,1114.5450718017457,1067.4628599017656,7.547360785281683,12.77252218250403,True,129.15807838119827,0.12358255968052866,True,0.0005738182272203574,115.36316025082172,-0.0008987507935250549,186.84443133560023,0.5
0.9408367262662753,4.0,899.9982613960791,7.4386170983500515,0.8500005119489377,30.06,0.2,14.759745538674103,175134422.4642067,240.94658404985233,1122.489306052677,12.785218143766516,8.579924698130213,0.20776105497103428,7.090903063660521,1072.9053642075621,1679.870028300644,184.0394367044263,14.758781743118748,1122.5892580488144,1072.9366151517943,7.09070959020302,12.783029554396384,True,127.14059150328009,0.2089091218513125,True,0.0009637955553554178,113.80599254657224,-0.0011480668802782146,184.05145506706577,0.5
0.9374577450686061,3.9998,899.9948679474679,8.474064642662574,0.850179270500826,30.06,0.2,14.671717568849376,174542132.69697055,241.5430810732716,1120.7930063939586,12.785542203646832,8.627594054123577,0.18728055939276833,7.159679372493418,1072.1134601548235,1673.7575873206151,184.50280683590844,14.670878964535222,1120.8879775088074,1072.144028175806,7.159448963667284,12.785902479429275,True,127.46981850349948,0.1884807369459961,True,0.0008386043141541677,114.07326256977211,-0.0012001775532277659,184.51335322853836,0.5
0.9541581530064851,3.9996,899.2747089339418,10.748177071324932,0.8500010395653911,30.06,0.2,14.795410319583059,177614283.25218347,243.69459894436625,1116.651510882635,12.769550449684715,8.748005564111029,0.14074569898432462,7.42918858729816,1068.814159992132,1702.5514063461658,186.15812751265864,14.794757749853092,1116.7465927136602,1068.845907803776,7.428890186710486,12.769905401191767,True,128.6273293471711,0.1416531714380576,True,0.0006525697299668565,115.06726959719515,-0.0009074724537329881,186.1663386074975,0.5
0.9295335064422788,3.996,899.9868737985922,5.006637132196932,0.8500004648328847,30.06,0.2,14.69886782269221,173030346.5450496,238.93578057683567,1126.7379978213646,12.798426573872618,8.458329875734712,0.27602851559467406,6.857193695217029,1075.9612468745154,1658.188886685164,182.53045376230233,14.697645367170406,1126.8202072860768,1075.989848511497,6.856992012348065,12.790479638297946,True,126.13561722386586,0.2764900909649728,True,0.001222455521803667,112.8001633529698,-0.00046157537029872797,182.54563547035997,0.5
0.958421316574357,3.9977,899.5831416727275,14.147769472865143,0.8500001989868206,30.06,0.2,14.709787639134223,178407684.63624895,246.18641261257045,1111.0323844384686,12.766899681012225,8.908914131429007,0.09773433804205303,7.726408085431806,1065.421718120658,1709.8389423542337,188.06732264673903,14.709425196214063,1111.1124788348002,1065.4530425614141,7.725878776892585,12.768474470657734,True,129.9514346290663,0.09832812206763052,True,0.0003624429201600776,116.23497798350414,-0.0005937840255774846,188.0719566598767,0.5
0.9465778955551754,3.6646,899.9983780707411,5.006162245733548,0.8500000979350951,30.06,0.2,14.674102979260757,176203041.05991158,235.1929646475211,1134.3544101656335,12.828087680006671,8.24144188643988,0.45559008217961233,7.18491032924015,1083.5948267321828,1563.3560575934496,181.92374404156732,14.673413139971935,1134.3587226428176,1083.5992506295825,7.1850806280632575,12.821549796952882,True,128.66057185421283,0.45436609949031265,True,0.0006898392888228244,106.53239279330828,0.0012239826892996852,181.93229679919858,0.5
0.9459217413605381,3.68,899.9927179543267,5.004184027159712,0.8500014807198137,30.06,0.2,14.677846664368037,176081186.09328276,235.36599285372466,1133.9854326107977,12.826619865333846,8.251887819280956,0.4446492299467615,7.169402371902507,1083.2186596776398,1568.0818163999695,181.94937622539294,14.677135197802158,1133.9919091992838,1083.223752329807,7.169578470968741,12.82002197348837,True,128.53899015635233,0.4435033829294546,True,0.0007114665658782826,106.82700269737234,0.0011458470173068558,181.95819612765058,0.5
0.9304290546074544,3.9402,899.9736343478908,5.004201390890456,0.8500001602675659,30.06,0.2,14.669207116902665,173196988.5464112,238.23522751518433,1127.9745138958037,12.8047331390807,8.422618232239827,0.3002913604656724,6.903257774359425,1077.2989314627132,1639.0398748225477,182.36854495488575,14.668071545270482,1128.0382346341173,1077.3217357240028,6.903183424211889,12.79707431766977,True,126.51165590601848,0.30047399097059424,True,0.00113557163218303,111.72357160916586,-0.00018263050492184352,182.38266354884092,0.5
0.9370105627976482,3.821,899.8914550412574,5.000883957988078,0.8500003947173962,30.06,0.2,14.667733073646595,174422167.57068488,236.89714623296106,1130.6579008656272,12.815066824640946,8.3460629240714,0.35821336728544645,7.022478999777609,1079.9648217265692,1605.9351685963588,182.15333679311894,14.66679872624014,1130.6900582575308,1079.977786884176,7.02259213305495,12.80791657864169,True,127.41764396847427,0.3577867068244422,True,0.0009343474064547053,109.4795022644868,0.0004266604610042579,182.1649408589404,0.5
0.9304218492951352,3.9731,899.9902915525104,5.0105859475737935,0.8500156796294502,30.06,0.2,14.694069121457197,173198809.51409525,238.66582832595455,1127.2386890523037,12.800656059374916,8.443925315159035,0.2854304594759998,6.877858042257312,1076.4820428120902,1651.27064784325,182.47749022184283,14.692886660327593,1127.3133409597363,1076.5084225787725,6.877704051025707,12.79282913319419,True,126.29931567625586,0.2857835924409782,True,0.0011824611296038512,112.36651264969869,-0.0003531329649783532,182.49217573219917,0.5
0.9542631472379395,3.9995,899.9963349770576,13.81949737178449,0.850002515254939,30.06,0.2,14.674275044252935,177634136.07068077,245.79561446084455,1111.6823992532345,12.769180852776874,8.889812915575526,0.10237599594512446,7.67125525937473,1066.0214323464097,1703.6495647980075,187.74676504033337,14.673896663669835,1111.76815983731,1066.052992948896,7.670756662080365,12.771005224358264,True,129.70126000571125,0.10304802036694978,True,0.0003783805831005793,116.0943544551333,-0.000672024421825318,187.75160627181126,0.5
0.9304218492951352,3.9744,899.9902915525104,5.0105859475737935,0.8500156796294502,30.06,0.2,14.695050119029407,173198809.51409525,238.68276043848115,1127.2099179994814,12.800494846631704,8.444759362221518,0.28486380855716764,6.8768636081455305,1076.4498287648282,1651.7535966836065,182.4817409351634,14.693858904165339,1127.28501014341,1076.476185376864,6.876720059162256,12.792660664904258,True,126.29095887004324,0.2852235372895678,True,0.0011912148640682574,112.39180156843791,-0.00035972873240014414,182.49653452775476,0.5
0.9590614635197424,3.9995,899.5984209673952,15.724417645755816,0.8545611715839112,30.06,0.2,14.687125601820378,179484794.432777,247.47808073340335,1109.2060080615004,12.768557550210762,8.961048068345136,0.0868126139215639,7.791329131444725,1064.6992459583091,1711.690286506328,189.20628770488267,14.687008189753469,1109.2829943235583,1064.7281948580355,7.790673865265438,12.763056024093757,True,130.9355414034729,0.08703074258321286,True,0.00011741206690984995,116.54253932993043,-0.00021812866164895583,189.20780027306708,0.5
0.9369874970605856,3.9988,899.6184473558125,7.8956057185368635,0.8501214060412731,30.06,0.2,14.683925065476878,174442705.15099642,241.153959954848,1121.6918502674055,12.787210888579631,8.601943776190243,0.19850971894937589,7.120348986153566,1072.618341023629,1672.0576934593234,184.21898902563544,14.683023606665756,1121.7893474392492,1072.6484957313844,7.120118917926862,12.786207233825534,True,127.29183265170123,0.19968624107240143,True,0.0009014588111213584,113.86212730314678,-0.0011765221230255474,184.23029908242492,0.5
0.943857565608383,3.9967,898.415848834889,8.791631466931214,0.8500019876271416,30.06,0.2,14.726185673647926,175697049.2388418,242.04712840017783,1119.877111705318,12.781004977795128,8.65434938784,0.17543977046508125,7.247849047764803,1071.1115132428083,1681.9625698924424,184.93924564061624,14.725347078301857,1119.9667170848675,1071.1411484570042,7.247602222684548,12.782295866450387,True,127.83864276284106,0.17658112934010792,True,0.0008385953460692264,114.20848563733676,-0.0011413588750266712,184.9497777652497,0.5
0.9308563143199079,3.9992,899.9013439519923,5.893921949199708,0.8500000182070621,30.06,0.2,14.682927026459028,173276492.8892852,239.60904186828375,1125.1368943769717,12.79561230722226,8.503607423526002,0.24897035946362656,6.932127487897252,1074.92466433014,1661.628224246578,183.02535725103138,14.681809448848442,1125.230466788015,1074.9541949232168,6.931906987629153,12.78954353664588,True,126.45129735904689,0.24978789616572492,True,0.0011175776105858404,113.15774450923686,-0.0008175367020983593,183.03928911972548,0.5
0.960958588561745,3.9996,899.9727635398202,14.603367892126933,0.850003303262327,30.06,0.2,14.729631665221085,178880644.6335271,246.5906073365638,1110.3021970291015,12.765440254038086,8.930171856135807,0.09294027801396157,7.765522656393403,1064.8981319092597,1715.6104828115301,188.35390047910894,14.729326011662458,1110.3793388668937,1064.930575409608,7.764908543166336,12.761119606320868,True,130.11989373048715,0.09322718657069469,True,0.0003056535586267728,116.47071360607666,-0.0002869085567331203,188.35780907885865,0.5
0.9478593668929037,3.6423,899.9603633926187,5.008198639547038,0.8500009468667663,30.06,0.2,14.672699507937919,176441759.8738293,234.9556499838614,1134.8818673441554,12.830015804268864,8.226555153422204,0.47152262188615257,7.209496902949546,1084.115804373408,1556.9862226858374,181.89839825443323,14.672045741457946,1134.8833319077032,1084.1195358625034,7.20964492724211,12.823563853762678,True,128.8468875119352,0.4701892413933728,True,0.0006537664799726173,106.10876247192621,0.0013333804927797566,181.90650340061632,0.5
0.9480739739301921,3.6356,899.9804746690753,5.008620604782157,0.8500000027836779,30.06,0.2,14.6702270625077,176481512.44629833,234.87710611913138,1135.049172269407,12.830696197730862,8.221822361578372,0.47676955270571914,7.215674520706974,1084.289217118708,1554.8271309134636,181.88449992808296,14.669575433094447,1135.0498127537887,1084.2925482934115,7.215831492138462,12.824267818674507,True,128.89761917533858,0.47540189507095987,True,0.0006516294132516975,105.9794869437928,0.0013676576347592673,181.8925793227804,0.5
0.9594389836573581,3.9998,899.8940883950395,20.666656332248156,0.8821820461755245,30.06,0.2,14.683617999051584,185358984.18504655,251.90380004006397,1105.8148165605949,12.760864308596666,9.0605238578555,0.06905748770510557,7.806611618551024,1064.9822644152553,1712.870056029419,193.57791413987053,14.684183088153372,1105.8605914438865,1064.9998893376564,7.805848882426406,12.759080094025304,True,135.24682335720632,0.06920732729405707,True,-0.0005650891017872084,116.65697668285765,-0.00014983958895149752,193.57046471153186,0.5
0.9542631472379395,3.9977,899.9927052683339,13.81949737178449,0.8500025633572822,30.06,0.2,14.67285853869326,177634146.123143,245.77229932283646,1111.7197249752285,12.769424827699094,8.888693618754203,0.1026500962597506,7.67280835218772,1066.064150886586,1702.9591865168245,187.74137160599065,14.672479922170433,1111.8049674012107,1066.0954687203919,7.672320278663181,12.771254360597185,True,129.7137910068441,0.10332059776582941,True,0.0003786165228270022,116.05850831599236,-0.0006705015060788078,187.74621618479978,0.5
0.9420424999944502,3.7422,899.955978406757,5.042227876881548,0.8500006090968355,30.06,0.2,14.673300300558862,175358894.29433364,236.0645955522931,1132.4337662811945,12.821427494393795,8.295694630674326,0.40211037047701903,7.107151290802283,1081.7272694037813,1585.0014048580508,182.05488497621758,14.672505843271077,1132.4507679511773,1081.7355313977212,7.107312352190576,12.814651636671893,True,128.0521075322911,0.40131023738961474,True,0.0007944572877853773,108.012488020002,0.0008001330874042867,182.06474251736913,0.5
0.9600501964203038,3.9986,899.9513572152205,16.531073963022855,0.8582400843047544,30.06,0.2,14.696340672280808,180443316.40473908,248.14985329723388,1108.6204036084755,12.768333501726167,8.97795566126642,0.08344548405527896,7.801932367141181,1064.668929290209,1713.5735346390215,189.8505265175056,14.69637346044333,1108.6929517980886,1064.6963076056977,7.801240331071536,12.762656498346212,True,131.55090624209768,0.08362306997932348,True,-3.2788162521057984e-05,116.5989470551362,-0.00017758592404451545,189.8501029538329,0.5
0.9480273218131476,3.6356,899.9134735988704,5.008620604782157,0.8500000526876572,30.06,0.2,14.668936185489967,176472838.63647136,234.88063589840684,1135.0341129580963,12.830736219213493,8.222228077689056,0.4763662814275931,7.216813477870453,1084.275418535134,1554.6686452388408,181.88876840440722,14.668289050017966,1135.034701773951,1084.2788253612966,7.216963342223505,12.824310597214584,True,128.9025875829654,0.4749986722666478,True,0.0006471354720005706,105.97804831544144,0.001367609160945249,181.89679297179825,0.5
0.9593166505199686,4.0,899.0378073476388,24.98191392967231,0.9107020864541805,30.06,0.2,14.677718891954974,191327051.69212335,256.274737859898,1102.8984084380854,12.757685254520956,9.145852555082897,0.05676185622829456,7.8123569344091,1065.3581755965843,1711.595864715712,168.81585491042327,14.678569523213861,1102.940883012429,1065.371337756983,7.811371185534459,12.755528871902085,True,139.654800384969,0.056862050147142316,True,-0.000850631258886736,116.61993747492897,-0.00010019391884775325,168.8060719378417,0.75
0.9277501446258589,4.0,899.9644151953236,5.0024175098026715,0.8500003676954636,30.06,0.2,14.676816753100828,172698358.4498403,238.9346524939169,1126.6551080895113,12.799159728417358,8.460493529015036,0.2750694184877724,6.847851879807006,1075.9524084994027,1656.4605557993266,154.28786308796347,14.675586800817277,1126.7380078295475,1075.9810080958318,6.84764059185992,12.791218631122984,True,126.08283266170133,0.2755427018030197,True,0.0012299522835519383,112.85181983221557,-0.00047328331524731926,154.30079386286909,0.75
0.9597929731706686,4.0,899.9774511634367,20.006187722553538,0.8805032950297722,30.06,0.2,14.706443862128955,185074513.6388194,251.36125639377093,1106.6548126839605,12.761416566327663,9.036105342191984,0.07293814242141809,7.772392791147613,1065.336469355428,1713.688988710416,163.9664549324507,14.70701075383138,1106.6985509820734,1065.3556945313592,7.771601051418048,12.758503691752749,True,134.82965714444694,0.07304712335755907,True,-0.0005668917024248543,116.53159924932399,-0.00010898093614097881,163.96013473425862,0.75
0.9585231888532576,4.0,899.9121851286603,19.125661021099262,0.87220397436159,30.06,0.2,14.667703339984339,183087523.52880082,250.41327275793364,1106.7241519771972,12.764845949598456,9.033395197785232,0.07358857528877016,7.8115549866153415,1064.759845279872,1711.335559399372,162.90798036149639,14.668177335608592,1106.7655259739452,1064.782770158772,7.810656166773688,12.759208183065054,True,133.7352278286449,0.07359232347537392,True,-0.0004739956242527654,116.67804492928875,-3.7481866037580858e-06,162.90271606259404,0.75
0.9593869921250976,3.9998,899.5700131527541,21.70713529924339,0.8886472391475582,30.06,0.2,14.67923525685061,186707294.9764805,252.9276106285842,1105.0558035374927,12.76074330734473,9.082542246168416,0.06566319844218486,7.81313826585022,1065.011586672627,1712.3485960506625,165.43930319522195,14.67988240922218,1105.0964921570744,1065.0273908133706,7.812335980038516,12.759558983412486,True,136.27052639486558,0.06580192808235114,True,-0.0006471523715703142,116.65708423371862,-0.00013872964016627132,165.43200991899334,0.75
0.957912291651774,4.0,899.9009271996464,17.902764299475255,0.8678707501592371,30.06,0.2,14.681123006706999,182061812.84013817,249.3605074123134,1108.0254633637212,12.768024994773173,8.995167715223609,0.08028616572960562,7.766804452561503,1065.1999008797357,1710.2300019049933,161.99168005198393,14.681385967950892,1108.0760762366476,1065.22229753843,7.766157560033438,12.764498940256988,True,132.8663577599758,0.08042075895019259,True,-0.0002629612438926898,116.4941496523376,-0.00013459322058696765,161.98877858656508,0.75
0.959425534426491,4.0,899.9699729659421,22.5111124792457,0.8949864277585479,30.06,0.2,14.692761533965637,188046730.6730202,253.7174127281532,1104.8215945851932,12.761420852617292,9.089195238059858,0.06460543309409847,7.78699129028592,1065.4063674604658,1713.0230421614187,166.27522028182275,14.693487642566078,1104.8527942697224,1065.42117355796,7.786174813741499,12.759654076541972,True,137.1210463492254,0.0646827494616384,True,-0.0007261086004408668,116.5963663789278,-7.731636753993687e-05,166.26700345335945,0.75
0.9599882985684081,4.0,899.6305946955248,16.900250617198378,0.8600986855102818,30.06,0.2,14.691143238398107,180822424.693692,248.51447640957718,1108.231832849243,12.768143039099547,8.989192936834716,0.08134281172010799,7.811102646844215,1064.5487496845758,1713.5786480304776,161.03428748433518,14.691229984998436,1108.3007221257378,1064.5750623085376,7.810389278008917,12.762718963288428,True,131.87344583785267,0.08150577618698555,True,-8.674660032959025e-05,116.64103057172451,-0.00016296446687756594,161.03333663290954,0.75
0.9586455761258315,3.9999,899.9130376977007,23.903967955582207,0.9028294181302241,30.06,0.2,14.673621908607858,189540420.37468743,255.03636127608019,1103.721350301953,12.762496964154488,9.120921470125694,0.06013245231873275,7.800546735534118,1065.3822270464693,1711.516920012096,167.55709419369316,14.674437537350993,1103.7615260974321,1065.396278127132,7.799629117507553,12.755462721721795,True,138.38964615381215,0.060089852922386784,True,-0.0008156287431351217,116.64671512226803,4.2599396345967266e-05,167.54778110201298,0.75
0.9592774089446598,4.0,899.7192800766837,23.186485058928962,0.8978196942551165,30.06,0.2,14.677548858428397,188612907.48248076,254.35306772195142,1104.0773814753884,12.76226353394299,9.110624493669079,0.06155873430810378,7.812472367976678,1065.1599599153005,1712.4269986106517,166.85070194236252,14.678313215557084,1104.1096987832475,1065.174440212741,7.811587640708143,12.754780620133406,True,137.67607697780957,0.06146987036720457,True,-0.0007643571286877204,116.67699074414185,8.886394089921423e-05,166.8420133742973,0.75
0.9590829275294301,4.0,899.6328491914173,16.741864856834162,0.8595457528655805,30.06,0.2,14.681960192943256,180535754.02967164,248.35064007562306,1108.409197867767,12.768859957658227,8.983933288112333,0.08238542375884621,7.801868995350575,1064.6497099645608,1711.9625611643655,160.89829011690279,14.6820236223914,1108.4793462582368,1064.67618355112,7.801171604795691,12.76332712318753,True,131.74693762022778,0.08255317911729557,True,-6.342944814363705e-05,116.60370245539528,-0.00016775535844935907,160.8975950022502,0.75
0.9592851353465273,4.0,899.7260382306647,15.96819901936286,0.8550968026466303,30.06,0.2,14.685417405373578,179639179.43649232,247.67121851499303,1108.9154174567657,12.768545775949397,8.969415376060017,0.08516595861628126,7.801777918378301,1064.5725634465227,1712.4497292277442,160.21457622365082,14.685336295586298,1108.9925992559895,1064.6014955203646,7.801093518777545,12.76288546781553,True,131.06308600783564,0.08537460706890075,True,8.110978727948748e-05,116.60813250715739,-0.00020864845261948928,160.21546111793822,0.75
0.9503264529962423,4.0,899.9592148717336,12.000943227239539,0.8500078238264847,30.06,0.2,14.698439311227908,176902433.2895175,244.3900868525323,1114.7340355423516,12.771016810950508,8.802247744135371,0.12503993594895427,7.503371186189687,1067.9668514664513,1696.7696460514048,157.81101491212218,14.697904085407256,1114.8317426370343,1067.9982330383898,7.503026808461809,12.773016097140202,True,128.95602004221004,0.12596688255658936,True,0.0005352258206521299,115.43406681032226,-0.000926946607635093,157.81676161787516,0.75
0.944182679063029,4.0,899.998431541785,8.939847041998403,0.8500032246359458,30.06,0.2,14.743531048926734,175757824.18709165,242.0698273077602,1119.932908358235,12.779806747448191,8.653017658565169,0.17577153400731801,7.225847573724823,1071.2688415499456,1685.8444700585992,156.31131068456696,14.74272146352659,1120.0237528807806,1071.3003607124742,7.225625781344861,12.781304709696494,True,127.73215240622453,0.17694597671015047,True,0.0008095854001428648,114.33767490153566,-0.0011744427028324567,156.31989440198444,0.75
0.9437739537069327,4.0,899.9843715841685,9.615580543199956,0.8500026784636452,30.06,0.2,14.709683334015779,175681627.8483867,242.51987351137944,1118.7918899176493,12.778871043251067,8.68544895177483,0.16349912583686543,7.2799512962274715,1070.629823783799,1685.0873860395236,156.60262357255166,14.708939857756762,1118.8748762560049,1070.6610936297047,7.279708367077256,12.781891764966483,True,127.97000828892479,0.16462604936898467,True,0.0007434762590161625,114.54986522245466,-0.0011269235321192395,156.61053918943853,0.75
0.9598957191473523,4.0,899.8664932295767,20.957565062548067,0.8839349527967125,30.06,0.2,14.689048392897174,185815709.20186952,252.20205453444171,1105.598659435358,12.760271301735347,9.066906372647502,0.068024863028822,7.809688987426727,1064.966385195158,1713.7255852530475,164.7018874329919,14.689645808092164,1105.6438292771634,1064.9836691829637,7.808902996503951,12.75881801218314,True,135.52965296785652,0.06818033106874043,True,-0.0005974151949903472,116.6724015665852,-0.00015546803991842162,164.69518914962404,0.75
0.9493331302154768,4.0,898.8591874757187,11.582579363986273,0.8500089982267567,30.06,0.2,14.691007232520779,176717771.2866954,244.15987085618988,1115.1782281153041,12.772169891986872,8.789361057751776,0.1288709648120125,7.4877514132283265,1068.1483929614926,1693.5497362821743,157.70138083516989,14.690425345771692,1115.2748937798813,1068.178845411946,7.487401984274371,12.773826737868204,True,128.886989164165,0.12979625793930497,True,0.0005818867490869906,115.2728816920249,-0.0009252931272924758,157.70762737614203,0.75
0.931025644910742,4.0,899.7997500040485,5.958161703027981,0.8500039806972276,30.06,0.2,14.682273594428452,173308821.2595232,239.67525580556742,1124.986561162651,12.79528464659959,8.50787812488079,0.24654504167534302,6.939274697727425,1074.8085513553895,1662.0974517713612,154.77198242551245,14.681149247105003,1125.0808232134787,1074.837804167734,6.939073389944972,12.789372083067057,True,126.48057699888629,0.24738398695484173,True,0.0011243473234490153,113.19467880668113,-0.0008389452794987096,154.78383554826573,0.75
0.959075519849801,4.0,899.1896654044399,15.077271309464551,0.85006516855506,30.06,0.2,14.67673333091074,178543108.7662433,246.94379783069076,1109.3484093176548,12.767699525714285,8.957126574639467,0.08766207214045478,7.813443784777641,1064.3499223452047,1711.3663888450606,159.490768420491,14.676499598887384,1109.4282715330094,1064.3825845586891,7.812670674406441,12.762866883759079,True,130.34183435560763,0.08792746906270375,True,0.0002337320233554152,116.60196347508312,-0.0002653969222489727,159.49330840625248,0.75
0.9506634165456781,4.0,899.1113362883196,12.218739428668687,0.8500033370620723,30.06,0.2,14.684753784310882,176964224.6476438,244.6277669817656,1114.1618420511295,12.770829287874017,8.818597995600303,0.12053218942176737,7.540855713253421,1067.5248398281317,1696.2532628511049,157.9943806939049,14.684263945823737,1114.2584217049925,1067.5564113532043,7.540403100681124,12.773077852036701,True,129.12089234279534,0.12143145200234687,True,0.0004898384871445671,115.50687463897026,-0.000899262580579499,157.99965107917595,0.75
0.9585231888532576,3.9999,899.9995863747979,15.50972694484995,0.8520364260328785,30.06,0.2,14.67465352373141,178854079.76141384,247.20900605441784,1109.196605637708,12.76862072169568,8.961305693718025,0.08683487039140975,7.8003238988537795,1064.5451177974953,1711.4128000651685,159.74121010454127,14.674468803935444,1109.276812237494,1064.5759436717856,7.799648749817238,12.76324003620744,True,130.58692190721865,0.08707701092137049,True,0.00018471979596590415,116.62208414719919,-0.00024214052996074376,159.74322090057976,0.75
0.931025644910742,4.0,899.7269149330472,5.4658909704951935,0.8500039806972276,30.06,0.2,14.701512530544818,173308821.2595232,239.35517209129466,1125.8049918202323,12.796224772185715,8.484812049383468,0.25965317798393656,6.901378910536753,1075.2713053526168,1662.002833970274,154.5678331771597,14.700337960227426,1125.8945536687863,1075.3006093174367,6.901157961726256,12.789172227391605,True,126.31547878725628,0.26031911521372414,True,0.0011745703173922095,113.03969330403838,-0.0006659372297875832,154.58018328702553,0.75
0.9332684607377707,4.0,898.8613823192946,6.005091931705694,0.8500014093020898,30.06,0.2,14.701976868146714,173725792.015934,239.84796018205677,1124.6766364437763,12.793797912611213,8.516850065166903,0.2411803438351205,6.97034729940053,1074.408582792638,1664.8913908694801,154.91594360015927,14.700861288759802,1124.770553391278,1074.437811318613,6.970090971148434,12.788032248048516,True,126.61487888620982,0.24201260961676485,True,0.0011155793869122022,113.23308129584694,-0.000832265781644359,154.92769944425504,0.75
0.9586346182586133,4.0,899.9791491221952,24.72874137450586,0.9077564600897668,30.06,0.2,14.670576497648376,190572627.43488288,255.85022865740254,1103.1119888980004,12.759817066772703,9.139196225154741,0.05766659448370717,7.80594479780918,1065.393781594432,1711.6207717997938,168.34749288859217,14.671445582149849,1103.1559110066344,1065.40778387116,7.804958335028567,12.755727079645188,True,139.17166977354262,0.05772078254040086,True,-0.0008690845014722726,116.67855888385992,-5.418805669368809e-05,168.33752057903945,0.75
0.9363481000088194,3.9998,899.4455435257731,5.6177517927208545,0.8500054575416458,30.06,0.2,14.766567116574011,174299889.95252508,239.6336318001355,1125.4719712370488,12.792340241487244,8.494900739403871,0.25257329336939355,6.9387300358621165,1074.783033775041,1671.0672864451733,154.7594389738845,14.76539704454282,1125.564090536047,1074.8129828171895,6.938523309750234,12.785569014173916,True,126.47806322350982,0.2532961827079752,True,0.0011700720311917934,113.15556857662568,-0.000722889338581667,154.7717027613438,0.75
0.9597929731706686,4.0,899.977412579625,20.46839292213149,0.8804944507555161,30.06,0.2,14.685941740143107,185072654.64548495,251.7108098269936,1105.8753898946711,12.760859106913697,9.058771033408597,0.06932579775070866,7.813067295402119,1064.872804588409,1713.688988710416,164.19400196579832,14.686491644499633,1105.9218978179058,1064.8911226419034,7.812291604729135,12.758703895688978,True,135.01667707792518,0.06946744572641932,True,-0.0005499043565251327,116.69413274906842,-0.0001416479757106598,164.18785407158492,0.75
0.9552573690175484,4.0,899.2289607142627,13.485748156657394,0.8500038860712109,30.06,0.2,14.693873891320287,177819495.19720307,245.6679536559431,1112.0331295971573,12.768070160135165,8.879994953420532,0.10457706489831742,7.663181244797507,1066.086094687447,1704.6050530462546,158.66204907009546,14.69355385964181,1112.1217365187124,1066.1196606302838,7.662500709747694,12.77026253266807,True,129.66290492498553,0.10530073146252378,True,0.0003200316784770507,116.00504873095758,-0.00072366656420636,158.66550479512696,0.75
0.9600288932924527,4.0,899.6711282568107,24.168987440276663,0.9055146389230803,30.06,0.2,14.69532129734996,190378475.48694357,255.4196714562236,1103.6052520178903,12.76090787336627,9.124624217969306,0.059533909971536444,7.799417827130928,1065.4250925062593,1713.7047574955193,167.95791801001505,14.696152292537855,1103.6471364319073,1065.4387789339453,7.798484146524222,12.754545083794081,True,138.79615151055353,0.05951746761946399,True,-0.0008309951878953115,116.62351994567007,1.644235207245298e-05,167.94842081518084,0.75
0.9436882603673228,3.9998,899.0387545684912,10.037218794457903,0.8500030508279833,30.06,0.2,14.680912458675778,175665753.1597778,242.88483173397262,1117.8601817880353,12.778375765600858,8.71192541219978,0.15413073486171833,7.33410243352756,1069.99202186349,1683.6378826576006,156.87325612192794,14.680197894075661,1117.9463530152564,1070.0222518100754,7.333824237993143,12.777210536398712,True,128.20897123795595,0.15492252241641524,True,0.0007145646001163186,114.67586049601667,-0.0007917875546969155,156.88089199143997,0.75
0.9598236114177546,4.0,899.1736265736728,21.428708270686712,0.8880965943146361,30.06,0.2,14.689308084718457,186676521.22224414,252.75429046931032,1105.327342410649,12.76028499611135,9.07476497359903,0.06680383536897085,7.806635801827159,1065.065741935208,1712.680057914073,165.30905233914592,14.6899243294923,1105.3683994908683,1065.0812771718265,7.805867229251195,12.759196066665629,True,136.15492766756614,0.06694971284405064,True,-0.0006162447738429222,116.59936280174418,-0.00014587747507979754,165.3021175968499,0.75
0.9586410641915432,4.0,899.2526236153421,14.088610988639587,0.8500170355877923,30.06,0.2,14.713568659687423,178452124.76201454,246.21228723129346,1111.0033232802077,12.766384164078833,8.909853367689987,0.09749813814498307,7.727240138615114,1065.3318475696433,1710.674342014733,159.01347189383839,14.713204051851806,1111.0844229685608,1065.3633797616214,7.726682829882322,12.768052385329838,True,129.95042033559926,0.09810136982771232,True,0.0003646078356176474,116.2618668956942,-0.0006032316827292578,159.01741240588572,0.75
0.9297507477886071,3.9997,899.9298955417971,5.661110405333646,0.8500005520926952,30.06,0.2,14.677608957433511,173070803.24766597,239.42639288995568,1125.530635373464,12.796753790728022,8.492370157458467,0.25558904766813034,6.908513734048757,1075.2041282903135,1659.8769341311877,154.60960125797098,14.676467670477706,1125.6220459616509,1075.233563774768,6.908284303217538,12.790148135047906,True,126.34716175789896,0.25632828982644984,True,0.0011412869558053984,113.07923113205672,-0.0007392421583194975,154.62162417282485,0.75
0.9363635155393396,4.0,899.9971528051009,8.05240737913401,0.8500022361615467,30.06,0.2,14.672773963626028,174302098.9533528,241.22267534431782,1121.4708038344713,12.787137654388053,8.608179609345903,0.1958284893316025,7.123859331447812,1072.5399880028942,1671.8833014423979,155.7642283464794,14.671876855388602,1121.5686981971862,1072.570330508796,7.12365230864581,12.786470171170711,True,127.28586173349936,0.19702552823043146,True,0.0008971082374262807,113.93681361081846,-0.001197038898828967,155.77375251122828,0.75
0.9586199872550031,4.0,899.9193427401648,16.35387685521945,0.8560231141864988,30.06,0.2,14.669151129345662,179709086.49298295,247.93338815018947,1108.4964834059817,12.769260564537808,8.98133569733891,0.08295203218442196,7.813684785456923,1064.4590536471985,1711.5178426467455,160.4274124692151,14.669115505768886,1108.5729084951502,1064.487432123757,7.812985146631213,12.763480848401596,True,131.2590726674614,0.08314637498028594,True,3.5623576776444565e-05,116.67431548272808,-0.00019434279586398595,160.4278020631373,0.75
0.935415300517988,3.9999,899.621211764039,7.586447174160088,0.8500004887679312,30.06,0.2,14.674829312036396,174125232.76252574,240.90869038440522,1122.1738143992475,12.78883006945706,8.588060164420813,0.2050852787272633,7.090368575480357,1072.9498833226626,1669.666417293166,155.575512986371,14.673892764100179,1122.2728060137563,1072.9800995715214,7.09013256468353,12.787041092215901,True,127.13923454916342,0.20624458351856567,True,0.0009365479362166695,113.7694558352418,-0.0011593047913023846,155.585442452802,0.75
0.9314634892649347,3.9997,899.9998005004686,6.389238502702739,0.8500034138365575,30.06,0.2,14.672673487500795,173390209.5998275,239.95468199027434,1124.308863983709,12.794098139509781,8.527085766722188,0.23603298039355114,6.9716052945700575,1074.4230582871726,1663.024454927945,154.9484735267337,14.671613950165948,1124.4061143256029,1074.4529501051566,6.9713823214541835,12.789244469006642,True,126.62221429915861,0.23699886207322776,True,0.0010595373348465387,113.33246769111572,-0.0009658816796766223,154.95966341308406,0.75
0.9594273584705103,3.9999,899.8585468547136,24.427566220728067,0.9056815718466157,30.06,0.2,14.678936846130835,190294262.71248785,255.5844290670836,1103.2537050321105,12.760644893380942,9.134902122416598,0.05820643301454898,7.8135617100896315,1065.2733688456888,1712.8405926391847,168.06920518232388,14.679794142824917,1103.297079776367,1065.2875619160254,7.812575440256772,12.75507356469567,True,138.88935230658421,0.05821800528405451,True,-0.0008572966940825211,116.69507676049938,-1.1572269505530364e-05,168.0593899783382,0.75
0.9542310669187526,4.0,899.9962283397468,13.202985214480464,0.8500046725954845,30.06,0.2,14.700394581255658,177628615.21219838,245.36413958585578,1112.6995862221981,12.768423076769807,8.860852048673596,0.10924125216035457,7.618883177315401,1066.6060544900122,1703.7859335859603,158.43861910909038,14.699962417361625,1112.791592388345,1066.6377194853708,7.61844394352157,12.77069370297821,True,129.46725171002134,0.11002586543496139,True,0.0004321638940325556,115.89688787583444,-0.000784613274606813,158.44327704280852,0.75
0.9632669545119206,4.0,899.7867012349196,22.674563744285628,0.8959400426010807,30.06,0.2,14.739777378942662,189000813.76926768,254.05045039979348,1104.5793101834909,12.758861993520178,9.096752613639516,0.06328840815857747,7.810400665945549,1065.1320731137862,1719.638362956632,166.5505690203102,14.740533319946845,1104.6073727541982,1065.1470433527406,7.80952507187579,12.756888630594755,True,137.37689641230304,0.0633445755743656,True,-0.0007559410041828585,116.67355398749044,-5.616741578812201e-05,166.5420277822383,0.75
0.9407644579182449,4.0,899.9193980949303,9.387802123727738,0.8500000942874485,30.06,0.2,14.677322991061768,175120883.84199315,242.2740038678771,1119.1775605647113,12.781471706519852,8.674015352138099,0.1682307986289808,7.251057815454543,1070.9920438231943,1679.6386230852252,156.44575248436038,14.67655712023435,1119.263951052395,1071.0228092219895,7.250820526142848,12.783947678035744,True,127.8430062752616,0.1693842037432823,True,0.0007658708274185244,114.4309975926155,-0.001153405114301509,156.45391633620383,0.75
0.9604973941132597,3.9999,899.9710972198704,18.15714079643058,0.8674214832693563,30.06,0.2,14.701301970024094,182458638.62704816,249.62509743000152,1107.5031589307118,12.765806951129411,9.010693820292605,0.07736029046126838,7.805389906736568,1064.7410043230745,1714.899951325336,162.13795063739033,14.701593445531918,1107.5521985301327,1064.764180569366,7.8046633736125735,12.762702772980402,True,132.9729319840453,0.07749737352276463,True,-0.0002914755078240461,116.65216544595623,-0.00013708306149624871,162.134736071454,0.75
0.9506634165456781,4.0,899.9905930827115,12.218739428668687,0.8500040668748569,30.06,0.2,14.694102404059594,176964376.58911029,244.55066314621388,1114.3737135176875,12.770699864135725,8.812582486910362,0.12213556932767798,7.522264454797618,1067.7454967035176,1697.405595224968,157.91357832046674,14.69358670563694,1114.471062204363,1067.7769148176806,7.521905224141066,12.77285881507132,True,129.0390787498328,0.12304771576641005,True,0.0005156984226530881,115.51158439638107,-0.0009121464387320671,157.91912058763995,0.75
0.9581462713236734,4.0,899.9602986644073,13.823324325994392,0.85000142170801,30.06,0.2,14.725819477114682,178356742.2289924,245.94194693129077,1111.618289748409,12.76624815098879,8.892250265887881,0.1014467111900446,7.687903110624692,1065.7881863067096,1710.7316170496738,158.8127576334568,14.725430298015683,1111.7035909883587,1065.819994845467,7.687414367207102,12.768119558691003,True,129.77312422361908,0.10211196936216645,True,0.00038917909899893743,116.1688227076717,-0.0006652581721218465,158.81695490339558,0.75
0.9524861006785733,4.0,899.1108207857758,12.883069438497664,0.8500005393733373,30.06,0.2,14.681114398557662,177302930.33051667,245.15711848015732,1113.0352291252516,12.769613650749013,8.851012814176645,0.11189118498222497,7.60383501509919,1066.7854903639052,1699.5054484866946,158.33611485864435,14.68062350986322,1113.1288419254179,1066.81574947756,7.60344544581624,12.772044617091046,True,129.40010703666286,0.11271524503250759,True,0.0004908886944416935,115.75701144349446,-0.0008240600502826129,158.34140928014176,0.75
0.9457432552602216,4.0,899.2749348530757,9.697707708510427,0.8500056973894444,30.06,0.2,14.725698686333452,176048834.64570683,242.69986473971994,1118.4716600719823,12.777398033712574,8.694808944513184,0.15983903757952495,7.309033774801215,1070.2685128143585,1687.687565309856,156.74362585802143,14.724952032126284,1118.5549045692767,1070.299352474913,7.308775042284357,12.77549119316393,True,128.0980413345884,0.16057312304566243,True,0.0007466542071679072,114.60182340513154,-0.0007340854661374852,156.75157381516507,0.75
0.9334170052878408,4.0,899.9284707400407,6.534410256800566,0.8500005672724045,30.06,0.2,14.69339141848056,173753271.12069616,240.119815535856,1124.0325937958435,12.792402725395926,8.535167608491761,0.23135455463122656,6.991730035262602,1074.154430145024,1666.532246422794,155.054417819367,14.69234584445188,1124.1308392585236,1074.1846710840427,6.991506338405623,12.787907407388369,True,126.70830174351501,0.23235528029854632,True,0.0010455740286801074,113.41151379234098,-0.0010007256673197629,155.06545219563478,0.75
0.9437368374826395,4.0,898.1505576658303,9.184208986771793,0.8500005249857017,30.06,0.2,14.707907870550224,175674273.66660056,242.37771698684065,1119.07929630264,12.779960867575884,8.677100133012456,0.16669273657792247,7.282530289584961,1070.588221320945,1682.6447706031713,156.57465178820289,14.70710740198462,1119.1657073510994,1070.6180301712932,7.282243630857009,12.782176383778623,True,127.98059531812383,0.1678159554571428,True,0.0008004685656040067,114.39712166871682,-0.0011232188792203446,156.5831737282079,0.75
0.9343574446294661,4.0,899.9030531036892,7.501206679180857,0.8500662530667298,30.06,0.2,14.667195782459435,173941772.3035554,240.79842736819495,1122.4006111587887,12.789687763278627,8.581511727678254,0.20830941219620563,7.0726292711499905,1073.1703190730855,1668.1758322081314,155.4970587417304,14.666254975328226,1122.499939045692,1073.2005464239558,7.072402685946849,12.787670185334514,True,127.07142002130739,0.20946873028014293,True,0.0009408071312098087,113.72700734688756,-0.001159318083937294,155.50703352684033,0.75
0.9456659354627092,4.0,899.1736459560988,10.562583223334743,0.8500003069366882,30.06,0.2,14.687422054570472,176033325.31767687,243.3026613504066,1116.9911871862437,12.776045190431331,8.737040116845261,0.1454058965539131,7.382223832211277,1069.40710027418,1687.4175315642576,157.13620245986414,14.686751830410826,1117.0829159300922,1069.4375203960574,7.38193662469845,12.77595417888787,True,128.41990962113485,0.1462803832526788,True,0.0006702241596467928,114.88275172927175,-0.0008744866987657196,157.1433733088347,0.75
0.9564581314211771,4.0,899.9840884832138,14.687958774640643,0.850053354217573,30.06,0.2,14.667178887044901,178053376.69476187,246.4993084999019,1110.2125609515122,12.768859294584262,8.932045603580352,0.09293418994813675,7.752645754190221,1065.0617142037577,1707.7347029999087,159.1750154566619,14.66687207015256,1110.2889865245306,1065.093445308398,7.752049001789775,12.764426990073254,True,130.06963865071583,0.09321185553634631,True,0.00030681689234057785,116.42966984918607,-0.0002776655882095608,159.17834524527308,0.75
0.9594288864833865,3.9997,899.9692744927107,20.253189199319376,0.8802605772102922,30.06,0.2,14.688714989954272,184953309.77387598,251.52341695927524,1106.2084624122888,12.761413679679556,9.04901622480697,0.07088717697731937,7.7963043808573484,1065.0719209448373,1712.9131802941256,164.0627448651404,14.689244387649243,1106.2538653118017,1065.0900657090913,7.795570243129922,12.758931293636726,True,134.90432539785846,0.07101576234273821,True,-0.0005293976949705126,116.61909156141678,-0.00012858536541883459,164.05683207366727,0.75
0.9395723470981451,4.0,899.8916755752708,8.482312582379057,0.8500617373457109,30.06,0.2,14.698603537135877,174911659.36943486,241.62348982770612,1120.7160157404132,12.784013519802857,8.630074204760383,0.18587347979163793,7.172196635170566,1071.9399566382172,1677.4743889926908,156.02993064598343,14.697759880324798,1120.810991331205,1071.9708951958028,7.171962184006235,12.784408043952707,True,127.50606272678687,0.1870679068406598,True,0.0008436568110798959,114.11742710091926,-0.0011944270490218678,156.03888682126413,0.75
0.9367517621813922,4.0,899.9995732613758,7.895355260786942,0.8500033392690473,30.06,0.2,14.684607112398517,174374596.5470139,241.1283965601847,1121.7349488762718,12.787175414660783,8.600738312355837,0.1990522387349214,7.112525344620978,1072.6734567538738,1672.5765184109325,155.70340839355848,14.683796111895449,1121.833503753241,1072.7065675955448,7.112118259130752,12.786126780388408,True,127.23543928837881,0.20024016409202514,True,0.0008110005030683709,113.8929572718059,-0.0011879253571037418,155.71200804596268,0.75
0.9363679808314134,4.0,899.9994704799497,8.188957240138992,0.8500040587733013,30.06,0.2,14.667268890722383,174303303.90600234,241.31463734757602,1121.2413187381535,12.786864396249943,8.614696094491482,0.19298447016691306,7.134875427659894,1072.407882917981,1671.8912742511736,155.8237075070839,14.666397316934603,1121.3385370790897,1072.4385093730846,7.134643780832175,12.786525533172194,True,127.33429748534947,0.19418556453192218,True,0.0008715737877800223,113.98033986222656,-0.00120109436500912,155.83296757661856,0.75
0.9594638354577861,3.9998,899.2187330402576,14.827775239830755,0.8500047408097899,30.06,0.2,14.692243547225877,178602701.1948193,246.77112882344701,1109.75868759342,12.7670212236346,8.94546592384754,0.08995258897683424,7.794352337705047,1064.5695671494482,1712.0211551534426,159.37699720305716,14.691942469766746,1109.8367527870355,1064.6011952265185,7.79370127301061,12.762491695075921,True,130.24828907969945,0.09022723646089494,True,0.00030107745913099393,116.52283974374757,-0.00027464748406069717,159.38026326685102,0.75
0.9342118075749354,4.0,899.9153340169315,6.724480154963784,0.8500007940224845,30.06,0.2,14.696535947091709,173901267.9949299,240.2720900252702,1123.7048438001364,12.791442207029785,8.544548053848562,0.2263626008018889,7.010222316843414,1073.9245647236614,1667.9395367649895,155.1530757842787,14.695508472211179,1123.8038278074646,1073.9548797936563,7.0100032261394425,12.787432315447438,True,126.78893519727909,0.22740438652497014,True,0.0010274748805301215,113.4831548279911,-0.0010417857230812233,155.163923717054,0.75
0.9293443238545969,3.9997,899.9155927448134,5.422445798682572,0.8500005520926952,30.06,0.2,14.681445881479755,172995148.43707773,239.2579380813021,1125.933311183674,12.797462165261024,8.48097866481421,0.2623132431005554,6.888276248861797,1075.4547270196958,1659.1330221149522,154.50131556390227,14.680277146331232,1126.0220444206823,1075.4840296709165,6.888044477877224,12.790332546989532,True,126.25915907884166,0.2629623016231148,True,0.0011687351485232256,112.99877900246042,-0.0006490585225593648,154.51361581656047,0.75
0.9599905619360418,4.0,899.6303854446156,23.903967955582207,0.9028294181302241,30.06,0.2,14.687999759385525,189806346.78400287,255.12133574040686,1103.6229305950926,12.761530781227318,9.12398174381834,0.05965176656645812,7.8130036936447365,1065.228147712734,1713.5826881406078,167.62221828677056,14.68882054660259,1103.663207886716,1065.2422888327776,7.812056709860826,12.754506743133776,True,138.4481091164918,0.05961018431342178,True,-0.0008207872170657993,116.67322662391507,4.158225303634022e-05,167.61285183194667,0.75
0.9388016999837441,3.9998,899.983189590657,8.820952005673792,0.8500025163204797,30.06,0.2,14.67438891392838,174756019.4586111,241.81776432134296,1120.1634857723006,12.783941440010247,8.645670904119545,0.17961259238163743,7.196038166046009,1071.6668693071676,1676.1419971772277,156.15106261019216,14.673570349288886,1120.2560015994286,1071.6974995891696,7.195814875177763,12.785106167100212,True,127.60261328365617,0.18080380225819528,True,0.0008185646394949231,114.2151510376868,-0.0011912098765578527,156.1597734920859,0.75
0.933267760256933,4.0,899.7435974299514,6.603529019544609,0.8500016438699748,30.06,0.2,14.686611194764149,173725709.5646656,240.1762216310451,1123.8720969031906,12.79239124360749,8.539667663351828,0.22907539765543128,7.000484593558276,1074.0480435313948,1666.0278971298167,155.097308171906,14.685572718941922,1123.9703552458207,1074.0781192122702,7.000252739652166,12.788086872354821,True,126.7466324818249,0.23008716047699473,True,0.0010384758222272694,113.4295891492202,-0.0010117628215634555,155.10827572541663,0.75
0.9277501446258589,4.0,899.9662356387709,5.044361573612183,0.8500003676954636,30.06,0.2,14.675143365377544,172698358.4498403,238.9623823688332,1126.5842491553037,12.799101167325045,8.462481597775728,0.27384433414784476,6.851150797098923,1075.9118205888567,1656.4676653750769,154.3055774505021,14.673934294802159,1126.6677684989031,1075.9408553855371,6.850908388958918,12.791236748343865,True,126.09703148767333,0.2743359252588422,True,0.0012090705753848852,112.86535088115987,-0.0004915911109974469,154.3182915822111,0.75
0.9293259397667724,4.0,899.6341139391579,5.216457904716051,0.85000042470278,30.06,0.2,14.686882593572456,172991700.35823914,239.14733667132893,1126.209739891396,12.79782457281733,8.473188348226437,0.26696217924625887,6.8772434010894505,1075.5782205712803,1658.8463524190763,154.43672797763728,14.685687736495737,1126.2956610968952,1075.6072625271654,6.876998087407363,12.790281668020354,True,126.21012628725211,0.26752295449386515,True,0.0011948570767188471,112.93721038407682,-0.0005607752476062822,154.44929326028802,0.75
0.9491863432083143,4.0,899.9995732613758,9.868004283869537,0.8500089465783769,30.06,0.2,14.773111976098326,176690436.2405856,242.86625380129163,1118.337237671723,12.774469769087462,8.699209498690731,0.15771980152229617,7.321270798389698,1070.1052784735539,1694.7785457585799,156.82589132550157,14.772385532914125,1118.424276803065,1070.1371986897302,7.3210321976486465,12.772892902157164,True,128.1520721650138,0.15850778352030706,True,0.0007264431842006758,114.71418163627783,-0.0007879819980108893,156.83360335681877,0.75
0.93353827207827,4.0,898.8496252454884,6.2386549552525015,0.8500014093020898,30.06,0.2,14.696080515465745,173776016.78061324,240.012723448309,1124.2765611641719,12.793130077675647,8.52818614069383,0.23506071176825463,6.990347047710736,1074.1635761489201,1665.360414454563,155.02269433636394,14.694994387715301,1124.3720528153945,1074.1929337639667,6.9900846359984055,12.78794746514802,True,126.70204866729964,0.23596016066538716,True,0.0010861277504439215,113.31067478100937,-0.0008994488971325321,155.0341522822348,0.75
0.9418203572607504,4.0,899.7273950510179,8.146877360321296,0.8501881641808531,30.06,0.2,14.742654496739688,175356227.2919501,241.4822603675808,1121.2575806103314,12.78307414978855,8.615006781221062,0.19186035394476553,7.15481842482168,1072.133702722825,1681.2728107057997,155.95121788753033,14.741770499237436,1121.3541476777887,1072.1646553426015,7.154604051278242,12.782703015941618,True,127.4485124485127,0.19304348380033928,True,0.0008839975022514324,114.0337479190681,-0.0011831298555737557,155.96056957884127,0.75
0.943973969722742,4.0,899.2947963533907,10.338288281994075,0.850005262450103,30.06,0.2,14.675115776066773,175719394.6092606,243.08250487917164,1117.409779553524,12.777611989990397,8.724847122543768,0.1496714794374592,7.354478564670769,1069.7451366372309,1684.556102853225,156.9900272170608,14.674429520068959,1117.4992588973082,1069.7755302127237,7.3541990937748105,12.777047014348698,True,128.29853431849713,0.15051555726935506,True,0.0006862559978149108,114.7839705606745,-0.0008440778318958564,156.99736892309627,0.75
0.9439558058863967,4.0,899.9843715841685,10.338288281994075,0.8500026784636452,30.06,0.2,14.682084961150629,175715479.26671687,243.02256374251155,1117.5749992838082,12.777523234024972,8.720180973375548,0.1512164380755032,7.340057807341202,1069.9191001118916,1685.412079057947,156.92722628613464,14.681406470352268,1117.6650388806852,1069.9501290478102,7.339794567036126,12.776890918052862,True,128.23470646958248,0.15206964934403738,True,0.000678490798360798,114.78785727292907,-0.0008532112685341875,156.93447856671568,0.75
0.9421328269109568,3.9997,899.9708450763668,9.21075512166949,0.8500026197097884,30.06,0.2,14.703703171009415,175376123.2658094,242.1882139771498,1119.487075695528,12.780832182178886,8.665399121828646,0.1712938858380289,7.240969991950347,1071.1130537426404,1682.0337177032518,156.39178068375145,14.702917074661158,1119.5752236513472,1071.144003863326,7.240747854250004,12.782927238709789,True,127.7998020795459,0.172456921162573,True,0.0007860963482571037,114.38841189760389,-0.0011630353245440928,156.40014222228618,0.75
0.9472935176920732,4.0,899.8736678029492,11.232386369261022,0.8500662580724067,30.06,0.2,14.689340084264666,176349977.49138224,243.76116197832872,1116.0361156492922,12.77386268823015,8.764610456952393,0.1364441649191878,7.4283549468564045,1068.8615148233707,1691.226563084672,157.41147471959033,14.688740610379869,1116.132358049542,1068.8926090109537,7.4280516920237964,12.77489747297497,True,128.63349518306052,0.1373786353206767,True,0.000599473884797419,115.1276667952682,-0.0009344704014889182,157.4178989645794,0.75
0.9594638354577861,3.9998,899.2187330402576,13.762628746533705,0.8500047396407943,30.06,0.2,14.737830541730851,178602700.94919035,246.00781724284866,1111.5324675530878,12.765329228422189,8.894897795389301,0.10074798207582826,7.704153694456968,1065.596136623845,1712.0211551534426,158.88401277723673,14.737438994412404,1111.6174810843522,1065.6278000413445,7.7036265315315875,12.767347430426257,True,129.84619431084883,0.10141386951246603,True,0.0003915473184470386,116.16162293199983,-0.0006658874366377715,158.88823404045422,0.75
0.9579493476116147,4.0,899.8909531869801,23.096174680123546,0.8986370441596683,30.06,0.2,14.671945904814187,188523254.5524806,254.23866596688927,1104.4289184596032,12.763105533135727,9.100242910731765,0.06307206968282941,7.783082662418858,1065.5165894644924,1710.2839409160306,166.81243334520707,14.672707780272079,1104.459648991741,1065.5308505600656,7.782236146848032,12.75568810630697,True,137.66320731733657,0.06297630468976037,True,-0.0007618754578917475,116.5754586495527,9.576499306904185e-05,166.8037716652404,0.75
0.9332679227161376,4.0,899.9078484557028,7.0217436837171645,0.8500011238237608,30.06,0.2,14.671236900742745,173725633.5175678,240.44265755404317,1123.2033859605442,12.79147017238344,8.558607703717442,0.21952969635072034,7.030805627418418,1073.681675859401,1666.2451166170167,155.26348377902926,14.670249520175462,1123.302824001009,1073.7119728670507,7.0305689934987,12.788230605650504,True,126.87896486304959,0.22062618888233412,True,0.0009873805672828695,113.56369269099358,-0.0010964925316137852,155.27393378170174,0.75
0.9586625694159924,3.9999,899.9120019289115,18.96715133795021,0.87220397436159,30.06,0.2,14.676384874274538,183114146.61143032,250.2990058898772,1106.9895882110104,12.765073826530209,9.025676892876909,0.07486377544335542,7.798479208169027,1064.9110489065629,1711.5472589656795,162.8346571949666,14.676824946244547,1107.029047163873,1064.9333161546367,7.797652886476346,12.759049219941888,True,133.67586602063284,0.07484446112414209,True,-0.00044007197000972553,116.62313986924437,1.9314319213328823e-05,162.82977473785206,0.75
0.9506177821162597,4.0,899.1887684421577,12.523981479093704,0.8500030738434134,30.06,0.2,14.672092358640626,176955675.08609816,244.8340731326095,1113.6706916538344,12.770851245098877,8.83260848747155,0.11680654295895566,7.564528322089944,1067.2518021293463,1696.2744719070536,158.12484156339377,14.671592189526868,1113.7662836526379,1067.2824338410494,7.564130756046848,12.773224167545516,True,129.22616967163037,0.1176780543572734,True,0.0005001691137582753,115.60790346097912,-0.0008715113983177314,158.13023219590633,0.75
0.9407644579182449,4.0,899.9372351597304,9.14205590343052,0.8500000942874485,30.06,0.2,14.687679016955117,175120883.84199315,242.10476086224963,1119.5956896358757,12.781913948735347,8.662111342426442,0.1727838691273345,7.230593748092483,1071.2351775534776,1679.6618320000455,156.33584035780427,14.686894184751505,1119.684859264186,1071.266137502679,7.230354594459257,12.783837559156842,True,127.75302663849764,0.17395439803257673,True,0.0007848322036121402,114.35173422375199,-0.0011705289052422185,156.34419456806467,0.75
0.9295629329405928,4.0,899.9171863773929,5.326857798109713,0.8500005169481932,30.06,0.2,14.688611879504766,173035834.8235914,239.2053686893916,1126.0890075348882,12.797434619275128,8.476637101290844,0.2648194342554944,6.881185253715951,1075.530022871291,1659.6394470624068,154.46423756633467,14.687434185658526,1126.1767880134414,1075.5594591937947,6.880947308256773,12.790097062456512,True,126.22731442910525,0.26543263817789897,True,0.001177693846239336,112.97805426028636,-0.0006132039224045482,154.47662309124982,0.75
0.9597856740739847,4.0,899.9791207282964,18.474867800085452,0.8685350675386471,30.06,0.2,14.686483374794904,182557502.82370615,249.86575119632542,1107.1758054289155,12.765635385622483,9.020181721059288,0.07576492038081403,7.813089372587749,1064.673454775743,1713.675956335764,162.3528364670176,14.68680181873791,1107.2200322339709,1064.696014758892,7.812356320346201,12.76333212984167,True,133.17897719871272,0.075903637798809,True,-0.00031844394300684087,116.6867739976127,-0.0001387174179949685,162.3493162807959,0.75
0.9619278008259807,4.0,899.8576893282776,21.182848174732214,0.8863673664251012,30.06,0.2,14.722658864426288,186721488.0993843,252.53109789904232,1105.5839824300401,12.758673121142035,9.06766073386607,0.0677517827255496,7.804539093816568,1065.052858728879,1717.341834533235,165.04646704801587,14.723283858388838,1105.6272060755452,1065.069461397159,7.803760102447319,12.757363575831468,True,135.87915520310605,0.0679023234296828,True,-0.0006249939625497802,116.65194269593627,-0.00015054070413320075,165.03946093128013,0.75
0.9593199677532345,4.0,899.0607566184559,22.5111124792457,0.8949864277585479,30.06,0.2,14.681650853908893,188026039.67923108,253.79958121515955,1104.60451878076,12.761606275260428,9.095455292191723,0.06372906197947732,7.805908696401721,1065.1867586301455,1711.6321274203622,166.36226859009543,14.682345576644432,1104.6348661874677,1065.2009295345017,7.805093985251752,12.759968771619532,True,137.2100050589684,0.06380578751451955,True,-0.0006947227355382779,116.58957615619116,-7.672553504223245e-05,166.3543968471425,0.75
0.9489264265232161,4.0,899.9958903640212,11.582579363986273,0.8500662580724067,30.06,0.2,14.698004548767662,176653962.93015006,244.04914845935423,1115.4659022038145,12.772303152873251,8.781145842531625,0.13126939699627477,7.461315325909431,1068.4667034414442,1694.3144627839974,157.59279699533582,14.697435484803517,1115.5633578115921,1068.4980070377899,7.460998590582359,12.773838194080227,True,128.77899912208855,0.132210611656366,True,0.0005690639641446893,115.27014933726568,-0.0009412146600912275,157.59889876607477,0.75
0.9586195123899375,4.0,899.9193427401648,16.34132244206419,0.8560231141864988,30.06,0.2,14.669685082473126,179708997.4717146,247.9242409579006,1108.5173605152352,12.769253447447387,8.980735595823873,0.08306370977317934,7.812609666395147,1064.4712458130427,1711.516994823788,160.42149370046351,14.669702910949082,1108.5937741655462,1064.5009586028248,7.811803385381258,12.763475756357312,True,131.2537517649857,0.08325801568980119,True,-1.782847595599435e-05,116.67048919291489,-0.0001943059166218536,160.421298736001,0.75
0.9363635155393396,4.0,899.9971528051009,7.100042960243168,0.8500021746811365,30.06,0.2,14.71184276465501,174302086.34613356,240.58207471156115,1123.080791176855,12.789109461564678,8.562526052455297,0.21695745767828822,7.046798474017137,1073.4677747484075,1671.8833014423979,155.35057134786933,14.710968737078218,1123.1806954170006,1073.5014702114017,7.046357968067799,12.786055286271031,True,126.94761215837423,0.21806503795541096,True,0.0008740275767920025,113.63446255318692,-0.0011075802771227383,155.35980124196095,0.75
0.9344956890326148,4.0,899.8556217303055,7.260585353422309,0.8500007940224845,30.06,0.2,14.677946350772427,173954111.8415292,240.64408674154166,1122.7822747376388,12.790109009399094,8.570704645288174,0.2134016480086936,7.055711329361477,1073.3719688310962,1668.366939378019,155.3954303811329,14.676977839413622,1122.8818775535628,1073.402263764172,7.055484041240731,12.787480168266883,True,126.98759075863117,0.2145315060523105,True,0.0009685113588044914,113.65649598291049,-0.0011298580436168992,155.40568468832595,0.75
0.9364059872615654,3.9998,899.4455435257731,6.782631573987125,0.85000100403497,30.06,0.2,14.719599548327361,174309752.30284953,240.41245640652448,1123.4909445075828,12.789882578361565,8.550861684271403,0.22274606004571107,7.0327769026209035,1073.6402542174746,1671.1705957746472,155.26218158308944,14.718576209603567,1123.589727997422,1073.6705996590201,7.032539164457721,12.786043848203756,True,126.8875781436338,0.22378650337740494,True,0.0010233387237938985,113.52487826289068,-0.0010404433316938688,155.2729764996963,0.75
0.9473389693892391,4.0,899.6462219172752,11.324615222104882,0.8500174858286212,30.06,0.2,14.683310807731266,176348320.36489245,243.8459791439734,1115.8171081662847,12.773765122632353,8.770857113598005,0.13455089931571895,7.441709852822777,1068.7029751168127,1691.0200113626697,157.47138521695408,14.682792741739382,1115.9135460843188,1068.7358452259011,7.441241890719169,12.774961923884796,True,128.68439423330145,0.13548404185286805,True,0.0005180659918835318,115.16158491067196,-0.0009331425371491009,157.47694141942935,0.75
0.9292241503779457,4.0,899.9655596493596,5.79871450155772,0.8504332716566131,30.06,0.2,14.668671350395527,173060835.68458927,239.51199193091398,1125.3883333301476,12.796780421660312,8.496341840273985,0.25341661852310177,6.909838655927598,1075.1896036645194,1659.0994546354204,154.6832735519305,14.66756848283704,1125.4806251133996,1075.2188366126395,6.909602429210541,12.790524821807887,True,126.41653874992465,0.2542049950653103,True,0.0011028675584867642,113.09545318098932,-0.0007883765422085354,154.6949043252547,0.75
0.9488479779089792,4.0,899.9025684445065,10.79369349801702,0.8500207590688557,30.06,0.2,14.728731288347507,176629904.32879892,243.50434659571192,1116.7592522944628,12.77326280243943,8.744190000868777,0.1426304887550834,7.3982652633242525,1069.2024800924064,1694.0468278871754,157.241986583716,14.728153040878285,1116.8539048661785,1069.2355523989897,7.3978605422155175,12.773572723464897,True,128.49291118941616,0.14354215728000358,True,0.000578247469222859,115.01143540629576,-0.0009116685249201673,157.24816011956568,0.75
0.9398390317959926,4.0,899.9910519082509,6.724480154963784,0.8500007940224845,30.06,0.2,14.77534587059188,174948762.17066064,240.43631569985195,1123.7035971646121,12.78747223193355,8.545386105446358,0.22472115010390745,7.029510043747958,1073.6527543311945,1678.0787010590545,155.25664973350288,14.7743138709376,1123.8034035194796,1073.684129466891,7.029305099851804,12.783425430642927,True,126.87228927390608,0.2257634064463211,True,0.0010319996542786924,113.56402642594587,-0.0010422563424136444,155.2674945558242,0.75
0.9585682260255199,4.0,899.2187330402576,14.028394379315458,0.8500047396407943,30.06,0.2,14.714714649350537,178435984.646098,246.16948353557927,1111.0939123820986,12.766351168203249,8.907261732193419,0.09807405529540994,7.722763335624,1065.3829599268065,1710.4995843958513,158.98636657629044,14.714343671907567,1111.1758060875966,1065.414476473219,7.722212156061245,12.768088256794512,True,129.92860326201318,0.09868917992562236,True,0.00037097744296943347,116.24088027356609,-0.0006151246302124186,158.99037493419308,0.75
0.9592680443054337,4.0,899.9677618896403,20.74324932526443,0.8827067266368205,30.06,0.2,14.682701857543803,185436182.706105,251.96711939354716,1105.7901716071558,12.760865975189654,9.061237162098564,0.06894845960081553,7.803310023815585,1065.0231253942104,1712.7418486798992,164.4793804901018,14.683277758132512,1105.8358522150334,1065.0406904478525,7.802544091748811,12.759185622365726,True,135.31149352393572,0.06910098849536282,True,-0.000575900588708933,116.65562586961144,-0.00015252889454729635,164.47292935748584,0.75
0.95473787686019,4.0,899.8664932295767,13.353716616480416,0.8500282772317022,30.06,0.2,14.69956522978032,177727892.45510602,245.5000895951394,1112.416574731736,12.76821313253439,8.868990592931372,0.10721921606060286,7.636000411388084,1066.4055995923047,1704.5171617588146,158.53235610536356,14.699146132089044,1112.5070584928035,1066.4372166991566,7.6355414552661705,12.770422599655728,True,129.54680510351668,0.10797563566266931,True,0.0004190976912763489,115.95328449162272,-0.0007564196020664465,158.53687613284265,0.75
0.9596262295616163,4.0,899.6776583412519,15.658363059797269,0.8528373963397228,30.06,0.2,14.68554408399445,179228227.94183227,247.40636378128514,1109.0036085467875,12.768027217439471,8.966982685854056,0.08564361353675956,7.812236185720346,1064.4118397682503,1712.9946197369134,159.92264799557515,14.685388481806957,1109.0832829289263,1064.4421337485032,7.811541239056999,12.76254530704412,True,130.76279491093413,0.08587523725150338,True,0.00015560218749399723,116.643568870351,-0.00023162371474381993,159.92434249033698,0.75
0.9524861006785733,4.0,899.2207460101165,12.72667655754246,0.8500005393733373,30.06,0.2,14.688901707534576,177302930.33051667,245.03674760569356,1113.3228530179222,12.769521766463894,8.842813309977842,0.11396331550109377,7.588402118091851,1066.963999525323,1699.646446772741,158.25457284134822,14.688415661182457,1113.4175145524543,1066.9947936984622,7.587993235524928,12.771949338593126,True,129.3314607484577,0.114809932959121,True,0.00048604635211901837,115.70528685723588,-0.0008466174580272212,158.25980955711185,0.75
0.9367517621813922,4.0,899.9995732613758,7.3699057095966305,0.8500033392690473,30.06,0.2,14.70617771947969,174374596.5470139,240.77471622274234,1122.6232445263809,12.788260896751456,8.575545495352436,0.21063105590818132,7.069985941867124,1073.1853337589632,1672.5765184109325,155.47502702161245,14.705250866650054,1122.7230949103484,1073.2169286815245,7.069704970382397,12.785897869780888,True,127.04980456709585,0.2117755937732282,True,0.0009268528296360046,113.7249116556465,-0.0011445378650468685,155.48482641028247,0.75
0.9276325037422009,4.0,899.9797191170114,5.187620797233909,0.8500002773983224,30.06,0.2,14.667852876796404,172676441.55117425,239.0514785491668,1126.3442752806388,12.798968993095906,8.469202991181898,0.2697728088883648,6.861852649151494,1075.7810907438131,1656.2671864343922,154.36284686873356,14.666656994697934,1126.4297512940427,1075.8100535978633,6.861619588534416,12.791379502944862,True,126.14358756560952,0.27032576326643654,True,0.0011958820984698804,112.90789098355728,-0.000552954378071735,154.3754332246636,0.75
0.9619495300803643,4.0,899.8576893282776,21.182848174732214,0.8863673664251012,30.06,0.2,14.722940984031297,186725706.00296324,252.53196330782035,1105.5835934152312,12.758657500182323,9.06767522100074,0.06774822449878172,7.80463970671947,1065.0515870061129,1717.3806280451327,165.04703265226246,14.723567759579385,1105.6268272582388,1065.0682176439634,7.80385717514434,12.757347342089886,True,135.87960452152097,0.06789877568576629,True,-0.0006267755480884318,116.65235878629937,-0.0001505511869845655,165.04000667553996,0.75
0.9597702771886942,4.0,899.9791207282964,18.420380464483664,0.8685350675386471,30.06,0.2,14.688661834151752,182554574.2355788,249.8246861274751,1107.2672077530226,12.765744010348381,9.01751949954484,0.0762194794146702,7.8082974382080454,1064.7279852490562,1713.6484655398108,162.3261540170394,14.688974467596019,1107.3119509706542,1064.750472326766,7.807577242388625,12.763320214763953,True,133.15714253058272,0.07635729412206257,True,-0.00031263344426690765,116.66754359689239,-0.00013781470739238078,162.32269914108898,0.75
0.9506177821162597,4.0,899.1821680802204,12.523981479093704,0.8500030738434134,30.06,0.2,14.672022173401604,176955675.08609816,244.83457476245525,1113.6691016852144,12.77085222236884,8.832653677600458,0.1167949480884383,7.564668070986357,1067.2501479491737,1696.2646480933302,158.12543058079487,14.671521915508754,1113.7646877841064,1067.2807733672264,7.56427044436256,12.773225809959497,True,129.22678864233026,0.11766636718481335,True,0.0005002578928507972,115.60778612012498,-0.000871419096375059,158.13082221604336,0.75
0.9583286500760247,4.0,899.999287209262,18.78712929273428,0.8711673810969403,30.06,0.2,14.673319602604435,182832813.7573089,250.11553619608551,1107.13625275395,12.765773442260492,9.021295833386244,0.07563860311573425,7.794582409147656,1064.937138631239,1711.1021956393456,162.6556647092186,14.673681359640451,1107.1740632751432,1064.9584195997963,7.793877521024119,12.759198775957328,True,133.49908291797573,0.07559149075570452,True,-0.00036175703601593057,116.61645327810979,4.711236002973018e-05,162.65165468407804,0.75
0.9599874813782363,4.0,899.6437340057806,17.902764299475255,0.8678707501592371,30.06,0.2,14.705595902255794,182456225.5717417,249.4616834600585,1107.933948152859,12.766549358456501,8.998110372389576,0.0796112989711257,7.781424099639595,1065.0192379709015,1713.594578934264,162.06665759758712,14.705860094410108,1107.9839148866488,1065.0416831359712,7.780757755593901,12.763033779141429,True,132.93259412068548,0.07974175385272839,True,-0.0002641921543133918,116.52908933937303,-0.00013045488160268182,162.06374605490018,0.75
0.9592680234914941,4.0,899.7243894421971,20.74324932526443,0.8824041141900422,30.06,0.2,14.677922551545263,185372606.83694196,251.98016304407713,1105.6809082145462,12.760924260006732,9.064389497486552,0.06847209579279938,7.812851463517275,1064.9083350836634,1712.4102444337625,164.48088112491263,14.678487674556035,1105.726657402365,1064.9257935880794,7.812081427956281,12.759253089737353,True,135.30924420066472,0.06862426907211562,True,-0.0005651230107712735,116.67091884341241,-0.00015217327931624225,164.47454859714705,0.75
0.9383106550000342,3.9998,899.9994704799497,8.820952005673792,0.850004564420813,30.06,0.2,14.667836347420362,174665033.29593,241.80099456514074,1120.1704517549945,12.784291687839906,8.64540325937482,0.17980360505715903,7.19379351511891,1071.6970830903845,1675.2863458971433,156.13977435089743,14.66702262681453,1120.2630411399898,1071.7277668475763,7.193561715223236,12.785450022055521,True,127.59311270212893,0.1809963318707415,True,0.0008137206058318469,114.2078818630118,-0.0011927268135824565,156.14843692373256,0.75
0.9456659354627092,4.0,899.9332971023713,10.961046591783166,0.8500003069366882,30.06,0.2,14.678773736592234,176033325.31767687,243.51304939946047,1116.5049300699632,12.775377854307152,8.750980703871193,0.14089553490955486,7.399243881874311,1069.212170276817,1688.4016113528924,157.24554291436843,14.678151186769782,1116.5998059911162,1069.24324971334,7.39895107827748,12.775941710474847,True,128.49515710053552,0.14181591540294258,True,0.0006225498224523562,115.01789229892495,-0.000920380493387718,157.25221222738867,0.75
0.9489264265232161,4.0,899.901445302283,11.582579363986273,0.8500662580724067,30.06,0.2,14.697004680037713,176653962.93015006,244.05707131132124,1115.4431788569689,12.772316963416083,8.781789642645474,0.13108386411765374,7.463302147691293,1068.4429852699914,1694.1868878643206,157.60134828742542,14.69641674929901,1115.540553136715,1068.473759001141,7.463018395379385,12.773861637301284,True,128.7879259061393,0.132023848306403,True,0.000587930738703335,115.26914540518194,-0.000939984188749271,157.60765313565474,0.75
0.94016638652214,3.9999,899.645587249,8.285095094366477,0.8500645122210471,30.06,0.2,14.712300651428924,175022817.62842923,241.527345375529,1120.9899421213108,12.784024231746931,8.622352645282362,0.1890316275785987,7.163502211498601,1072.0417303857337,1678.1784461159807,155.97758232981926,14.711430123970935,1121.0858972266944,1072.072459328195,7.163273861878272,12.783973284253088,True,127.46853696669322,0.1902186126381459,True,0.0008705274579892119,114.05880840883577,-0.001186985059547202,155.9868120761529,0.75
0.958515089984744,4.0,899.0378073476388,24.98191392967231,0.9107020864541805,30.06,0.2,14.667430107621007,191167187.67446646,256.2402257857121,1102.9162445754146,12.758285958936915,9.145209302337207,0.05688586685708039,7.808405464069333,1065.407525634107,1710.1657345322462,168.79312077222033,14.66827314875031,1102.9587091682642,1065.4205665358973,7.807434966561494,12.756133052963431,True,139.63605989401785,0.056986360115817355,True,-0.0008430411293041118,116.60416589169424,-0.00010049325873696252,168.78341959323959,0.75
0.9591780274064152,4.0,899.9884949930687,24.9352948615688,0.9090095239594203,30.06,0.2,14.676779944615836,190943869.85792056,256.08039289985976,1102.947437754526,12.758176213995746,9.144323974860583,0.05696563628684344,7.810062433962903,1065.3631351191464,1712.6083976728564,168.56417319079176,14.677673894712152,1102.9913000361692,1065.3774118125784,7.8090336111596645,12.755386441161756,True,139.38361021811423,0.05705413186803844,True,-0.0008939500963158764,116.69678268174553,-8.849558119500278e-05,168.55390671669375,0.75
0.9417829513248736,4.0,899.7918811912801,8.558486559052671,0.850005564567126,30.06,0.2,14.724329903162396,175311602.00170782,241.75113028173382,1120.5410142417447,12.782299427965764,8.635355672959058,0.18330592288890427,7.189755038556436,1071.713700827121,1681.2848038552006,156.1130325764808,14.723484640833716,1120.6352805815063,1071.7448063654545,7.189527553903205,12.782896452798191,True,127.57432351755287,0.1844931914392727,True,0.0008452623286796523,114.17680676418095,-0.0011872685503684366,156.12199488864206,0.75
0.9591893178324304,4.0,899.8618111474295,24.881933574714836,0.9090095239594203,30.06,0.2,14.677992691149568,190946117.44655803,256.050273613337,1103.006936620401,12.75848672578607,9.142528076837579,0.05719696256794451,7.808005157188649,1065.386070694497,1712.4527863074288,168.54923605627422,14.678872695621807,1103.0506549881236,1065.4000637768165,7.806998763803448,12.75538834086401,True,139.3738675154656,0.0572769012779655,True,-0.0008800044722399036,116.67640609787142,-7.993871002099501e-05,168.5391314600564,0.75
0.94016638652214,3.9999,899.645587249,8.313632185200396,0.8500645122210471,30.06,0.2,14.71112157611326,175022817.62842923,241.54670344619115,1120.9417178191622,12.783968064035584,8.62372275133901,0.18845131587664324,7.165825959742096,1072.013953817171,1678.1784461159807,155.99008370955232,14.710256199529613,1121.037502533597,1072.0447291476082,7.165592856468709,12.783985716748532,True,127.47870935451672,0.18963867330488754,True,0.0008653765836470484,114.06799409167442,-0.0011873574282443011,155.99926031150216,0.75
0.9277501446258589,4.0,899.9662356387709,5.187620797233909,0.8500002773983224,30.06,0.2,14.66936351285337,172698340.10376817,239.05652215633313,1126.3408371188655,12.798890808362993,8.469314699273468,0.2696756537717302,6.862549618800255,1075.7716309440048,1656.4676653750769,154.36636174530003,14.668197772596944,1126.4263377704235,1075.8014097208554,6.862255929534639,12.791299948857201,True,126.14633283111672,0.27022810968116834,True,0.0011657402564253516,112.91018932521641,-0.0005524559094381432,154.37862985655093,0.75
0.9596262295616163,4.0,899.7313009566539,15.658363059797269,0.8528409119036107,30.06,0.2,14.686150355664019,179228966.75592336,247.40104773727515,1109.0172151683857,12.768017900274968,8.96659288335374,0.08571697906040268,7.811028245651961,1064.4258968732054,1713.058627119255,159.9176746800237,14.685999887777847,1109.0969295945663,1064.4563200175082,7.810326335745052,12.76253146745339,True,130.75789001587302,0.08594880698626828,True,0.00015046788617212314,116.64315772140213,-0.00023182792586559642,159.91931314350285,0.75
0.9418530449277802,3.9998,899.7918399070537,8.564380861815549,0.850004564420813,30.06,0.2,14.724887837575535,175324443.5364296,241.75515801960955,1120.5348119835103,12.782263797405673,8.635537787349119,0.1832221299649125,7.190676074251154,1071.7089841128839,1681.3414052466403,156.11742224568422,14.724029946780895,1120.6289547308684,1071.7397284838958,7.190475868760532,12.782875811690106,True,127.57894323341485,0.18440883879520004,True,0.0008578907946397152,114.1762147861947,-0.0011867088302875417,156.1265183762892,0.75
0.933267760256933,3.9999,899.8017232106338,6.005091931705694,0.8500016438699748,30.06,0.2,14.711529331946059,173725709.5646656,239.7719664470049,1124.9029968811521,12.793646785739703,8.510546616338353,0.24454752505183858,6.951315403968986,1074.649692130134,1666.065429170653,154.83524479940596,14.710424102178038,1124.9980889894562,1074.679773637194,6.951086645296415,12.787823108673685,True,126.53251022975287,0.24540270614710386,True,0.0011052297680205214,113.23945621725203,-0.0008551810952652783,154.84687794611216,0.75
0.9367310991127729,4.0,899.9078484557028,7.039586064873901,0.8500033392690473,30.06,0.2,14.718499670867788,174370750.15525958,240.56027080784867,1123.1607183751332,12.788994871519119,8.560306015613687,0.21797071667933166,7.045091896951186,1073.4853350746953,1672.4282293314052,155.33954858429064,14.717533591005855,1123.2605231223108,1073.516821318664,7.044817253339543,12.785789769761683,True,126.9409732157504,0.21906783488811746,True,0.0009660798619322009,113.61929759209826,-0.0010971182087858022,155.34974529345533,0.75
0.9456659354627092,4.0,899.9332971023713,10.562583223334743,0.8500003069366882,30.06,0.2,14.695414944119214,176033325.31767687,243.23729323973353,1117.1736862703976,12.775933026441459,8.73188499787587,0.14706213238783414,7.366341081925128,1069.5981666757766,1688.4016113528924,157.06747678134116,14.694752946522836,1117.2660371888842,1069.6292613290796,7.366073393397326,12.775767038406418,True,128.34998652601976,0.14794701602404223,True,0.0006619975963779723,114.88730671371377,-0.0008848836362080892,157.0745526602264,0.75
0.949199202224965,4.0,899.9032441708,11.023321108151467,0.8500662580724067,30.06,0.2,14.724204930319328,176704743.37777817,243.6762472829697,1116.3797398249012,12.772698929209753,8.755082746841197,0.13914035597114024,7.417947808293987,1068.9705871917104,1694.6738940265623,157.35542883913422,14.723608731120887,1116.4755795601825,1069.0026015269884,7.417611762328232,12.773418326462668,True,128.5870293209646,0.14006827364896615,True,0.0005961991984406723,115.08921796200511,-0.0009279176778259068,157.36180059094164,0.75
0.9334993274517279,4.0,899.4320914144556,6.005091931705694,0.8500013977834979,30.06,0.2,14.711039118497046,173768764.9725611,239.80961241208692,1124.8120223574524,12.793537755665676,8.513113975402138,0.24311423264778564,6.95959789787177,1074.541460563901,1666.0403930512423,154.87133682709955,14.709931455135731,1124.9067220854383,1074.5712984031538,6.959354096684163,12.787733983467621,True,126.5681082072319,0.24396072059041946,True,0.001107663361315403,113.24150420485502,-0.0008464879426338112,154.88299869690803,0.75
0.9583286500760247,4.0,899.9931438570823,18.78712929273428,0.8711673810969403,30.06,0.2,14.673253573007148,182832813.7573089,250.11595582721702,1107.1347700538229,12.76577452357544,9.021338441133928,0.07563152307043458,7.794714072817393,1064.9356081127314,1711.0918379652148,162.65622018721564,14.673616135653019,1107.172585485153,1064.956909558475,7.794007190316889,12.759200397129497,True,133.49967631924955,0.07558445518047241,True,-0.0003625626458703124,116.61627950796748,4.706788996217126e-05,162.65220120041556,0.75
0.9488479779089792,4.0,899.9025684445065,11.023321108151467,0.8500662580724067,30.06,0.2,14.719444654479503,176639358.78571486,243.66485764217003,1116.3821854604623,12.772958177477332,8.7549604283065,0.1392245609463635,7.416575206386855,1068.9889964852875,1694.0468278871754,157.3480739088432,14.718824280060096,1116.4779465063364,1069.0203466025437,7.416287354849846,12.773673092505229,True,128.58123192504382,0.14015224998684464,True,0.0006203744194070993,115.08362571712621,-0.0009276890404811278,157.35470587333563,0.75
0.9273580721815696,4.0,899.9994050977836,5.005089813846021,0.8500000334950459,30.06,0.2,14.671565467846397,172625307.27712667,238.92216127267383,1126.6595175533475,12.799417831421941,8.4603185121668,0.2752787846305841,6.8459522642026505,1075.978702252258,1655.805267147889,126.06404324997992,14.670351451148834,1126.7423668795818,1076.0076507652498,6.845711683244832,12.791487337438191,True,126.07447543723715,0.2757526082182867,True,0.0012140166975633804,112.84768583543668,-0.00047382358770259314,126.07447543723715,1.0
0.9589356807703725,4.0,869.670705820639,24.985915851725984,0.9576845771764774,30.06,0.2,14.673155771556887,201117581.1651836,260.82836326297337,1102.9998130293257,12.75685186074263,9.143072982073555,0.0571440740755175,7.808109767311775,1065.9901291077076,1672.34397702801,146.8553363923831,14.673126751193415,1102.9961593771054,1065.9914254961145,7.80787242325514,12.757651699493547,True,146.8556268414,0.05715192692475148,True,2.9020363472298527e-05,113.97273642157336,-7.852849233984383e-06,146.8556268414,1.0
0.95879533452489,4.0,899.981334192335,21.609730652895085,0.8875236340631527,30.06,0.2,14.672519388657799,186356224.86381686,252.75732136886424,1105.1412737936041,12.761049470823473,9.080001032293382,0.0660787754022141,7.808686161215801,1065.042859901747,1711.9128605832611,136.0825489431682,14.673253678238403,1105.183670665352,1065.0613458202497,7.807710716674767,12.75983899647238,True,136.07573900176175,0.06622469336806205,True,-0.000734289580604397,116.6815823671025,-0.00014591796584795258,136.07573900176175,1.0
0.9589632481826488,4.0,871.8293270036045,22.037731400562006,0.9334507249365281,30.06,0.2,14.674529172961636,196034010.9414662,257.28766099921506,1105.0351849819763,12.761415224771913,9.083001662550139,0.0656148094174227,7.807807028618899,1065.63909472178,1675.210884231764,143.12993474531913,14.674469150205399,1105.042857568058,1065.6382289565292,7.807685539897415,12.761320340456242,True,143.13052018749735,0.06564574463628467,True,6.002275623728792e-05,114.15714081171771,-3.093521886196604e-05,143.13052018749735,1.0
0.9593728673866567,4.0,899.9949838009487,19.399234265887053,0.8787139296105023,30.06,0.2,14.715022994028363,184617560.4820769,250.83259361566988,1107.3853105722055,12.7629278194613,9.014688057690336,0.07658058991421977,7.742804742809556,1065.647487781296,1712.962091826959,134.42352700924246,14.715480647424316,1107.4253935376041,1065.6656753992993,7.74218795207211,12.758575099262954,True,134.41934641975948,0.07662447337804788,True,-0.0004576533959532725,116.4132471959104,-4.388346382810937e-05,134.41934641975948,1.0
0.9584902325822677,4.0,899.9537890625851,15.288225508455996,0.8500003097414395,30.06,0.2,14.667732477032674,178420536.4235313,247.00343511239217,1109.1776721512874,12.768341606821155,8.961907860059974,0.08675547058528957,7.813451864001921,1064.3569326766203,1711.331702598832,130.33020663085938,14.66753435792649,1109.2595770586097,1064.3903862113546,7.812650508521744,12.763197069440041,True,130.33196704289705,0.08701698038266838,True,0.00019811910618372508,116.67146806949512,-0.00026150979737880886,130.33196704289705,1.0
0.9589444103860868,4.0,869.670705820639,24.68138758093525,0.956631112467275,30.06,0.2,14.681005080825472,200898178.2225911,260.52982483242323,1103.383830213682,12.758675030903321,9.131523636232188,0.058652737268162745,7.79285726142047,1066.1495957026889,1672.3592011150415,146.61669750170168,14.680958425161908,1103.3818234747694,1066.1504802118773,7.7926537281156,12.762769689656965,True,146.61716344534875,0.0587592626021294,True,4.6655663563655025e-05,113.91266138707448,-0.00010652533396665609,146.61716344534875,1.0
0.9610014828765246,4.0,875.3752705307078,24.406593345959692,0.945215453436535,30.06,0.2,14.705202840802919,198926635.0352501,259.41663742205054,1103.4612412092645,12.758355835140152,9.129338201276731,0.05885162913291317,7.807935844527142,1065.821877780897,1683.41746962117,144.93895983775047,14.70526322842084,1103.4727271962652,1065.822828344265,7.807639575074905,12.759777996142585,True,144.93836464143249,0.05893648441310209,True,-6.038761792126479e-05,114.47827278061806,-8.485528018892241e-05,144.93836464143249,1.0
0.9586945425021771,4.0,899.9933557849591,21.040119809722015,0.8875236340631527,30.06,0.2,14.696661527116737,186336634.4255108,252.3168186787261,1106.106870204755,12.760912516919602,9.052059315788071,0.07035414705875372,7.7576812053783515,1065.6258220767836,1711.750941446793,135.8447247757366,14.697260860909907,1106.1489293249128,1065.6415042833194,7.757000640840762,12.759667092354794,True,135.8391852173827,0.07050709123059967,True,-0.0005993337931702314,116.4776334613434,-0.0001529441718459562,135.8391852173827,1.0
0.9588438499747657,4.0,899.5709325080627,20.092931826643238,0.8786394797509779,30.06,0.2,14.672438103613713,184500125.391771,251.37226500893877,1106.1118257606236,12.762217403349837,9.051647278414542,0.0705371885547351,7.811234105307056,1064.8666675409013,1711.4569415398623,134.7279193689089,14.67298802024825,1106.1571907692482,1064.886394782814,7.8103826212524385,12.759382823827337,True,134.7228700140062,0.07065309526645051,True,-0.0005499166345366291,116.64939499493258,-0.00011590671171540778,134.7228700140062,1.0
0.9589318770016613,4.0,869.9586861028085,22.390339671599687,0.9398041320255318,30.06,0.2,14.680958198596073,197361833.4932173,257.973918332273,1104.9598290619274,12.760975285750657,9.085277587780254,0.06524327008498489,7.793715677499762,1065.8888587028623,1672.7132382225234,144.03631183581942,14.680863990003004,1104.9699267761564,1065.8880738534256,7.793618828561668,12.761904494349029,True,144.03723613143978,0.0653164892556544,True,9.420859306885632e-05,113.93668220083322,-7.321917066951955e-05,144.03723613143978,1.0
0.9584902325822677,4.0,899.9537890625851,15.288225508455996,0.8500003097414395,30.06,0.2,14.667732477032674,178420536.4235313,247.00343511239217,1109.1776721512874,12.768341606821155,8.961907860059974,0.08675547058528957,7.813451864001921,1064.3569326766203,1711.331702598832,130.33020663085938,14.66753435792649,1109.2595770586097,1064.3903862113546,7.812650508521744,12.763197069440041,True,130.33196704289705,0.08701698038266838,True,0.00019811910618372508,116.67146806949512,-0.00026150979737880886,130.33196704289705,1.0
0.9589632481826488,4.0,871.8293270036045,22.077049364051508,0.9334507249365281,30.06,0.2,14.672679569888457,196034010.9414662,257.3200940695488,1104.9656938684057,12.76146403373541,9.08500678363606,0.06532079974623554,7.81148133609767,1065.5970837015627,1675.210884231764,143.14797736431777,14.67262083965685,1104.9737272497498,1065.5962337418673,7.811357308980608,12.761337961259235,True,143.14855034401626,0.06535220202472011,True,5.8730231607739825e-05,114.17154372553256,-3.140227848456856e-05,143.14855034401626,1.0
0.9540190428466994,3.9999,899.9503771323075,13.338820996843205,0.8500000127883387,30.06,0.2,14.691198711003318,177588173.7032691,245.45556580397445,1112.465249235496,12.76873046809864,8.867492111618205,0.10765107366352239,7.630548669690475,1066.4763433454762,1703.3060594129138,129.51498852914784,14.690882435146122,1112.556029308361,1066.510535937475,7.62988755488605,12.770931945791672,True,129.51777682074282,0.10841142368680434,True,0.00031627585719640194,115.93778898323163,-0.0007603500232819527,129.51777682074282,1.0
0.9488529451432558,4.0,899.9912888970946,12.187724883426647,0.8500002241038233,30.06,0.2,14.671030117816128,176626561.90761268,244.46860041350234,1114.4403209649622,12.772043920180522,8.810409063307056,0.12294136714142288,7.512456746207532,1067.871221732793,1694.178750516713,128.9907684609017,14.670586444289519,1114.5376115965316,1067.904289766358,7.511952366474797,12.774156995382887,True,128.99466944941096,0.12385566835239831,True,0.000443673526609345,115.47393096409138,-0.0009143012109754239,128.99466944941096,1.0
0.9499717979136212,4.0,899.9536892977122,11.827657100065485,0.8500002215662722,30.06,0.2,14.700839815683288,176834832.97660053,244.25689108993268,1115.0242440258903,12.771365767989899,8.793909732547867,0.12744295483593943,7.487764307874361,1068.1503984145147,1696.1225050406078,128.88099921529744,14.700284149209006,1115.1220544987307,1068.1816530380136,7.487441283266731,12.773199161098015,True,128.8858708796618,0.12837829277747714,True,0.0005556664742822903,115.37102021027087,-0.0009353379415377172,128.8858708796618,1.0
0.9289319753735052,4.0,899.9991056909904,5.463432784955641,0.8500003157282412,30.06,0.2,14.675095260618008,172918342.70230296,239.27013423089335,1125.877880977437,12.797623076201873,8.482494121991273,0.2615126244632103,6.888136972654026,1075.4496061646903,1658.6154839059716,126.24766627070086,14.673935417665366,1125.9671892722395,1075.4790390416863,6.887900648018021,12.790582344986845,True,126.25764501613239,0.2621801893266233,True,0.0011598429526422649,113.01248921476096,-0.0006675648634130171,126.25764501613239,1.0
0.9379340379869823,4.0,899.9881450090484,8.042611135014294,0.8500005660207631,30.06,0.2,14.694709031199613,174594105.34892833,241.2660326986826,1121.4774862907911,12.786039863413984,8.608214061817005,0.19552066125572223,7.129207997384634,1072.4650897193637,1674.6830208805147,127.30099825500294,14.693848661783424,1121.5753928099296,1072.4967099810485,7.128925738562241,12.785356386600343,True,127.30845211464653,0.19671398529259396,True,0.0008603694161894992,113.95758058403608,-0.0011933240368717235,127.30845211464653,1.0
0.9610014828765246,4.0,879.3027170500162,24.061694368646098,0.942412011879452,30.06,0.2,14.744572411626532,198336632.836872,258.6447966803397,1104.5801328921993,12.75934991835653,9.096628140997652,0.06328596206646558,7.730019349000822,1066.69212474183,1688.5715817200619,144.12322666935907,14.74469287389446,1104.5973254139237,1066.693095217222,7.729717790250073,12.758631421832874,True,144.12204920090352,0.063336586272545,True,-0.00012046226792783443,114.52274747943619,-5.0624206079416534e-05,144.12204920090352,1.0
0.9290065874252607,4.0,899.9997474776035,5.604223596164546,0.8500013659477728,30.06,0.2,14.670459224583531,172932445.21417794,239.36512673934823,1125.6391551298157,12.79732137762338,8.48922335184933,0.25757318590191447,6.8996097281110655,1075.30851762505,1658.7487043221142,126.29786150047136,14.669317251377661,1125.7299941625909,1075.338036573127,6.899370402398161,12.790591607122295,True,126.30769350364646,0.25829359179927186,True,0.0011419732058701726,113.05743323570177,-0.0007204058973573901,126.30769350364646,1.0
0.9415621710800731,4.0,899.9794150928393,9.674990141844845,0.850001133570289,30.06,0.2,14.676961299876327,175269590.39438477,242.49105345357611,1118.704063826313,12.78037629734942,8.687627296043221,0.1630437911364198,7.276393342183382,1070.686780795596,1681.1433385931127,127.94804252342678,14.67624391673352,1118.7867121226427,1070.7181979321824,7.27610787106627,12.783490426445336,True,127.95429669645512,0.1641709933020626,True,0.0007173831428062272,114.536756757121,-0.0011272021656427988,127.95429669645512,1.0
0.9564222870854356,4.0,899.990870930087,13.607462616393613,0.850000391368863,30.06,0.2,14.712374044548598,178035610.68840966,245.72636709311783,1112.0021611696313,12.767235839435243,8.881052450768067,0.10419155068244608,7.662005647886728,1066.0962869351777,1707.6938250490473,129.65442521084887,14.711974988849184,1112.0901517040543,1066.1281328599055,7.6615269840166516,12.769275315023448,True,129.65794202877265,0.10490133482732462,True,0.00039905569941467434,116.06842506434518,-0.0007097841448785447,129.65794202877265,1.0
0.931055817520717,4.0,899.9716289725957,5.651291119410792,0.8500003123456226,30.06,0.2,14.696877820799422,173313689.86797178,239.45931897582125,1125.5474730835824,12.795826214909836,8.492086901862937,0.2554204846365243,6.911410251499725,1075.149809974576,1662.371962596927,126.34876700237469,14.695730908989809,1125.6393022842556,1075.1794825000777,6.9111913347190175,12.78917522088659,True,126.35862774995523,0.25616074135152495,True,0.001146911809613016,113.10069122586602,-0.0007402567150006645,126.35862774995523,1.0
0.9516376991893205,4.0,899.9975045469471,12.567746962770949,0.8500005483802965,30.06,0.2,14.692516943393835,177145004.37010586,244.82795828775227,1113.7829982580956,12.769985474802905,8.829579630430654,0.11746050930381775,7.555220484739988,1067.357403286972,1699.1567356796136,129.18019403973472,14.69203169869848,1113.8791648308309,1067.3888926044913,7.554834489370273,12.772301990539333,True,129.1844605704085,0.11833794985075331,True,0.0004852446953549361,115.64349771734376,-0.0008774405469355595,129.1844605704085,1.0
0.9289319753735052,4.0,899.9968770661237,5.200016373183891,0.8500013648814992,30.06,0.2,14.685730439379185,172918556.1349797,239.09701421608904,1126.3249662824694,12.798056285681682,8.469925898515175,0.26899627087598915,6.867171591226027,1075.706932447132,1658.6154839059716,126.15639537846815,14.684533196859046,1126.4110658942911,1075.736117273222,6.8669455239611485,12.790466657866226,True,126.16668101701788,0.2695584050487362,True,0.0011972425201385306,112.93033319907116,-0.0005621341727470308,126.16668101701788,1.0
0.9562053868175973,4.0,899.990408871705,13.934063558223276,0.8500001665550967,30.06,0.2,14.69557773997916,177995188.17002335,245.95139537755136,1111.460033431173,12.767840272222584,8.896459516880942,0.10067497462554409,7.688638474971126,1065.792770397859,1707.3065492054784,129.7731423401924,14.695208835667083,1111.5443116266179,1065.8246133415348,7.688121719929112,12.769574343053801,True,129.77640012797457,0.10132179729729653,True,0.0003689043120775892,116.1749952495768,-0.0006468226717524367,129.77640012797457,1.0
0.9610014828765246,4.0,875.3752705307078,24.061694368646098,0.9423474817791267,30.06,0.2,14.702508873392171,198323052.064711,259.0243165956336,1103.6346210732306,12.759626167836052,9.124034866467575,0.05958561052826537,7.813474120133966,1065.7155282744156,1683.41746962117,144.52566305849945,14.702560628664532,1103.6494312629966,1065.716202673086,7.813195868438625,12.759662787199995,True,144.5251543059601,0.05964553874911513,True,-5.175527236112032e-05,114.4991622896735,-5.992822084975591e-05,144.5251543059601,1.0
0.9394937460004735,4.0,899.9942469561684,8.70993279664001,0.8500005896031191,30.06,0.2,14.688716758659956,174884445.9965972,241.7658303489124,1120.3448628599979,12.783624995574042,8.640618364765508,0.181537139955195,7.18927787362801,1071.736088440565,1677.4678825252963,127.56471189271234,14.687894375447712,1120.4383360366876,1071.767089925444,7.189041948027895,12.784538668398875,True,127.57185431046493,0.18273070597470742,True,0.0008223832122435937,114.19397603844747,-0.0011935660195124265,127.57185431046493,1.0
0.9405613945553896,3.9996,899.7256215481879,9.451573665853983,0.8500002201464153,30.06,0.2,14.669585508474258,175083110.04379243,242.32212455180016,1119.0336412960885,12.781586798522156,8.678060422136081,0.16675906259185225,7.259824832472281,1070.9017492731377,1678.8746619528633,127.87617371133376,14.668828029266882,1119.118964166894,1070.9323476785676,7.259574309208815,12.784218784046946,True,127.8827770706827,0.1679031396589637,True,0.0007574792073761216,114.43934748111745,-0.0011440770671114486,127.8827770706827,1.0
0.9374039128952221,4.0,899.991149688488,8.465104038219428,0.8500000188075211,30.06,0.2,14.670059650815892,174495311.53537288,241.5347441965072,1120.767708246562,12.785590714617689,8.628297212869441,0.1869987130229144,7.161465318859309,1072.0823808622174,1673.7364815140377,127.44274175390292,14.66921243462579,1120.8632048070197,1072.1130527660528,7.161235268634354,12.785914071710444,True,127.45010217318965,0.18820041988752317,True,0.0008472161901025288,114.08464202331756,-0.0012017068646087703,127.45010217318965,1.0
0.9390713247423341,4.0,899.9882179815138,8.166187493236603,0.8500006235711262,30.06,0.2,14.705279738669109,174805820.30584773,241.38494574182025,1121.263364303012,12.784981746695111,8.614457050721104,0.19259161233930283,7.14354278165381,1072.285568966933,1676.7136485599917,127.36374530515714,14.704403234857903,1121.3606016158299,1072.3166268711184,7.143315590283855,12.784603920707895,True,127.37133723570926,0.19378697365437222,True,0.0008765038112059642,114.01360850611098,-0.0011953613150693931,127.37133723570926,1.0
0.9442329384785921,4.0,899.9800166983084,10.49910720850325,0.8500007340727327,30.06,0.2,14.679093760395887,175766664.87351254,243.14349873308169,1117.3016008272737,12.777072406797895,8.728024753957374,0.14854009994890774,7.354508165483951,1069.7471400325553,1685.9119486316845,128.29227043857583,14.678424572972926,1117.39308590921,1069.778037037806,7.354248895317539,12.776762601190677,True,128.2981192661127,0.1494152248858097,True,0.0006691874229609596,114.84537946696898,-0.0008751249369019498,128.2981192661127,1.0
0.951838300453669,4.0,899.1456237186579,12.95962151534484,0.8500000225167895,30.06,0.2,14.66957499327398,177182236.1833094,245.18608592445878,1112.9216792793711,12.770134047997246,8.854152029391905,0.11117269894962657,7.606886671213366,1066.7548204905095,1698.3945728121366,129.40941389470652,14.669107277228951,1113.014837248915,1066.785406914467,7.606460374691948,12.772538932332646,True,129.41354003940725,0.11198671392120552,True,0.0004677160450281548,115.77254588505153,-0.0008140149715789441,129.41354003940725,1.0
0.9341898596192982,4.0,899.9989352969062,7.094812256782627,0.8500003051117769,30.06,0.2,14.681958340173614,173897082.41241834,240.51195503899484,1123.0979335842383,12.79065158748982,8.56173278583885,0.21779652037250163,7.038277158304622,1073.5855819330059,1668.003478348892,126.90289555918379,14.6809765320722,1123.1976464059615,1073.6160561081074,7.038049106522813,12.787589930684762,True,126.91138234415212,0.2189065232670027,True,0.0009818081014127955,113.60057269484273,-0.0011100028945010554,126.91138234415212,1.0
0.9308460765389476,4.0,899.9916417368803,6.321950923684476,0.85000451862743,30.06,0.2,14.6669668373912,173275504.57458848,239.89627538199838,1124.4164301638696,12.794632023165788,8.52396568497419,0.2378273053597171,6.963855671952162,1074.5113873810783,1662.0274521422746,126.57854100864527,14.665885887460423,1124.5133029007259,1074.540832497194,6.963658226594853,12.789612942282284,True,126.58787048701373,0.23877646512330655,True,0.0010809499307775638,113.30840489498465,-0.0009491597635894466,126.58787048701373,1.0
0.9358779590058862,4.0,899.9621417270139,7.629074219543542,0.850000652912864,30.06,0.2,14.683065915489944,174211389.13211483,240.92516684437174,1122.1791639065466,12.78834538627141,8.588007959207427,0.20499487454468296,7.088485318654513,1072.9681580338658,1670.9695076322355,127.1226737377079,14.68213632510682,1122.2784925125245,1072.998766517041,7.088259638800193,12.786638212134175,True,127.13072243119277,0.20616591386016778,True,0.0009295903831247898,113.79444441317898,-0.0011710393154848175,127.13072243119277,1.0
0.9339820409090503,4.0,899.9998574713384,7.303980792173865,0.8500001403818389,30.06,0.2,14.670543248191198,173858363.79076582,240.64552621694048,1122.7452867980344,12.790355674270875,8.57169345998113,0.21302376405719034,7.054356192924518,1073.3927128421262,1667.6324163768634,126.97336096958513,14.669585663321591,1122.8450020057574,1073.4231667828606,7.054122553868735,12.787827604234169,True,126.98164939518202,0.21416317021768627,True,0.0009575848696066203,113.66387682175846,-0.0011394061604959316,126.98164939518202,1.0
0.9273580721815696,4.0,899.992031759959,5.117404839344626,0.8500007087544834,30.06,0.2,14.666968478319667,172625444.4146129,238.9967600924634,1126.4670782903297,12.799259758677671,8.465718061379526,0.2719626662579007,6.8550207132668035,1075.867070236253,1655.7996136829786,126.10365500871424,14.665764506369442,1126.551526285757,1075.8959645728232,6.854787311575307,12.791538610534976,True,126.11400736800555,0.2724853929200414,True,0.0012039719502254798,112.88275272445786,-0.0005227266621407045,126.11400736800555,1.0
0.9289319753735052,4.0,899.9991056909904,5.336134094977917,0.8500003157282412,30.06,0.2,14.680242187433427,172918342.70230296,239.18624556922973,1126.0940274076725,12.797838431699386,8.476415488603234,0.2651056607383098,6.8779884015314865,1075.5741034492683,1658.6154839059716,126.2034035473332,14.679085550779225,1126.1818459030362,1075.60398258849,6.877714512345472,12.790526234369406,True,126.2133477282512,0.2657229481151645,True,0.001156636654201293,112.97289784097853,-0.0006172873768546805,126.2133477282512,1.0
0.9337614176502272,4.0,899.9719178647177,6.575100234974231,0.8500012603684137,30.06,0.2,14.69696687239253,173817524.36349952,240.1538615761609,1123.9730279497576,12.792067585695905,8.536904489050624,0.23037508365474332,6.995377573933396,1074.108077493068,1667.202729681626,126.71530352828384,14.695925743194099,1124.0715341926405,1074.1384141778158,6.995156145739896,12.787671646241423,True,126.72428064239674,0.2313862228985345,True,0.0010411291984304683,113.42958093376416,-0.001011139243791176,126.72428064239674,1.0
0.9324708270313496,4.0,899.9991019968821,6.526282414249385,0.8500050344087982,30.06,0.2,14.681334873821818,173578054.6003481,240.0802810440926,1124.067187217925,12.793068359862943,8.534063754036449,0.23213381634681518,6.986077259460693,1074.2300852258993,1664.934131891565,126.67546150957624,14.680287558860877,1124.1653289743883,1074.2601557666517,6.9858592120769805,12.788555007323335,True,126.68449873759315,0.233134373926216,True,0.0010473149609406818,113.39578230649946,-0.0010005575794008181,126.68449873759315,1.0
0.9463819321109044,4.0,899.9955438598572,10.871253136115378,0.8500015103540803,30.06,0.2,14.692894726822734,176166855.69924787,243.46969152882903,1116.6655063957248,12.774959838147751,8.74650583780971,0.1422179798933414,7.39332278549021,1069.2771654608896,1689.7725214560055,128.46359144623418,14.692351060529372,1116.7601153029138,1069.310621506322,7.392864280238544,12.775369548577968,True,128.4683450302117,0.14313311865709707,True,0.0005436662933622216,115.00134649861732,-0.0009151387637556796,128.4683450302117,1.0
0.9588094239607355,4.0,899.5709325080627,19.765142272100448,0.8786394797509779,30.06,0.2,14.686437631031685,184493501.15998864,251.1236332776379,1106.6634677508882,12.762753226172869,9.035580091672276,0.073125888051834,7.782381588632205,1065.195489104364,1711.3954939530806,134.59466029259008,14.686910805017462,1106.706355171401,1065.2136703903332,7.7816947492859585,12.759266545069778,True,134.59032400344663,0.07321156188451697,True,-0.00047317398577639835,116.53330927419128,-8.567383268297257e-05,134.59032400344663,1.0
0.9461691822994299,4.0,899.998437202032,11.247233755660819,0.8500000034638483,30.06,0.2,14.674311797015534,176126940.56317842,243.72298119408416,1116.037078719124,12.774657867340615,8.764420968056719,0.13664350691850938,7.423541272550665,1068.9248309947363,1689.3926549632329,128.59712872945124,14.673706911705079,1116.1333671796604,1068.955759079062,7.423252803196695,12.775687086051096,True,128.60242981080737,0.13757944516097853,True,0.0006048853104552165,115.12055138327679,-0.0009359382424691531,128.60242981080737,1.0
0.9393662737905704,4.0,899.9998247096651,6.729364343530021,0.8500026015835452,30.06,0.2,14.768698618764446,174861131.26009297,240.42457765733673,1123.6993803809405,12.787793310075562,8.545439372855341,0.2247947215922339,7.027946849653718,1073.6750267404088,1677.246007321081,126.85695395418611,14.767665667112311,1123.799138066308,1073.706275921067,7.027744529162136,12.783761469919428,True,126.86582719814528,0.2258382201095858,True,0.0010329516521352389,113.55875045919144,-0.0010434985173518874,126.86582719814528,1.0
0.9587690610111277,3.9998,899.9975288398247,15.048756629091844,0.8500007340424486,30.06,0.2,14.681976913024393,178472528.72089022,246.83436579483114,1109.5866808966978,12.767773007615252,8.950257647810208,0.08902777624450602,7.7935170222198105,1064.588049374988,1711.8107950740473,130.24170220362913,14.681707182992655,1109.6669592167668,1064.620224242006,7.7928538707816255,12.762903017943405,True,130.24409498384406,0.08929825249164355,True,0.0002697300317375806,116.59027081098708,-0.00027047624713753826,130.24409498384406,1.0
0.9426745340963488,4.0,899.998349676511,9.985106882053337,0.850001863076842,30.06,0.2,14.679469760708137,175476804.7630325,242.7377564139901,1118.180205530902,12.779032865653795,8.702727221035044,0.15744545218733794,7.305744971920787,1070.3323762617315,1683.1529326002428,128.07742058187026,14.678761015103499,1118.266300776262,1070.3633760551563,7.305490748408829,12.777656443243524,True,128.08360463982976,0.15823728345249136,True,0.0007087456046388496,114.65415177416034,-0.0007918312651534198,128.08360463982976,1.0
0.9563948539392116,4.0,899.9720759280511,14.426109000805276,0.8500020185084753,30.06,0.2,14.676968031718113,178030844.87743774,246.3102307520046,1110.6356845728892,12.76847304781117,8.919974708130557,0.09548972746297067,7.731299928558395,1065.304292415314,1707.614044659736,129.96371824550843,14.676640750581644,1110.7133154917362,1065.3361283405025,7.730726571808259,12.769652338281876,True,129.96661636600686,0.09603646581095948,True,0.0003272811364691819,116.34361438599774,-0.0005467383479888094,129.96661636600686,1.0
0.9610014828765246,4.0,875.3752705307078,24.406322081773506,0.945215453436535,30.06,0.2,14.705215751105463,198926635.0352501,259.41640966971215,1103.4617196759043,12.758356887590098,9.129324069960653,0.05885349244129905,7.8079102529389734,1065.8221710177254,1683.41746962117,144.93883258998656,14.705276117330243,1103.4732074475114,1065.8231211446118,7.807614024299758,12.759777876736562,True,144.9382376055689,0.05893832465775168,True,-6.036622477978426e-05,114.47817206414325,-8.483221645262662e-05,144.9382376055689,1.0
0.9610537836417539,4.0,899.1171571768525,21.083818608189556,0.8863198428503577,30.06,0.2,14.70742062768132,186541828.91040424,252.48905862184395,1105.5803782192665,12.759400218908278,9.06761537263926,0.0678290640325408,7.808263069241974,1065.0110946890431,1714.8003364272715,135.89483181365776,14.708011153072759,1105.6228618314938,1065.0270306632542,7.807507019017434,12.758168429171894,True,135.88937564776856,0.06797908649734852,True,-0.0005905253914395558,116.59968297407539,-0.00015002246480771975,135.88937564776856,1.0
0.9415068527207217,4.0,899.9702740014937,9.047166485014856,0.8500008910609038,30.06,0.2,14.702123504512034,175259243.00918683,242.06092215086213,1119.759490941128,12.78154683931439,8.657560138494738,0.174432540090946,7.22499121871807,1071.2969835685963,1681.0319694081886,127.7215228870561,14.701380463296305,1119.8495883163225,1071.329439513372,7.224653740919458,12.78326155529021,True,127.72797822340208,0.17560685267410392,True,0.0007430412157294342,114.33294392746005,-0.0011743125831579215,127.72797822340208,1.0
0.9425436402118013,4.0,899.9537070089127,10.091834293484284,0.850000588328247,30.06,0.2,14.672776408686302,175452176.0262409,242.81053435768987,1117.990732402323,12.778957509067984,8.708108640117839,0.15557749357747722,7.314951508343262,1070.2242761615041,1682.8599371657317,128.1178620036372,14.672164929258466,1118.077910984668,1070.257432033222,7.3145177565322,12.77780869111277,True,128.12320146358272,0.15638689863953448,True,0.0006114794278353486,114.68733289410716,-0.0008094050620572613,128.12320146358272,1.0
0.9399708886348784,4.0,899.9997188048816,9.004768602953197,0.8500000185707802,30.06,0.2,14.683136498471583,174973147.37491924,241.98084963943828,1119.8464549898426,12.78272965856574,8.65486460345155,0.17574552307540572,7.215044785390295,1071.4258577431149,1678.3255519692943,127.67791769134962,14.682338429433871,1119.9372182742193,1071.4567602776985,7.214811569208676,12.78432632479216,True,127.68485771615553,0.17692705264338993,True,0.000798069037712068,114.29599192328274,-0.001181529567984202,127.68485771615553,1.0
0.9516933594163703,4.0,899.9968792067926,12.324260074457179,0.8500013648814992,30.06,0.2,14.70354261461332,177155535.557228,244.65880336301282,1114.1894804750461,12.76992468979389,8.81799446892655,0.12054557051699154,7.535114122256875,1067.5897260019426,1699.2561174609173,129.09100028322388,14.703076775516472,1114.286606828032,1067.6222919454635,7.534665453464876,12.772155914084822,True,129.0950902866906,0.12144806883948213,True,0.0004658390968490522,115.56371307632222,-0.0009024983224905914,129.0950902866906,1.0
0.9370916053035262,4.0,899.9835380717799,8.291531469323207,0.8500068520321216,30.06,0.2,14.672874628534892,174438578.60145217,241.4077731448015,1121.0615133788463,12.786149939951116,8.619905208412778,0.19061070825496176,7.1462268979640875,1072.2669345701772,1673.16121897762,127.37686500061547,14.672009155193923,1121.1581058805968,1072.2975411847067,7.146001272444236,12.786061769164462,True,127.38437871463705,0.19181200018740943,True,0.0008654733409692028,114.02339443016444,-0.0012012919324476679,127.38437871463705,1.0
0.9563948539392116,4.0,899.9720759280511,13.712997972114533,0.8500001609448684,30.06,0.2,14.707312947515037,178030455.81528124,245.8017468595435,1111.8219432612223,12.767394730421607,8.886181114615521,0.10300380358265869,7.671183540878095,1065.9911971810304,1707.614044659736,129.6952867091694,14.706925814886278,1111.908766305996,1066.0230905038284,7.670687462999607,12.769345658980376,True,129.69870069778358,0.10369331177764969,True,0.00038713262875944565,116.10304616175992,-0.0006895081949910009,129.69870069778358,1.0
0.9586943854139957,4.0,899.9933825622235,14.524494246725924,0.8500215170394416,30.06,0.2,14.703665817789972,178462991.45414716,246.45922899355506,1110.4570026312254,12.766930101830138,8.925420730776299,0.09412854722752094,7.7483927756486475,1065.094932449232,1711.750660965544,130.0426372280855,14.70335000595715,1110.532689890372,1065.127076519833,7.747800037105243,12.762700166201821,True,130.04543040131415,0.09441406203620838,True,0.0003158118328219217,116.41379859224091,-0.00028551480868743706,130.04543040131415,1.0
0.9375824795722384,4.0,899.9933237185126,7.7571945048545405,0.8500057884646203,30.06,0.2,14.701696255928569,174529735.9304455,241.06175963377476,1121.9636729800543,12.786866625661819,8.59436689571772,0.20175921000909985,7.104544661290673,1072.7636985344227,1674.0553126577886,127.1935852737778,14.700779316208225,1122.0627077921163,1072.7945967151259,7.104320464793254,12.78547993870851,True,127.2015187885937,0.20293852762530545,True,0.0009169397203443452,113.86024084518105,-0.0011793176162055996,127.2015187885937,1.0
0.9594642243090059,4.0,899.9836871333217,19.617242991235607,0.8787139296105023,30.06,0.2,14.70648036462114,184635140.81263515,251.00096773860002,1107.0138977422448,12.762461998038617,9.025511652093172,0.07473900481472891,7.762509144001738,1065.4217073281827,1713.107151984677,134.51441830520614,14.706971222100362,1107.0559565976387,1065.4404509523276,7.7618198622606975,12.758604751635042,True,134.50992877386136,0.07480912738884293,True,-0.0004908574792228393,116.49103896473866,-7.0122574114026e-05,134.50992877386136,1.0
0.9610014828765246,4.0,877.1714729376342,24.061694368646098,0.942412011879452,30.06,0.2,14.721985334384545,198336632.836872,258.85156594523096,1104.072361362046,12.759494868249332,9.111341337732647,0.061271708694147074,7.774799654936113,1066.1677205717515,1685.7736058045352,144.34434646938644,14.7220658542622,1104.0881949773272,1066.1684692409162,7.774513924166319,12.759190737501251,True,144.34355700211788,0.061327437431681814,True,-8.051987765433921e-05,114.50800894311308,-5.572873753473956e-05,144.34355700211788,1.0
0.935808954544507,4.0,899.9968594169557,7.478579620073594,0.8500005529657908,30.06,0.2,14.68863851288824,174198523.63760883,240.81926554766343,1122.4420959659215,12.788700653407105,8.580545885319925,0.20846842339834815,7.0753446873265124,1073.1271040283552,1670.8943853087746,127.06506131405231,14.687691959989822,1122.5417539159082,1073.157693119746,7.0751242280655156,12.78661323182786,True,127.07325006163785,0.20962624139599692,True,0.0009465528984176075,113.74601548602558,-0.0011578179976487746,127.07325006163785,1.0
0.9563948539392116,4.0,899.9969452930166,14.227431533277056,0.850007470175214,30.06,0.2,14.685736655788816,178031986.71570915,246.16648999525415,1110.972953779186,12.768147623401633,8.910363254630742,0.09756829581688045,7.7139093664051135,1065.5029243419965,1707.650673596148,129.88695199039506,14.68539285039775,1111.053402372688,1065.534772621801,7.713360500146776,12.769560806965675,True,129.8899928238803,0.09815581443912844,True,0.000343805391064933,116.27649717137385,-0.0005875186222479845,129.8899928238803,1.0
0.9443031601180347,4.0,899.99717909015,9.815912560846456,0.8500007629038329,30.06,0.2,14.70868379241472,175779742.4231546,242.67400747001028,1118.453907207754,12.778133457717995,8.695161816427607,0.15989396870723532,7.298213109082125,1070.4103574863195,1686.0608574092412,128.043705996078,14.70795464426739,1118.538642705391,1070.4415484545807,7.297973104486576,12.776406826252257,True,128.05005377408398,0.16065731683503223,True,0.0007291481473288286,114.6239536959263,-0.000763348127796909,128.05005377408398,1.0
0.9512950144907591,4.0,899.9969702389404,11.255622749132762,0.8500070244345682,30.06,0.2,14.743299051135896,177082563.62186354,243.89778967352572,1115.984909485645,12.770865380068374,8.766677274977901,0.13529936566463688,7.444459541927043,1068.6462906157592,1698.5448694050103,128.6898661610371,14.742695010714733,1116.082204624114,1068.677965588098,7.4441670760335255,12.771977176155671,True,128.69513886598682,0.13624043977338496,True,0.0006040404211624661,115.2026508075389,-0.0009410741087480801,128.69513886598682,1.0
0.9339820409090503,4.0,899.9998247096651,6.978205412023696,0.8500026015835452,30.06,0.2,14.683868947260466,173858867.20303753,240.42750628136903,1123.2966504097944,12.79104568960634,8.556076686262013,0.22062286711430243,7.028052080274474,1073.7107408479026,1667.6324163768634,126.85849920520675,14.682876740293915,1123.396221958865,1073.7412372740266,7.02782075404276,12.787685580382723,True,126.86707176826124,0.2217141245650173,True,0.0009922069665506683,113.5604345131078,-0.0010912574507148665,126.86707176826124,1.0
0.9390713247423341,4.0,899.9882179815138,8.364135020297452,0.8500006235711262,30.06,0.2,14.697117956461796,174805820.30584773,241.51899456425642,1120.9290687202642,12.784592632561287,8.623952458839543,0.18853113046474573,7.1596387512821815,1072.0929327477857,1676.7136485599917,127.43447448848191,14.696260654943226,1121.025121548531,1072.123923986981,7.159410113744827,12.7846898871465,True,127.4419083365241,0.1897292721857094,True,0.0008573015185699973,114.07708622773232,-0.0011981417209636636,127.4419083365241,1.0
0.9443017724340738,4.0,899.9975940915223,10.701863301088714,0.8500096161112182,30.06,0.2,14.671834514304967,175781314.9454225,243.28447869053684,1116.9667893730837,12.776721030789071,8.737594821865258,0.14537457848219287,7.370986580364733,1069.5532905680236,1686.0583796884118,128.36644454528303,14.671189499229616,1117.0598030999122,1069.5842834554453,7.370708387881655,12.776797289406638,True,128.37208814302303,0.14627241830984744,True,0.0006450150753511963,114.91239054751381,-0.0008978398276545674,128.37208814302303,1.0
0.9495018224037818,4.0,899.99981266266,11.499330186506276,0.8500001776380457,30.06,0.2,14.708799536476253,176747339.0969498,244.00798936663895,1115.5891797196955,12.771949363057985,8.777710471243296,0.13221478097995085,7.457631618679378,1068.5046166700788,1695.3431105680595,128.7475218917924,14.708218081456469,1115.6867287184175,1068.5359948755136,7.457324719707303,12.773384899913419,True,128.752611624109,0.13315728034590155,True,0.0005814550197840163,115.25537774252996,-0.0009424993659506997,128.752611624109,1.0
0.9399708886348784,4.0,899.9994003077654,9.331428029346505,0.8500001303052942,30.06,0.2,14.66963444618753,174973170.37555355,242.20358760410434,1119.2963290729276,12.782134911167699,8.670523915257174,0.16967759630286597,7.24173192552511,1071.1085750294692,1678.3255519692943,127.79545029666981,14.668866146865364,1119.3835998766108,1071.1393513061207,7.241494305008962,12.784466989400656,True,127.80214373547113,0.17083900310874148,True,0.0007682993221660439,114.40144386863321,-0.001161406805875509,127.80214373547113,1.0
0.9365415967203491,4.0,899.9793941192532,7.921908096871055,0.8500015103540803,30.06,0.2,14.680396041770395,174335099.5277057,241.141672489379,1121.6858766386372,12.787274831182906,8.602098901702995,0.19848652873965061,7.114328280392053,1072.6530700933565,1672.1791879506973,127.23608144177948,14.679508688810674,1121.7843102237287,1072.6840679714753,7.114076411962447,12.786291871706421,True,127.2437726605964,0.19967677775725787,True,0.0008873529597206442,113.8978998287826,-0.0011902490176072533,127.2437726605964,1.0
0.9423589318652715,4.0,899.9969324832894,9.78126352046455,0.8500018492990097,30.06,0.2,14.68361554006071,175418053.25393075,242.58797532368308,1118.524657918743,12.779609948731009,8.692859255072364,0.16101837902718572,7.28781816851272,1070.5463523951892,1682.5894222882962,127.99838955730584,14.682881404819797,1118.6082601046294,1070.577194214076,7.287583230010072,12.77779455090818,True,128.00478939981383,0.1617683928933727,True,0.0007341352409131474,114.58318592386925,-0.0007500138661869771,128.00478939981383,1.0
0.9394513012425322,4.0,899.9905160427242,8.5981274263676,0.850000945310954,30.06,0.2,14.692712680796689,174876618.191738,241.68921196044917,1120.532850383167,12.783868496864722,8.635267434457244,0.18373770600040473,7.180078325869592,1071.8461438068666,1677.3920973287143,127.52431036803877,14.691892469423115,1120.6272271575592,1071.8775110077127,7.179818292049552,12.784521306285296,True,127.53142972927755,0.18493362497845592,True,0.0008202113735737981,114.15778223117162,-0.0011959189780511859,127.53142972927755,1.0
0.935808954544507,4.0,899.3645684288131,7.478579620073594,0.8500005529657908,30.06,0.2,14.68211545042778,174198523.63760883,240.87047291585773,1122.2909767077915,12.788805490212166,8.58477166249427,0.2065415410176514,7.088299171616388,1072.9671245089887,1670.0753386896665,127.1215145775001,14.681164976990459,1122.3899222342948,1072.9971964947292,7.0880564328063915,12.78676386139821,True,127.12974455264902,0.20768391391185026,True,0.0009504734373209089,113.74072836320872,-0.0011423728941988565,127.12974455264902,1.0
0.9309562147083704,4.0,899.7916102923774,5.914942882083329,0.8500003464693591,30.06,0.2,14.682948713038826,173295156.01294324,239.64511068203214,1125.0573766899015,12.795420259185523,8.505870022263402,0.24767627431722755,6.93578312905161,1074.8515198104028,1661.9630550503987,126.45510453738532,14.681830858972093,1125.1512759144694,1074.8810599501805,6.935557307723586,12.78940400029408,True,126.46473265217728,0.24850102180452005,True,0.0011178540667327042,113.18037802985486,-0.0008247474872924987,126.46473265217728,1.0
0.9289319753735052,4.0,899.9997474776035,5.370190461601469,0.8500020632811779,30.06,0.2,14.678885573841347,172918698.21270925,239.20861050628122,1126.0366986905547,12.797781687365628,8.478027427112654,0.2641479217310486,6.880662454825784,1075.5413248443206,1658.6154839059716,126.21532667949508,14.677713123153827,1126.1249260814277,1075.5706791246555,6.880428235666456,12.790541070088288,True,126.22540871647858,0.2647791376450192,True,0.0011724506875196994,112.98320178980264,-0.0006312159139705842,126.22540871647858,1.0
0.9324708270313496,4.0,899.7892417638658,5.8429658875278205,0.8500000167819913,30.06,0.2,14.706962300892629,173577029.95947587,239.64302035034896,1125.1749303280446,12.794512825291662,8.502765865294048,0.24904559570548568,6.935607943137884,1074.8432399510984,1664.6669735416717,126.45397835214955,14.705832837955064,1125.2685993700331,1074.8730000710575,6.935389713679588,12.788304326096862,True,126.46369049041672,0.24984875040256985,True,0.0011294629375644405,113.17932985993224,-0.0008031546970841685,126.46369049041672,1.0
0.9588438499747657,4.0,899.9998817557868,20.070033707007138,0.8785302761225552,30.06,0.2,14.67726806799466,184477194.39037442,251.3113971222393,1106.2353299604176,12.762191451054097,9.048078721454388,0.07109577004379224,7.801615710393846,1064.9765054473278,1712.0233756370708,134.66684394613978,14.677775884366783,1106.2809779158556,1064.995280984876,7.8008723163128195,12.759263262180413,True,134.66218479146426,0.07121094490533672,True,-0.0005078163721226048,116.64921233077504,-0.0001151748615444842,134.66218479146426,1.0
0.9440681542963483,4.0,899.9975940915223,10.701863301088714,0.8500096161112182,30.06,0.2,14.668663344624498,175737827.04288617,243.27687250964703,1116.9684582890493,12.776892353177717,8.737512568075058,0.14543354850535192,7.370068702305174,1069.5656302260581,1685.6412526319373,128.36243122555686,14.668077772284136,1117.0614090914335,1069.5981085786823,7.369672512184397,12.776965857043534,True,128.3675556522496,0.1463303666257439,True,0.0005855723403627167,114.90931685739744,-0.0008968181203919678,128.3675556522496,1.0
0.9305459735055794,3.9999,899.9936240365241,5.782162430921371,0.8500002535314991,30.06,0.2,14.684600955554206,173218771.7061792,239.52766164720023,1125.3340022541322,12.795940068021682,8.498030232623783,0.2521594962869547,6.9196467599254845,1075.056116638799,1661.452717968507,126.38514432601352,14.683470446726146,1125.4269083854524,1075.0857301510798,6.919427317464456,12.789600180913439,True,126.39487496305294,0.2529445837043386,True,0.001130508828060428,113.13278668414729,-0.0007850874173838673,126.39487496305294,1.0
0.9464887541883134,4.0,899.9519960628618,11.075642714620827,0.85000022447222,30.06,0.2,14.68532513821397,176186473.85208523,243.6184359427961,1116.3111370755726,12.774626876183454,8.756638826267533,0.13900976769638546,7.411577020695753,1069.062374834034,1689.9037216393428,128.54412156878905,14.68471107488441,1116.4067700349856,1069.0935189419176,7.411282506928968,12.775392593734756,True,128.5494968350019,0.1399382430193453,True,0.0006140633295608211,115.06893910779422,-0.0009284753229598375,128.5494968350019,1.0
0.9399708886348784,4.0,899.9905142377107,8.841053694771606,0.8500001303052942,30.06,0.2,14.689805827896311,174973170.37555355,241.87061442319987,1120.1202141328904,12.783035549996084,8.647075778447334,0.1788446184722361,7.201874763332953,1071.5826456123616,1678.3198216127091,127.6199673230498,14.68898724966628,1120.2125111744685,1071.6134637554624,7.20165373512294,12.784257870282042,True,127.62707924473592,0.18003311119976928,True,0.0008185782300316191,114.24353517846394,-0.0011884927275331858,127.62707924473592,1.0
0.9519951912535316,4.0,899.9918930907452,12.692551931355803,0.8500020995284312,30.06,0.2,14.69199479764978,177211874.02343965,244.92847545729384,1113.5703350418928,12.769757447753712,8.835697223291763,0.1158216429157932,7.567189742217559,1067.2166895196847,1699.7892369637138,129.23355040629787,14.6915177798595,1113.665879127211,1067.2481525568114,7.566797360105723,12.772098054971822,True,129.23774648076537,0.11668363260416302,True,0.0004770177902795325,115.69072897652848,-0.0008619896883698269,129.23774648076537,1.0
0.9405329069355105,4.0,899.9824287831564,9.424957796602921,0.850000543066868,30.06,0.2,14.673280027694663,175077873.65901244,242.28665702458952,1119.131609206077,12.78156339389881,8.675295607150158,0.1677818185505926,7.251891077370236,1070.984109326077,1679.3056048635394,127.84015278736494,14.672521369078096,1119.2176499377924,1071.0149593361825,7.2516487014298985,12.78411269243252,True,127.8467629009927,0.1689340990651794,True,0.0007586586165668763,114.43989412359682,-0.0011522805145867954,127.8467629009927,1.0
0.9273580721815696,4.0,899.9998085701026,5.00868132606851,0.8500000334950459,30.06,0.2,14.671424794738101,172625307.27712667,238.92445211514735,1126.6535099983953,12.799412837001315,8.460487059046692,0.2751746098568315,6.846229636772336,1075.9752899930909,1655.805267147889,126.06525198199174,14.670211777310948,1126.7364198428745,1076.0042569783884,6.845988277774468,12.791488847223887,True,126.07567578158876,0.27565014943836486,True,0.0012130174271529626,112.84877633355859,-0.0004755395815333463,126.07567578158876,1.0
0.9587460350343794,4.0,899.983658885813,21.4659868343703,0.8871428175001492,30.06,0.2,14.6755986788336,186266685.5887047,252.63291854485905,1105.3222241374906,12.761006590998118,9.074764654111192,0.06686629025118314,7.80110128334474,1065.1234545335883,1711.8248371764023,135.9886252087826,14.676241718088404,1105.3650387526548,1065.1399680471736,7.800304286912141,12.759819028805573,True,135.98266686972715,0.06701690526771689,True,-0.0006430392548040231,116.6502516751319,-0.0001506150165337533,135.98266686972715,1.0
0.9501754997401375,4.0,899.9931412178678,11.629541664329452,0.8500000260621342,30.06,0.2,14.712341223577425,176872710.87170354,244.12191635862325,1115.363955726554,12.771343953194139,8.784242744179874,0.1302096516732469,7.471273342359834,1068.341145440558,1696.540174282012,128.80783082319513,14.71176924227351,1115.4617697942638,1068.3725296471825,7.470961907343058,12.772955054857777,True,128.8128387641039,0.1311512268505745,True,0.0005719813039153365,115.30907759451935,-0.0009415751773275971,128.8128387641039,1.0
0.9321719601981289,4.0,899.9996361732636,6.4223221252902984,0.8500001029901089,30.06,0.2,14.681378862809954,173521414.27111018,240.00187896110032,1124.2433509555794,12.793497314849258,8.529042066519779,0.23483282230870098,6.976694201966653,1074.346088504489,1664.4005027665619,126.63374655885517,14.680402769295343,1124.3409955085358,1074.3782709255647,6.976310855420305,12.788720297530901,True,126.64216638089204,0.235806979133808,True,0.0009760935146108096,113.35971258020828,-0.0009741568251070143,126.64216638089204,1.0
0.9399708886348784,4.0,899.9905142377107,8.864915759570946,0.8500001303052942,30.06,0.2,14.6888199743095,174973170.37555355,241.88684779069914,1120.0799837678,12.782990905509221,8.648220086568585,0.1783859787269434,7.2038212516434115,1071.5594537254178,1678.3198216127091,127.62853265387655,14.688008432481938,1120.1720647066898,1071.590393560945,7.203590555048117,12.784268175242904,True,127.63558438543804,0.1795735109221325,True,0.0008115418275611574,114.2512634052611,-0.001187532195189106,127.63558438543804,1.0
0.9574696720657733,3.9999,899.9933825622235,14.726838036094271,0.8500003772577482,30.06,0.2,14.678549329536652,178230575.8175148,246.55959787934174,1110.131849449449,12.768188100714765,8.934501907654077,0.09233846822505525,7.760838261305805,1064.9643534304453,1709.5239078121224,130.0955066784379,14.678245742518364,1110.2090430949322,1064.996254025018,7.760231718535292,12.763709443164599,True,130.0981974159864,0.09261705851365137,True,0.00030358701828880896,116.46140046335535,-0.00027859028859612833,130.0981974159864,1.0
0.9537881295777074,4.0,899.9931663794727,12.986261930578529,0.8500025235774241,30.06,0.2,14.7036069523634,177545714.24167854,245.19602932718564,1113.0641851689609,12.768581404106826,8.850396330759615,0.1118787214397599,7.5990057484458085,1066.837762180025,1702.9905317748367,129.37475246007617,14.703156600929775,1113.157886735945,1066.86943409502,7.598584600674559,12.770922664999242,True,129.37871515372262,0.1126982455109128,True,0.0004503514336242631,115.81731417346302,-0.000819524071152905,129.37871515372262,1.0
0.9393371395450887,4.0,899.9998247096651,7.300430486339707,0.8500026015835452,30.06,0.2,14.744767627832845,174855707.97924343,240.80732172769834,1122.730441181577,12.786577319460717,8.572875441530716,0.21137534823247023,7.074030773840934,1073.11885696398,1677.1939878923727,127.05890396854487,14.743799749902747,1122.8305187966619,1073.150090372152,7.07381754758903,12.784034026153243,True,127.0672449329543,0.21250949651968667,True,0.0009678779300976714,113.74007679474404,-0.0011341482872164466,127.0672449329543,1.0
0.9309562147083704,4.0,899.7916102923774,5.782162430921371,0.850000945310954,30.06,0.2,14.688343399397095,173295278.1027142,239.55718367286468,1125.2827919187873,12.795679152393886,8.499514539067427,0.25123512274454396,6.92514864338382,1074.9814011235537,1661.9630550503987,126.4087495806568,14.68720757955399,1125.3755600730774,1075.0108508265214,6.924927977205603,12.789345538851732,True,126.41852526914886,0.25201600980875627,True,0.0011358198431050681,113.13865840371582,-0.00078088706421231,126.41852526914886,1.0
0.951894392930289,4.0,899.9959949592828,11.650571136612555,0.8500086563635695,30.06,0.2,14.734731299094623,177194477.48135245,244.1936164360463,1115.3173377320245,12.770055053151282,8.785832581829702,0.12953672352324358,7.4796747418408165,1068.2320199866006,1699.6150644105423,128.84607260163818,14.73416849832613,1115.4153999711816,1068.263813802567,7.4793468416272075,12.771715564497951,True,128.85099413275043,0.13047858246525823,True,0.0005628007684936875,115.34262230329588,-0.0009418589420146506,128.85099413275043,1.0
0.9282945908364495,4.0,899.921660266914,5.148339854950552,0.8500012692646335,30.06,0.2,14.678128649470713,172799889.02733812,239.04990783308858,1126.3961111053807,12.798585186845449,8.467834057699662,0.2704350404203082,6.862273129333,1075.771028017713,1657.3779183824254,126.13511072493068,14.67692829690497,1126.4812033779779,1075.8000885241565,6.862036645972568,12.79091008936101,True,126.14542668483224,0.2709718500728307,True,0.0012003525657426906,112.90448114825634,-0.0005368096525225075,126.14542668483224,1.0
0.9444074054684516,3.9998,899.9964175398985,10.216438407623928,0.8500007340727327,30.06,0.2,14.693261837011114,175799141.47932503,242.95023105196722,1117.7835182626263,12.777412272619472,8.71429371776511,0.1531636737137909,7.33172935984912,1070.020954354155,1686.1691280732775,128.19224560410998,14.692564856481797,1117.8725178408663,1070.0518951275042,7.331486286735394,12.776535519941739,True,128.19832674107064,0.15399964122456097,True,0.00069698052931777,114.75190431089658,-0.0008359675107700859,128.19832674107064,1.0
0.9443017724340738,4.0,899.9971818705174,10.36312413623795,0.850014777912413,30.06,0.2,14.685983444513036,175782382.40181863,243.05086967893436,1117.536340798663,12.77722849248889,8.721336870014447,0.1507744684068996,7.342999757298513,1069.8824441365318,1686.0583796884118,128.2435511184361,14.68530735413887,1117.626697640373,1069.9135214830915,7.34273673324026,12.776648779666427,True,128.24945526660062,0.15163209816884388,True,0.0006760903741671598,114.80141441233374,-0.0008576297619442841,128.24945526660062,1.0
0.9501754997401375,4.0,899.9992859221595,12.309353754371273,0.8500000988131015,30.06,0.2,14.683786455538304,176872726.01012754,244.59705262408843,1114.227735985512,12.771048353359607,8.816673909755878,0.12107535204431448,7.527735723413089,1067.6852935036663,1696.5459668490987,129.0583275148568,14.683330401118619,1114.3248161770694,1067.7179447680498,7.527267717187208,12.773249828174999,True,129.06233598017442,0.1219795926686027,True,0.0004560544196845484,115.53471664391401,-0.0009042406242882189,129.06233598017442,1.0
0.9339820409090503,4.0,899.9998574713384,6.689402394890976,0.8500001062700359,30.06,0.2,14.695642497568667,173858356.8135643,240.23451344013804,1123.7850809489944,12.791664008079694,8.54225380008916,0.22757540896328135,7.0048366150011905,1073.9919559535238,1667.6324163768634,126.75649322749568,14.694608616268447,1123.884033388633,1074.022219678007,7.004626069539853,12.787559267874334,True,126.76541154382868,0.22861213688261034,True,0.0010338813002199743,113.46910189630937,-0.0010367279193289891,126.76541154382868,1.0
0.939538529545564,4.0,899.9942648329891,9.235320499434087,0.8500005896031191,30.06,0.2,14.667638205307934,174892782.34317347,242.12480791466302,1119.4594646937935,12.782621277152526,8.665815685899766,0.17155043961129976,7.23231447130392,1071.223342407125,1677.5478436308117,127.75412190853154,14.666858614452606,1119.5478806482483,1071.2540144821805,7.232083461969914,12.7847333876736,True,127.76091245228659,0.1727195744472728,True,0.0007795908553287489,114.36389546237643,-0.0011691348359730291,127.76091245228659,1.0
0.9587690610111277,3.9998,899.9975288398247,14.904593357369686,0.8500007340424486,30.06,0.2,14.688140093355795,178472528.72089022,246.73079347738917,1109.825991691651,12.767535676923858,8.943425541770342,0.09040144290757693,7.781292993067186,1064.726780100265,1711.8107950740473,130.18705245953302,14.687900508725784,1109.9051229810811,1064.7600238878765,7.780564359452569,12.762839721483415,True,130.18917603170573,0.09067631095728192,True,0.00023958463001072516,116.54161744568344,-0.0002748680497049877,130.18917603170573,1.0
0.9425436402118013,4.0,899.9563206564993,10.222507815821892,0.850000588328247,30.06,0.2,14.667376322539713,175452176.0262409,242.9006699721934,1117.771863657298,12.778744199546583,8.714352918951398,0.15341306844065697,7.3256360183499165,1070.098266269335,1682.8707923408874,128.16503114122,14.666683944356706,1117.8603681746456,1070.1290098637053,7.325382847184309,12.777865418536196,True,128.1710814980507,0.1542452487418458,True,0.0006923781830074915,114.7295884741427,-0.0008321803011888396,128.1710814980507,1.0
0.9368579737433516,4.0,899.9975045469471,7.897045162336577,0.8500005526858019,30.06,0.2,14.685959140902124,174393795.91093045,241.13320347037558,1121.7305623648142,12.78709711670067,8.600877599421015,0.19897008947076836,7.113148623611047,1072.6651856621506,1672.767417492233,127.23070643609068,14.685051316108664,1121.8291145214728,1072.6957857681632,7.11293306152722,12.786052880128077,True,127.23857179435916,0.20015922857443116,True,0.0009078247934599659,113.89463167601642,-0.0011891391036628063,127.23857179435916,1.0
0.9394937460004735,4.0,899.9942469561684,7.741684967220315,0.8500056513306488,30.06,0.2,14.728704881216174,174885487.4281275,241.1101988092211,1121.9816741054976,12.785538453060715,8.59412978173173,0.20149921947394406,7.110457122103464,1072.6796200862325,1677.4678825252963,127.21913397672476,14.727783988451261,1122.0807847099932,1072.7108224369636,7.110238611140245,12.784117579172088,True,127.22708868193565,0.20267477107587684,True,0.0009208927649133614,113.88311012728543,-0.0011755516019327783,127.22708868193565,1.0
0.9342695287754637,4.0,899.9872524498008,6.978205412023696,0.8500026015835452,30.06,0.2,14.68772454599497,173912382.48770037,240.4379913874735,1123.2925913392344,12.790845823890248,8.556231013817928,0.22048658819914901,7.0293770040290635,1073.6926672721731,1668.1400326661606,126.86423614428801,14.686728292886853,1123.3921697699886,1073.7231110040336,7.029153220527477,12.787485450481588,True,126.87284179743601,0.22157730662241773,True,0.0009962531081164627,113.56514959003748,-0.0010907184232687162,126.87284179743601,1.0
0.9489072067678603,4.0,899.9897339138797,10.871253136115378,0.8500002209557607,30.06,0.2,14.727039178860146,176636661.91680223,243.55277762106655,1116.6454577514146,12.773100963545517,8.747453873631528,0.1415788545790501,7.403411087310293,1069.141971246915,1694.2756347513503,128.50754590990294,14.72640457810343,1116.7406637065396,1069.1735069666588,7.403131217517971,12.77354266908317,True,128.51308364896516,0.14249849454411173,True,0.0006346007567152867,115.03969397210139,-0.0009196399650616416,128.51308364896516,1.0
0.9341898596192982,4.0,899.9989352969062,7.0906211318311065,0.8500021684908233,30.06,0.2,14.68214417916546,173897463.6313163,240.50918895724521,1123.105396429646,12.790660289032502,8.561521568178684,0.21789971264281907,7.037910073932477,1073.5900551231973,1668.003478348892,126.90156748218476,14.681161764531339,1123.205103237579,1073.620522307114,7.037682525246339,12.787588072229326,True,126.91005931402933,0.21900907075549447,True,0.000982414634121298,113.59912964321589,-0.0011093581126754015,126.91005931402933,1.0
0.9321719601981289,4.0,899.9996361732636,6.397829499440536,0.8500001048657707,30.06,0.2,14.682375580342377,173521414.65401307,239.9855866399609,1124.2848410306822,12.793548947158303,8.527869572892534,0.2354516878533136,6.974728265894925,1074.3699967177413,1664.4005027665619,126.62515026786873,14.681317320818518,1124.3823684005904,1074.4000929466813,6.97450276260399,12.788709565787268,True,126.63427766892566,0.23642099422985344,True,0.001058259523858851,113.35130897103524,-0.0009693063765398302,126.63427766892566,1.0
0.9379340379869823,4.0,899.9881450090484,7.365058923672331,0.8500005660207631,30.06,0.2,14.72257926498466,174594105.34892833,240.80930968740324,1122.6233792599485,12.787436406207483,8.575708676315461,0.21031736535401696,7.074291257920711,1073.125235430121,1674.6830208805147,127.06001408242152,14.72162065066562,1122.7232941822672,1073.1562563084124,7.0740716841764195,12.785060805380423,True,127.0682877332489,0.21146027812604357,True,0.0009586143190389862,113.74102195415435,-0.0011429127720266052,127.0682877332489,1.0
0.9461198828089193,4.0,899.9952219324108,11.041022498897584,0.8500000034638483,30.06,0.2,14.682231487512254,176117763.59081724,243.57882327647332,1116.3822884010558,12.774934327273133,8.754554744741103,0.13970787868397413,7.406354160465853,1069.1262322574228,1689.3046303279773,128.52106575747564,14.68161446576986,1116.4777163512936,1069.1573557348852,7.4060633321970935,12.7756334236675,True,128.52646709069504,0.1406346465757316,True,0.0006170217423946411,115.05235618577828,-0.0009267678917574684,128.52646709069504,1.0
0.9311269837358084,4.0,899.991704956541,6.224739706079038,0.85000451862743,30.06,0.2,14.674825341335367,173327794.99886104,239.84016493956074,1124.5802538982061,12.79463870025347,8.519377894851502,0.24022426561108506,6.957095290248531,1074.5918056622652,1662.5290124801802,126.54893497192045,14.673784052912692,1124.6766214654601,1074.622630972449,6.956798134341045,12.789372390855572,True,126.55791520090658,0.2411463742584384,True,0.0010412884226749242,113.28224973865416,-0.0009221086473533424,126.55791520090658,1.0
0.9315995364318849,4.0,899.9919059459389,6.025142939509461,0.8500000565709842,30.06,0.2,14.689483368639692,173414849.58811006,239.72177328772233,1124.9163882626779,12.794719166403766,8.509955340011885,0.245248211188583,6.942902529408494,1074.7615036221082,1663.3727562239185,126.48615332201118,14.688378603518846,1125.0115401083785,1074.79133304696,6.942687047509341,12.788951602758585,True,126.49566679482068,0.24611323946025562,True,0.0011047651208464515,113.22610649290165,-0.0008650282716726188,126.49566679482068,1.0
0.9516933594163703,4.0,899.2828031484732,12.68105932837824,0.8500006483430608,30.06,0.2,14.680869185432204,177155386.21776095,244.97250683096945,1113.4210742465627,12.770082232847912,8.839893241266587,0.11479492802580339,7.580056440348469,1067.0658924284453,1698.315903051135,129.29026202652898,14.680377500481587,1113.5160307580356,1067.0965821917564,7.579659319424752,12.772489184725838,True,129.29459230182997,0.11564874511187609,True,0.0004916849506173548,115.67791452913949,-0.0008538170860726974,129.29459230182997,1.0
0.9311387477093023,4.0,899.9991019968821,6.218290329062262,0.8500149180881648,30.06,0.2,14.675408322004447,173332105.4657689,239.8356023751635,1124.595012825854,12.79464160952116,8.51896417882147,0.240443664205924,6.956308192381127,1074.601554359844,1662.5556935904715,126.54705481920762,14.674334363007503,1124.6913412415984,1074.6315204351831,6.95607509783286,12.789359367824506,True,126.55631631923194,0.24136472155380126,True,0.0010739589969439578,113.27928605593155,-0.0009210573478772577,126.55631631923194,1.0
0.9613099349694776,4.0,899.9830827619742,19.399234265887053,0.8787139296105023,30.06,0.2,14.74022510598675,184990321.3801451,250.9080945655304,1107.3514223575103,12.761523945445838,9.015955237764931,0.07622691726006432,7.751783815830247,1065.533247418781,1716.4026371657171,134.46464646183765,14.740705451504745,1107.3918797188992,1065.5519769310715,7.751120977777792,12.757128071477554,True,134.4602647522601,0.07627082071777726,True,-0.00048034551799425174,116.44782981327032,-4.390345771293491e-05,134.4602647522601,1.0
0.9563948539392116,4.0,899.9970854451732,14.121684666975224,0.850007470175214,30.06,0.2,14.690240359781127,178031986.71570915,246.09102077374297,1111.1488731041957,12.76798160684286,8.90535148183152,0.09867049948897269,7.704983891024332,1065.6048498760285,1707.650673596148,129.84713151299636,14.689883973963335,1111.2307284609467,1065.6366230203143,7.704453587520021,12.769515327096085,True,129.8502816860157,0.09927942649566542,True,0.0003563858177919599,116.24073908772726,-0.0006089270066927249,129.8502816860157,1.0
0.9314756124014015,4.0,899.9905910817212,6.025142939509461,0.8500000565709842,30.06,0.2,14.687743132776347,173391781.44963834,239.71828379361486,1124.916417407727,12.794805382431374,8.509937108068481,0.24528756583522998,6.942475493110553,1074.7675536946122,1663.1514896301876,126.4843121347021,14.686645404168122,1125.0115312472099,1074.7975382737916,6.942245663219271,12.7890393031072,True,126.49376599186968,0.24615218714248224,True,0.0010977286082258786,113.22451780174518,-0.0008646213072522613,126.49376599186968,1.0
0.9321719601981289,4.0,899.9996361732636,6.11247030574903,0.8500001029901089,30.06,0.2,14.693986024474535,173521414.27111018,239.79596189524588,1124.7685266377316,12.794142680566955,8.51420884207489,0.24278354345738093,6.951839523761302,1074.64866341848,1664.4005027665619,126.52509720309833,14.69289615338286,1124.864414493633,1074.6787584827948,6.951614157710642,12.78858429142729,True,126.53448242193971,0.24367518615938788,True,0.001089871091675576,113.26147947330617,-0.0008916427020069506,126.53448242193971,1.0
0.9392990232494437,4.0,899.9998246612435,6.694837238527002,0.850000221561819,30.06,0.2,14.769169854414582,174848123.12884295,240.3993395531916,1123.757788013187,12.787916223866096,8.543777002774796,0.22564962820913542,7.024946117487426,1073.7117543147008,1677.1259309411405,126.84346962460255,14.768135245435726,1123.8574727200814,1073.7430464897495,7.024740294715882,12.783794037793811,True,126.85235587803955,0.2266863830009244,True,0.0010346089788555446,113.54698367515205,-0.0010367547917889686,126.85235587803955,1.0
0.9321719601981289,4.0,899.9996361732636,6.11247030574903,0.8500001029901089,30.06,0.2,14.693986024474535,173521414.27111018,239.79596189524588,1124.7685266377316,12.794142680566955,8.51420884207489,0.24278354345738093,6.951839523761302,1074.64866341848,1664.4005027665619,126.52509720309833,14.69289615338286,1124.864414493633,1074.6787584827948,6.951614157710642,12.78858429142729,True,126.53448242193971,0.24367518615938788,True,0.001089871091675576,113.26147947330617,-0.0008916427020069506,126.53448242193971,1.0
0.9588009512123193,4.0,875.3752705307078,23.99639732327424,0.9426878711484811,30.06,0.2,14.679889733676097,197940398.73420596,258.8815571717815,1103.8537911244748,12.761436596246881,9.117291112232358,0.06061132870059577,7.791426348492399,1065.9836572966467,1679.5627269261959,144.4690678822176,14.67993416274267,1103.8690113326043,1065.9840089937495,7.791180733043287,12.761262504518324,True,144.46863064416436,0.06066788608282365,True,-4.442906657331491e-05,114.41292652761712,-5.655738222788004e-05,144.46863064416436,1.0
