feed_per_tube_fraction,steam_to_carbon,inlet_T,excess_air,specific_firing_factor,inlet_P,catalyst_activity,H2_net_kmol_h,Q_comb_W,fuel_MJ_per_kmol_H2,T_wo_max_K,sigma_hot_MPa,log10_t_r_hot,life_rate_per_kmol_H2_rel_base,CH4_slip_dry_pct,T_out_K,process_heat_MJ_h,fuel_total_MJ_per_kmol_H2,H2_net_kmol_h_phys,T_wo_max_K_phys,T_out_K_phys,CH4_slip_dry_pct_phys,sigma_hot_MPa_phys,converged_phys,fuel_MJ_per_kmol_H2_phys,life_rate_per_kmol_H2_rel_base_phys,feasible_phys,disc_H2_net_kmol_h,disc_fuel_MJ_per_kmol_H2,disc_life_rate_per_kmol_H2_rel_base,fuel_total_MJ_per_kmol_H2_phys,alpha_credit
0.9629010788877496,3.9995,886.2678950233301,24.568463775240346,0.9299813643038297,30.06,0.2,14.73562512954749,196107401.16193107,258.0175244463216,1103.431214418675,12.756645188677222,8.097752665283192,0.0941644943351643,7.805491757633533,1065.6747973508996,1700.898790359875,258.0175244463216,14.735990269203063,1103.4567522492987,1065.6787934566757,7.804928496106601,12.755833869830308,True,142.58632696889043,0.0942641157345474,True,-0.00036513965557283257,115.43119747743117,-9.96213993831041e-05,258.0111310904435,0.0
0.9993808579353758,2.6395,899.9862256291829,5.001974573559945,0.8869328775496084,30.06,0.2,14.670685898964159,194115335.06410202,226.39080291477927,1171.8247698161797,12.91878846094592,6.511773311539528,3.6457314781848873,7.813098569383034,1120.4229733745935,1241.5011985759327,226.39080291477927,14.67075624884405,1171.8611922595646,1120.4283841467818,7.812050368011541,12.915380515109016,True,141.76550452639188,3.6473793001999386,True,-7.034987989129604e-05,84.62529838838739,-0.0016478220150513145,226.38971731526937,0.0
0.9629010788877496,3.9996,899.6453858046539,23.551445673883165,0.9050392833075437,30.06,0.2,14.756537375567934,190847804.71032515,255.03555825044833,1104.520826510611,12.759567240837617,8.070883148693422,0.10003242511692102,7.76515541070688,1065.8076011017076,1718.6438398109474,255.03555825044833,14.757316383872842,1104.558086078436,1065.8202980315193,7.764348523145107,12.752174924161691,True,138.56163643989038,0.09992434389923902,True,-0.0007790083049084018,116.47392181055795,0.00010808121768200729,255.02209544916684,0.0
0.9605339930124392,3.9987,899.4056349100885,20.083922006417286,0.8793563646775494,30.06,0.2,14.69725319279363,184976141.26503572,251.4513158158316,1106.207232526464,12.761146779827872,8.029936365889672,0.11036614333256704,7.812408141219869,1064.8977697365772,1713.7564263667216,251.4513158158316,14.697750478567949,1106.2517790690458,1064.9157253520218,7.81167801452248,12.758334436967344,True,134.84289522601628,0.11050506494682633,True,-0.0004972857743190673,116.60842058981532,-0.0001389216142592825,251.44280817634817,0.0
0.9593852397734552,3.9715,889.6615395472836,17.326172758497872,0.8788153406573593,30.06,0.2,14.675325546386288,184641248.07908767,249.86121230752053,1109.0352693234636,12.772119628212117,7.960040511671863,0.12983152332928147,7.802814195939092,1065.8661661296774,1688.4955454659505,249.86121230752053,14.67543736849676,1109.0568414602762,1065.8748002357233,7.802484288912508,12.76960877566499,True,134.8034158633253,0.1298488956508007,True,-0.00011182211047255919,115.05779644419522,-1.7372321519243394e-05,249.85930844548332,0.0
0.9625372746521386,4.0,899.6857251302278,15.486609008630655,0.8526630157455742,30.06,0.2,14.730101980971334,179735162.14460263,247.38020227557482,1109.2260657730242,12.76564462221469,7.956645718925074,0.13036377738870086,7.812356178857572,1064.3885104837636,1718.2017274717914,247.38020227557482,14.729939642980703,1109.3058600799181,1064.4194357383506,7.811652959328881,12.760313536049072,True,130.73603333048396,0.13064881859991945,True,0.00016233799063058996,116.64416894509085,-0.00028504121121858406,247.38292864146175,0.0
0.9878206123902507,2.9427,899.9952590658355,5.019606685802663,0.8639486677255249,30.06,0.2,14.667988547378629,186897756.66722885,228.33487037895048,1156.9351543171142,12.891032822006734,6.8397630638497375,1.7134632036874764,7.803996066103421,1105.7330515877795,1346.7372993938918,228.33487037895048,14.667701689868721,1156.9558858865453,1105.7311609545902,7.8033557187946245,12.886384932865107,True,136.52281772780313,1.712120184726553,True,0.00028685750990753434,91.81205265114735,0.00134301896092337,228.33933594374903,0.0
0.9944332767660685,2.7448,899.7304835286899,5.010501413204994,0.8799235899652716,30.06,0.2,14.66781240600502,191627871.08636424,227.03095324369673,1166.655700526971,12.909593845424729,6.624613167038184,2.812094393624494,7.790023807011892,1115.3948105841575,1276.8916708954239,227.03095324369673,14.667878249806025,1166.6876696735776,1115.3961455714557,7.789073921188377,12.905857656672366,True,139.9763296826362,2.8124052349533195,True,-6.584380100527198e-05,87.05462356106054,-0.0003108413288255285,227.02993410646008,0.0
0.9774318029429845,3.9964,899.7356553207557,24.520125544915906,0.9132390107568906,30.06,0.2,14.953269797381658,195482995.69512975,256.6604386541915,1103.9202212175958,12.74656738365344,8.087762888733007,0.09495314428197171,7.813321920018483,1065.4117397303403,1743.4521173483454,256.6604386541915,14.954200029442948,1103.9619587019454,1065.4254549138104,7.812282431358028,12.741850946627027,True,140.05835578221325,0.09497988121749959,True,-0.0009302320612896153,116.60208287197827,-2.6736935527876815e-05,256.64447298779476,0.0
0.9986089807333394,2.6704,899.7515356354825,5.008403817989648,0.8857096441425656,30.06,0.2,14.684238326695356,193697897.28470436,226.63414598473184,1170.407318034718,12.915713496134353,6.542711498486433,3.391919100477796,7.797745647167278,1119.0333159925153,1252.6151988421802,226.63414598473184,14.684348397381518,1170.4410410822238,1119.0371663626502,7.796714163841603,12.912331387082208,True,141.3297040905648,3.3930334906203004,True,-0.00011007068616208926,85.30444189416704,-0.0011143901425043623,226.63244718439825,0.0
0.994550260397799,2.8938,899.8599870315994,5.187576790344553,0.8692456129716903,30.06,0.2,14.738026527482656,189324713.42607585,228.30894304617965,1159.1607544762983,12.892878911639464,6.79059941372568,1.9097198440168652,7.813272925465588,1107.89746762657,1336.3441866538815,228.30894304617965,14.737891325117456,1159.1830170276446,1107.8966526471208,7.812508808676681,12.888967280350675,True,137.6369948504879,1.908909069614819,True,0.00013520236520037088,90.67194819569175,0.0008107744020462437,228.31103750517758,0.0
0.9961122428661304,2.6963,899.3283948817709,5.024725838639623,0.8852671875113265,30.06,0.2,14.673831628008633,193117090.81604162,226.82873773407,1169.3102875494897,12.913889948413768,6.566612245254589,3.2125702386221446,7.773256424434004,1118.0362310771393,1259.3350185887396,226.82873773407,14.673958581794265,1169.3411672482214,1118.0389792347503,7.772262719116473,12.9105617367151,True,141.00569221190554,3.2132433659934247,True,-0.00012695378563165605,85.82304552216445,-0.0006731273712801134,226.82677529382013,0.0
0.9946834937959176,2.7212,899.9666037673541,5.00021678220481,0.8828674433865623,30.06,0.2,14.670758937093748,192317355.44777486,226.88912901952602,1168.1395197603226,12.91186351302672,6.592182793351785,3.0295144906126015,7.764730482000043,1116.8878605164361,1268.0926232093257,226.88912901952602,14.670866427159222,1168.1716347921938,1116.8897336906039,7.763744237635151,12.908317057996337,True,140.45135672892178,3.030083283240415,True,-0.00010749006547428053,86.43777229060424,-0.000568792627813508,226.8874666550396,0.0
0.9850770402293342,3.1489,899.8625275282101,5.025596087188211,0.8500410020873442,30.06,0.2,14.72485400687613,183378382.04391065,230.1357366664727,1147.784697856955,12.868426320930217,7.046523037248701,1.0603137021249744,7.811968010696245,1096.3744136362466,1423.946745136801,230.1357366664727,14.72421427114113,1147.78617554331,1096.371801335433,7.811865688669551,12.863454465948436,True,133.43791002096233,1.0583219483895063,True,0.0006397357349996469,96.69782664551036,0.001991753735468116,230.14573557384628,0.0
0.9952874922469056,2.7601,899.9778460533036,5.007600423892575,0.8776189880753391,30.06,0.2,14.679457939874496,191290156.52950016,227.11129414454794,1165.7020101782462,12.907651392460547,6.6455837187776154,2.6774087034273646,7.809309127331009,1114.3900328467641,1284.3332986778546,227.11129414454794,14.679494607041615,1165.734507613161,1114.3910724570903,7.808366089928323,12.903763000888132,True,139.6190704279668,2.6776228850733155,True,-3.666716711947515e-05,87.49222371658115,-0.00021418164595088385,227.11072685473314,0.0
0.9754525964125504,3.2602,897.276184942719,5.031946918732552,0.8501343662088743,30.06,0.2,14.681042622828548,181606674.91310084,231.32832963963136,1144.1243696121287,12.860617479573126,7.129940845985608,0.8776283888027074,7.712333010183093,1092.9129176766207,1450.3552646667945,231.32832963963136,14.6805065724364,1144.1164676464352,1092.9104978470004,7.712270321098795,12.855451491179933,True,132.54214308201767,0.8754741708274834,True,0.0005360503921476578,98.78618655761369,0.002154217975224082,231.33677646271656,0.0
0.9857551787000188,2.9867,899.7908258436537,5.2259062023327525,0.8649175472153054,30.06,0.2,14.683402863530063,186716131.39169034,228.9347456258599,1155.3350535427603,12.8865437255345,6.875774768573102,1.5754583466332697,7.754974858446211,1104.3386249456194,1361.0111202875955,228.9347456258599,14.683137259384658,1155.350568952318,1104.3368206494724,7.754353534096403,12.882329609193196,True,136.24676687661233,1.5740771868076038,True,0.00026560414540455213,92.68797874924758,0.0013811598256658897,228.93888684012435,0.0
0.9946314367043128,2.7328,899.7362594227781,5.030467894244568,0.8818638887154128,30.06,0.2,14.671689947834484,192088694.92167503,227.00047204975854,1167.4258963789907,12.910643844643658,6.607791432877335,2.922380995939622,7.774422540936315,1116.1890817466851,1272.3873840510355,227.00047204975854,14.671784761914097,1167.4569732813916,1116.1906900958595,7.77345734995387,12.90709998395929,True,140.27558291460298,2.922787427191095,True,-9.481407961331456e-05,86.72488913515556,-0.000406431251473105,226.99900509524832,0.0
0.9918757845616605,2.8647,899.9870066635356,5.007646355265163,0.8697278020103185,30.06,0.2,14.685627938993836,188920334.5173662,227.80860091638002,1160.6137965747016,12.897785368042742,6.757964581259284,2.06609984971359,7.808237455519972,1109.3368328678664,1321.365913103192,227.80860091638002,14.685500003110375,1160.64045084297,1109.33604598045,7.807435440416749,12.893457688209859,True,137.83299450674357,2.0653351584661537,True,0.0001279358834604949,89.97560640963644,0.0007646912474363887,227.81058551987405,0.0
0.9629520846143409,3.9995,886.5665276435423,24.568463775240346,0.9299813643038297,30.06,0.2,14.739463498052721,196117789.14539635,257.9907409484508,1103.5015121246408,12.756579314971795,8.096063913435316,0.09450674798176142,7.7994271994962805,1065.7452617402998,1701.3830824874487,257.9907409484508,14.739864038273383,1103.5272340419106,1065.750027675273,7.798806378860279,12.755716807413052,True,142.55640493709453,0.09460542722474495,True,-0.00040054022066193795,115.4343360113563,-9.867924298352648e-05,257.98373032284127,0.0
0.9774318029429845,3.1951,899.9733967666258,5.0022091802314,0.8500744981574714,30.06,0.2,14.67146143269335,181962342.28554356,230.42348552497697,1146.5854582180007,12.866989382798224,7.0735985615126395,0.9998537290400429,7.731595180388391,1095.4025303730548,1431.0527565785073,230.42348552497697,14.670842908126877,1146.5825971165395,1095.3999118988866,7.731486054521314,12.861800352934178,True,132.889196394298,0.997661769393784,True,0.0006185245664731553,97.53428913067896,0.0021919596462588453,230.4332002078607,0.0
0.9843166413346058,3.1247,899.5905444283857,5.030974170704616,0.8528929699694757,30.06,0.2,14.711884876855228,183851605.80858245,229.9408652267359,1149.0187734848084,12.871741331179441,7.018399658302378,1.1322450544630862,7.791631432713031,1097.691121684631,1413.0249040368383,229.9408652267359,14.711348841918852,1149.022118500094,1097.6889165918994,7.791366412223111,12.8667808614868,True,133.89925389101512,1.130226239605476,True,0.0005360349363758843,96.04161133572077,0.0020188148576101295,229.9492435432578,0.0
0.9584803785396394,3.9965,899.8022228819814,24.520125544915906,0.9097079675792202,30.06,0.2,14.686728108515618,190951594.98424858,255.71961445711028,1103.8020092680083,12.761146914758319,8.087963905831884,0.09663166167476314,7.766608192987638,1065.9906998265576,1709.7745032862124,255.71961445711028,14.68755173905059,1103.843996715306,1066.0033875306565,7.7657368675534455,12.756278467790887,True,139.29550565055948,0.09665473342687121,True,-0.0008236305349722528,116.4241088065508,-2.3071752108069776e-05,255.70527452581337,0.0
0.9924053196314054,2.847,899.9660987179344,5.037442991649005,0.8712098899693012,30.06,0.2,14.683953182228942,189343301.5784385,227.71205769906092,1161.4339864436408,12.899439981510552,6.7397717661828835,2.1547339337650175,7.808571680528502,1110.1792051140224,1315.0349630844707,227.71205769906092,14.683859542106783,1161.4615321686854,1110.1786913185117,7.807744481563432,12.895245328185652,True,138.1570169191695,2.154140355118344,True,9.364012215939965e-05,89.55504077989141,0.0005935786466735316,227.71350983668447,0.0
0.9670689407235092,3.362,899.7888609428835,5.037380813054754,0.8507834253078657,30.06,0.2,14.692224172645119,180183293.5271685,232.13925963861237,1142.0554410613095,12.852612756498372,7.177958408701006,0.7851677510722261,7.525132622934857,1091.0493982429068,1480.1067540912711,232.13925963861237,14.6917188305243,1142.0443516470057,1091.0476327995025,7.525083125462744,12.847107679823885,True,131.40295632258548,0.7829971573791977,True,0.0005053421208192077,100.73630331602689,0.002170593693028411,232.14724439159767,0.0
0.9913178464854046,2.8387,899.9719193918664,5.006177214325651,0.8752718060378151,30.06,0.2,14.695247099618113,190017644.10890025,227.70752946120675,1162.6048103911257,12.900543844882321,6.714062687106189,2.28438252002349,7.743148824501721,1111.3999042278724,1310.3150821377878,227.70752946120675,14.695214085854815,1162.6307694167888,1111.399128859187,7.742303674585031,12.896619305053424,True,138.54193057982857,2.2838044116227096,True,3.301376329822858e-05,89.16559888137817,0.0005781084007803194,227.70804102112245,0.0
0.9960134148719401,2.6895,899.9866914456093,5.006715939627739,0.8851198995752401,30.06,0.2,14.670011463913859,193065803.93346187,226.70500203573366,1169.6913229584904,12.914671158859488,6.558280330401594,3.2756510051402405,7.770344047153648,1118.411961276503,1257.2027937894502,226.70500203573366,14.670132374413912,1169.7243413096737,1118.4148979620877,7.769328701980122,12.911258225859441,True,141.00501155730154,3.276574517716428,True,-0.00012091050005302861,85.69999047843211,-0.0009235125761875018,226.70313354440304,0.0
0.9991929288208014,2.6559,899.9420540044591,5.008268545808562,0.8860177082691085,30.06,0.2,14.679168007605378,193878575.0128368,226.5138315789711,1171.0241073534844,12.91707684814298,6.529235532204233,3.50002732688128,7.809069677895801,1119.6303187184785,1247.7641432280363,226.5138315789711,14.679256875891921,1171.0593772791735,1119.6347835674333,7.808031700579534,12.913666361823664,True,141.51059989812276,3.501407220216553,True,-8.886828654297574e-05,85.00323168084833,-0.001379893335272886,226.51246026322528,0.0
0.9835726457604027,3.0204,899.984486336216,5.004062175394154,0.8608323536191455,30.06,0.2,14.66772997336781,185422780.1473732,228.94619338509392,1153.9325903932383,12.88419273756244,6.907145673023848,1.4672355102280212,7.75509470077325,1102.793249637438,1371.4482985668642,228.94619338509392,14.667366744942694,1153.9454924235558,1102.790930680262,7.754548734321904,12.879369443553829,True,135.44848771993415,1.4654066608161587,True,0.0003632284251171569,93.49770566515977,0.0018288494118625653,228.9518630984587,0.0
0.9643592028240688,3.5206,899.8599280321538,7.6340791346252175,0.8500009016510675,30.06,0.2,14.679946400469884,179513155.42018163,235.7272001314484,1133.195715599893,12.830442046054703,7.38342501724286,0.48961974275943093,7.6030573987657055,1083.9202780254395,1537.1074264176964,235.7272001314484,14.679734942534429,1133.2044569768577,1083.9241594245298,7.603049699247616,12.829945276765867,True,131.02111476630924,0.489753587232671,True,0.00021145793545507274,104.70608536513916,-0.00013384447324005233,235.73059572321253,0.0
0.9645533787745688,3.999,876.9863199213554,8.870494685095853,0.8510273117345907,30.06,0.2,14.784367039125941,179766113.7697936,244.68048941247181,1114.6430551122917,12.768838905543191,7.827008350315946,0.17506419146332997,7.768004475095136,1064.7416840193823,1691.380658110592,244.68048941247181,14.783408602567846,1114.7083227239364,1064.7609696310399,7.767244593696729,12.772559049411516,True,130.28561656219165,0.1759721062890002,True,0.0009584365580952436,114.39487285028017,-0.0009079148256702363,244.69635251498156,0.0
0.9496610028997144,3.9989,882.4334837816157,7.854472709840203,0.8500161161468569,30.06,0.2,14.678210964898746,176780284.91700402,242.97057417357078,1117.5694174207172,12.78109238484865,7.755604795317517,0.20784064802944907,7.524098500609183,1067.6573485498266,1672.2988647286363,242.97057417357078,14.677185671517451,1117.6512781630863,1067.6780399695197,7.523449022621294,12.781367816175202,True,129.04888741233654,0.20880492457768363,True,0.0010252933812946452,113.92168676123424,-0.000964276548234555,242.98754719054588,0.0
0.9662517603294488,3.5342,889.8700568136528,5.634278003866462,0.8507247022492883,30.06,0.2,14.710667751309815,180018611.15141475,235.33585632791392,1134.2459330777654,12.83282627566016,7.358944654428395,0.5169295597500713,7.610937684153895,1083.2560081219438,1533.176758644765,235.33585632791392,14.710373790532008,1134.2440789258253,1083.2555168093136,7.610966971231116,12.828326801261055,True,131.1163714280712,0.5159426592771408,True,0.00029396077780674545,104.21948489984271,0.0009869004729304853,235.3405590983776,0.0
0.9627209176958863,3.9614,876.9863199213554,8.917461439464981,0.8510273117345907,30.06,0.2,14.730321561314607,179424593.62793514,244.14411654592564,1115.40802544232,12.775135893007178,7.807749091459925,0.18367374855913624,7.79265118305309,1065.7455460365811,1673.9149837252498,244.14411654592564,14.729587971212174,1115.464089419991,1065.7630594404468,7.791895479137846,12.779001450229371,True,130.5132474891014,0.18454089873120155,True,0.0007335901024330127,113.63086905682425,-0.0008671501720653174,244.15627586143503,0.0
0.9838137402547542,3.0373,899.9776388916262,5.1766549233290124,0.859421380279501,30.06,0.2,14.668736515334958,185164233.87804288,229.2165957722488,1152.802403246627,12.881986237514848,6.932535974541949,1.3838203925862147,7.777488827139111,1101.7598563276242,1378.415342488985,229.2165957722488,14.66835177185843,1152.8146436951224,1101.7577342293223,7.776988160297985,12.877347209521268,True,135.2505405305548,1.3821518647734958,True,0.00038474347652694973,93.96605524169402,0.0016685278127188674,229.22260800806825,0.0
0.9844776975116206,3.0965,899.6585935879876,5.030634387107663,0.8555187612325619,30.06,0.2,14.708330775669051,184447802.36293042,229.69826256009392,1150.4073225974835,12.874947621995709,6.9869194254890346,1.2176587526810192,7.776061837901919,1099.1264871851301,1402.2515704417992,229.69826256009392,14.707847518409956,1150.4130858737244,1099.1239894778048,7.775717453036991,12.870038269018476,True,134.3654434420046,1.2156614205759388,True,0.0004832572590949269,95.33281911808933,0.0019973321050803516,229.7058097795388,0.0
0.9668238165713487,3.3882,899.9524176751523,5.037344364750666,0.8504461368153831,30.06,0.2,14.711467340300965,180066207.6593368,232.42547853880293,1141.3197786898943,12.849554534027256,7.195111610011203,0.7537733983058617,7.502046870552787,1090.2734009923608,1490.0390402273852,232.42547853880293,14.710922855664533,1141.3085771679196,1090.271166071483,7.5020980926577145,12.843991285207037,True,131.14614326232808,0.7516676760598174,True,0.0005444846364319744,101.27933527647485,0.002105722246044217,232.43408113317594,0.0
0.9668238165713487,3.3969,895.5094365085465,5.037344364750666,0.8501394412751544,30.06,0.2,14.674394803209122,180001270.56285965,232.83359212442255,1140.039995390445,12.849211903447953,7.224128908562868,0.7068370419054226,7.58441958535561,1088.9265830744916,1488.1070125382134,232.83359212442255,14.673938861856653,1140.027305120643,1088.9245806390413,7.58443047235295,12.843779993309207,True,131.42926789466713,0.7048383078367088,True,0.0004559413524685141,101.40432422975542,0.00199873406871387,232.84082661435008,0.0
0.9753392774162734,3.2696,897.276184942719,5.395500909393448,0.8501343662088743,30.06,0.2,14.672493560847231,181585577.54128182,231.68530802531393,1143.2072716620362,12.859241782838374,7.150823094269477,0.8369150672179042,7.734765784847834,1092.2629705387778,1453.8414307734492,231.68530802531393,14.672001110771905,1143.2032843700952,1092.2609761809317,7.734707548837213,12.854506621319068,True,132.60357225180985,0.8351711701090914,True,0.0004924500753258343,99.08173577350408,0.0017438971088128419,231.69308429567593,0.0
0.984912657568875,3.1107,899.9249813444803,5.006382061345832,0.8528196374740318,30.06,0.2,14.709439197389353,183947112.9959277,229.7586842122096,1149.5294356971156,12.873078365755322,7.006785899383477,1.1631250086947795,7.801121403374302,1098.1810775205518,1408.7594705353097,229.7586842122096,14.708881005110195,1149.5340959401603,1098.178489979787,7.800867107904072,12.868096081129679,True,133.99128895472379,1.1611219906087673,True,0.0005581922791577654,95.76739525748582,0.0020030180860122204,229.7674034018986,0.0
0.9639527879709333,3.4806,894.0849703813672,5.431338053494965,0.8500412660639128,30.06,0.2,14.678222367814424,179446023.30620325,234.13835404304706,1136.8118016231333,12.840489056906755,7.299000787487341,0.5947495995135154,7.560762373788876,1085.9317505050526,1514.0988614828716,234.13835404304706,14.677825429981,1136.805613489138,1085.9307491000216,7.56082354444726,12.835487452761743,True,130.98915593231192,0.5933652252182442,True,0.0003969378334236495,103.14919811073514,0.0013843742952711624,234.14468593270053,0.0
0.9536834451388645,3.9405,876.2610832226437,5.430097201506773,0.8502464777802778,30.06,0.2,14.729851954583802,177577178.20077604,241.14510489799184,1121.618094757194,12.79237725039329,7.6584476324745765,0.25903735335453437,7.504226792397608,1069.8081085557767,1649.419071140258,241.14510489799184,14.728669014767538,1121.6716145791847,1069.8220658080618,7.5036774153404036,12.786730093022257,True,129.17749877277504,0.2592020753805852,True,0.0011829398162639393,111.9676061252168,-0.0001647220260508342,241.1644725778409,0.0
0.962565831607484,3.4766,899.7355403067816,5.431338053494965,0.8500440337427687,30.06,0.2,14.710799692334481,179188415.86531854,233.64233450782976,1138.1915146384433,12.840899487639302,7.26753373004869,0.6380260287605017,7.44928996254095,1087.4432990021833,1517.1896983228219,233.64233450782976,14.71037575663017,1138.1868588989423,1087.4449313381224,7.449244643338138,12.83566889323931,True,130.51168209662868,0.6365360108471387,True,0.000423935704311873,103.13065241120108,0.0014900179133630065,233.6490678047404,0.0
0.9643494575496049,3.5608,895.5625741093245,5.480664908580184,0.8500628716469972,30.06,0.2,14.765032228785607,179524428.77867758,235.06736975281686,1135.0058338184983,12.830011609009631,7.3420625157977675,0.5354408401606892,7.466160219049077,1083.9789380713266,1547.3012677075153,235.06736975281686,14.76456340197561,1135.005868695012,1083.980028506154,7.466296485398575,12.824866402465528,True,130.27652564188338,0.5343381372103827,True,0.00046882680999793536,104.79084411093348,0.0011027029503064556,235.0748339684591,0.0
0.964627570799867,3.5608,899.8524296565025,8.508410347978197,0.8500202332728155,30.06,0.2,14.680921357446227,179567195.29065257,236.8340656435665,1130.6606364958202,12.823550774474642,7.442906419413433,0.4269221391539439,7.642498111760053,1081.9279134754765,1553.008057220465,236.8340656435665,14.680672793862058,1130.6681289420842,1081.9305559486334,7.642715175625199,12.825037747721677,True,131.05218420652918,0.42735875349503594,True,0.00024856358416869284,105.78188143703733,-0.00043661434109204533,236.83807556361828,0.0
0.9645512287880019,3.5608,899.8524296565025,5.480664908580184,0.8501037565786126,30.06,0.2,14.810296596866776,179570627.02814722,234.75938723199636,1135.9846362271023,12.829179158062766,7.319857045040887,0.5618075968636619,7.382109365779667,1084.9985993178625,1552.885149931559,234.75938723199636,14.809762876292416,1135.9863982242211,1085.0008619870912,7.38230232269957,12.823850043460487,True,129.9123436306272,0.5606628977756895,True,0.0005337205743600748,104.84704360136917,0.001144699087972434,234.76784759129018,0.0
0.9548565703842978,3.9879,897.357247355591,12.615291930519149,0.8503767765854949,30.06,0.2,14.699136849455794,177822862.6173299,245.0529232229041,1113.368923312291,12.769644617961633,7.857105727102418,0.1642898935430504,7.632181446929166,1066.8477019154482,1696.8214971984025,245.0529232229041,14.698666053764216,1113.4583957648244,1066.8763159940304,7.631742755215113,12.772308249901844,True,129.62026279427786,0.1652843437464797,True,0.000470795691578374,115.43266042862624,-0.000994450203429309,245.06077222498632,0.0
0.9574412096482706,3.8255,882.2229058862623,7.443082670161077,0.8500415678603648,30.06,0.2,14.668162831178943,178233914.31974652,240.64337126483292,1122.125346847211,12.7991795003465,7.645359691000877,0.26808529645729723,7.656317764824106,1072.05474565152,1620.1470719591327,240.64337126483292,14.667596261540066,1122.1673662548515,1072.0625578284382,7.656167126141613,12.798833121618463,True,130.19509454351285,0.26866464236946525,True,0.0005665696388774677,110.44827672132007,-0.0005793459121680167,240.65266666849175,0.0
0.9523872781063788,3.9832,882.4334837816157,7.53142378041111,0.8500095161110034,30.06,0.2,14.717171323421436,177286407.0306329,242.6206758586098,1118.455850149661,12.781936267547009,7.73456499254997,0.2175800490944726,7.519445256078244,1068.22341758766,1671.1928350301068,242.6206758586098,14.716191020138638,1118.5344257932127,1068.2443785841265,7.518751850993518,12.781396676128322,True,129.07533040213676,0.21847462685701258,True,0.0009803032827981895,113.54534545647303,-0.0008945777625399831,242.6368377747397,0.0
0.9950890771587886,2.7653,899.9944896035249,5.0200252792423905,0.8780688572459848,30.06,0.2,14.685852666453188,191350058.1188067,227.18057040414433,1165.5945122536473,12.907063306469643,6.648013042867351,2.661314491114984,7.795933526605708,1114.30211316014,1286.1611915059875,227.18057040414433,14.685903041227249,1165.625869663772,1114.3031624062446,7.794980686301605,12.903259047461292,True,139.60184732084036,2.661462521690212,True,-5.037477406055757e-05,87.57872308330397,-0.00014803057522794205,227.17979114189038,0.0
0.9709585177124618,3.313,897.2289271458158,5.005663751699743,0.8506677693099582,30.06,0.2,14.675518008657324,180883402.7848444,231.82079060584206,1142.835089947236,12.856762380873587,7.159644312039283,0.8199184456013845,7.634197892783493,1091.7016942098335,1464.053728908167,231.82079060584206,14.675020520084216,1142.824183080632,1091.6992655570107,7.634142736220592,12.8514341597231,True,132.06362851463496,0.8177196918268641,True,0.0004974885731083845,99.7571620912071,0.00219875377452039,231.82864941559143,0.0
0.9616121888044152,4.0,899.9414852057371,14.67061559450779,0.8504907112491791,30.06,0.2,14.739119736028321,179104954.41087586,246.68170080756218,1110.257492945454,12.765020535458069,7.932087682816551,0.13786346153814447,7.766799938760123,1064.8743801078697,1716.8894704875322,246.68170080756218,14.738831602395713,1110.3349092185254,1064.9065809301735,7.766183708216744,12.760608005671061,True,130.19903518609453,0.1382000948624985,True,0.0002881336326083783,116.48266562146765,-0.00033663332435404647,246.68652325865392,0.0
0.9456653132592294,3.8408,899.8041316457139,7.299223056752929,0.8502030409676082,30.06,0.2,14.708277893674852,176075195.27165887,238.95751256812534,1126.2414124736433,12.802619139307149,7.548827471477406,0.3339020691546027,7.225117142597154,1076.7631791556055,1628.1335502940863,238.95751256812534,14.707558878689301,1126.296072560039,1076.7790455847196,7.225265035902555,12.800606945620554,True,128.2687334383341,0.33461891497905655,True,0.0007190149855507144,110.68877912979124,-0.00071684582445386,238.9691945905373,0.0
0.9925364444723221,2.8477,899.9659198980919,5.037442991649005,0.8712098899693012,30.06,0.2,14.686398542251776,189368319.1894962,227.72310003301834,1161.4088559848278,12.899295301022839,6.740345016485641,2.151533351687177,7.808297225873305,1110.1486844594936,1315.4859273316595,227.72310003301834,14.686307399221153,1161.4362967540967,1110.148217108433,7.8074655296007185,12.89510651819718,True,138.15224085108798,2.1509339985794775,True,9.11430306231864e-05,89.57085918193036,0.0005993531076993186,227.72451327958302,0.0
0.9834520813178969,3.0372,899.9940233326702,5.00128792571658,0.8594967923949025,30.06,0.2,14.67246789155727,185112407.54461363,229.0845048923732,1153.1513081213693,12.882342866580808,6.924748712136651,1.408498953285748,7.758768588084339,1101.988308719052,1377.887818794351,229.0845048923732,14.672071512692128,1153.162650974187,1101.9859585456607,7.758265156389611,12.87746724160704,True,135.17840490189727,1.406604514622796,True,0.00039637886514221066,93.90609999047592,0.001894438662952025,229.09069381095856,0.0
0.9995075648069857,2.6468,899.7300943873614,5.003810303155122,0.8871650473483244,30.06,0.2,14.680368493771056,194190765.48868284,226.48737709083366,1171.5475544341218,12.91789704074544,6.517867652544172,3.5925580881072046,7.805478700172522,1120.1437392920536,1244.302810359517,226.48737709083366,14.680498316064076,1171.5823258649577,1120.1496511560083,7.804354339505082,12.914558774396514,True,141.7264795599545,3.5939747646751323,True,-0.00012982229302060944,84.76089753087916,-0.001416676567927766,226.48537422212982,0.0
0.9616080752291564,3.9902,893.2167546877969,13.160926798127036,0.8501090110006041,30.06,0.2,14.720850453653439,179023806.27410752,246.06890663688108,1111.2954256075163,12.765286789532894,7.90725894409346,0.14615597135651254,7.796628855349613,1064.8188095608327,1704.2313658158132,246.06890663688108,14.720334489659765,1111.3783217809148,1064.8447920809044,7.796100202900345,12.76838302866708,True,130.30357505986655,0.1470175385675944,True,0.0005159639936742622,115.76533157701454,-0.000861567211081854,246.07753162402906,0.0
0.9665054660656938,3.3992,899.7309663904298,5.184585795726478,0.8500583121683493,30.06,0.2,14.705523044743627,179924828.79157385,232.6537674521061,1140.6376743515405,12.848319760139933,7.210754301010876,0.7274005606245542,7.513923827694861,1089.6902405357878,1493.5293159465082,232.6537674521061,14.705007310588412,1140.6284584788082,1089.6888651653644,7.513955678770884,12.842918628754036,True,131.09589013116405,0.7254882461513495,True,0.0005157341552148864,101.55787732094205,0.0019123144732046127,232.6619270872345,0.0
0.9946820710407229,2.7887,899.9131604966892,5.00237130871472,0.8764095599495167,30.06,0.2,14.693140290614991,190910344.50963676,227.33797699029802,1164.477765261785,12.904731835284746,6.6726270974354165,2.5134293711576845,7.794730816874662,1113.1682061116103,1294.8408124140865,227.33797699029802,14.693148435790238,1164.5080352305897,1113.1684069980442,7.793831882683193,12.900815343279612,True,139.21236730356046,2.5133318225653825,True,-8.14517524716507e-06,88.12560968673756,9.75485923020436e-05,227.33785096505088,0.0
0.9991929288208014,2.6559,899.9839636082446,5.002197552924924,0.8860177082691085,30.06,0.2,14.679798798569957,193878575.0128368,226.50710319082518,1171.0440949822068,12.917080315531809,6.5288060283586375,3.5033399131349,7.807771770923151,1119.6460130946996,1247.8082547221272,226.50710319082518,14.67988792554697,1171.0795596021114,1119.650411893308,7.806733021500826,12.913658429815076,True,141.50451673075088,3.504738910734602,True,-8.912697701290995e-05,85.0025864600743,-0.0013989975997019677,226.50572798322946,0.0
0.9643592028240688,3.5447,899.7344916439384,7.624661806314771,0.8500242703009477,30.06,0.2,14.700201663117785,179518090.6856264,236.02676600855787,1132.581503202019,12.827436568239316,7.398048757263041,0.4727552480511433,7.582422666043994,1083.2422621706976,1546.232943730461,236.02676600855787,14.69990273386791,1132.5917530312215,1083.2447199395222,7.582593177441138,12.82691653468312,True,130.84495518854072,0.47292068179643676,True,0.00029892924987429126,105.18181082001715,-0.0001654337452934862,236.03156572086826,0.0
0.9641140465414978,3.4742,899.136468783051,6.546890070762895,0.8501396038603068,30.06,0.2,14.676739098659013,179496805.47738487,234.46377283204973,1136.158329299726,12.838564693269776,7.31423669243388,0.5743043978976606,7.563037644810935,1086.1790576816024,1517.9835632569825,234.46377283204973,14.676384492936096,1136.1628527913697,1086.1796752627756,7.5631132816618205,12.835628546413743,True,131.03908933510934,0.573769215579872,True,0.00035460572291690085,103.42468349694039,0.0005351823177885962,234.4694378645857,0.0
0.9639527879709333,3.4373,899.7309663904298,5.431338053494965,0.8500583121683493,30.06,0.2,14.694795909138941,179449621.7852137,233.2064450224355,1139.2090894101323,12.844895208239842,7.243724402210731,0.6747151278459963,7.490299377952816,1088.4823485918646,1504.2465951732304,233.2064450224355,14.69430967204395,1139.2032921688997,1088.4815890818622,7.490357361171145,12.839755579847449,True,130.84483463589953,0.6731287423677597,True,0.00048623709499118206,102.36161038653597,0.0015863854782366404,233.2141618615992,0.0
0.9774318029429845,3.2422,899.7244959630301,5.0091214916830875,0.8500215537800492,30.06,0.2,14.71328072766015,181951009.29890832,230.98985323812656,1145.1659256305932,12.861332187698713,7.1064136987383435,0.9244537499069653,7.690864679411545,1093.9081321686745,1449.1434563024136,230.98985323812656,14.712686112504645,1145.159789280576,1093.9056569436514,7.690801427907017,12.856129619345905,True,132.5030035116604,0.9222612335228841,True,0.0005946151555047408,98.48684972646615,0.0021925163840811335,230.99918872360166,0.0
0.9947257434251489,2.7741,899.99990473636,5.002966240714562,0.8763601645336694,30.06,0.2,14.677956467749723,190907966.20352554,227.1866014723079,1164.985638502576,12.906413264076578,6.661320520221722,2.5823927452252025,7.811037135574779,1113.6793418027844,1289.192551428767,227.1866014723079,14.677988202685013,1165.0177820554748,1113.680482835576,7.810077194528313,12.902435595639835,True,139.35441743055804,2.58246589756948,True,-3.173493528940696e-05,87.83218404174985,-7.315234427762718e-05,227.1861102774659,0.0
0.9523872781063788,3.935,883.455048286675,5.008899262969399,0.8500161161468569,30.06,0.2,14.799278917968085,177287783.59950724,240.13919929994233,1124.1316086285344,12.793397099543226,7.599552490317002,0.29526730689467084,7.323337497424215,1072.1671929869844,1654.3750224397952,240.13919929994233,14.798033116817178,1124.1834740535855,1072.1830541434651,7.3229384073896995,12.786443848909702,True,128.3624622368822,0.29526894466364456,True,0.0012458011509064448,111.77673706306012,-1.6377689737168133e-06,240.1594158847076,0.0
0.9537325285571516,3.8799,899.8036575109159,7.266255627861376,0.8502273660532801,30.06,0.2,14.851064850249793,177582325.83965817,239.6850177085048,1125.3767313155156,12.792129571372634,7.570791480241162,0.31438320258707664,7.220618893047082,1075.3920197598384,1656.9099647687945,239.6850177085048,14.850263395613439,1125.4413584292952,1075.4124009131178,7.220745519242675,12.789972204679092,True,128.1235036824668,0.31521030830607677,True,0.0008014546363543928,111.561514026038,-0.0008271057190001319,239.69795328167208,0.0
0.9591589932131472,3.8975,882.2229058862623,7.473535897967656,0.850112823851409,30.06,0.2,14.74543635998421,178568658.44057786,241.67255571487064,1120.4193260146303,12.788549199683619,7.68722885119162,0.24217088463120706,7.608522949349206,1070.082085238669,1650.3316640993146,241.67255571487064,14.744659245436651,1120.4762678190448,1070.095527091619,7.60817554378829,12.788164139377216,True,129.75787329511726,0.24289112956518882,True,0.0007771145475583552,111.91468241975338,-0.0007202449339817618,241.68529302237062,0.0
0.9616121888044152,4.0,897.9591601869714,14.67061559450779,0.8504907112491791,30.06,0.2,14.717662111867922,179104954.41087586,246.8628414162611,1109.7785473904091,12.765345495190846,7.943479213627523,0.1344901155497977,7.8094109155779705,1064.3793697762023,1714.262233537924,246.8628414162611,14.717338237838485,1109.8543904874466,1064.4098870411592,7.808761876291954,12.761119581465504,True,130.38917930611342,0.1348180518044819,True,0.0003238740294371212,116.47366211014767,-0.0003279362546841913,246.86827395181038,0.0
0.9593502122770157,3.9666,899.5765966321496,19.435828484174095,0.878697802927098,30.06,0.2,14.682850740578456,184609812.69903627,250.46497734331803,1107.9220985675886,12.767511996906693,7.987562589870684,0.12179667564067026,7.7827136141379505,1066.3099818350431,1699.5775991560574,250.46497734331803,14.683250167793187,1107.9558557503797,1066.3245413870213,7.782244693682866,12.763469705833362,True,134.708750195974,0.12181478530313415,True,-0.000399427214730963,115.75622714734402,-1.8109662463891563e-05,250.458163965684,0.0
0.9656496068008422,3.9488,874.490277666272,7.856186592130286,0.8500992847792195,30.06,0.2,14.771940890221266,179774166.5341457,243.509559176578,1116.7254972945668,12.777589438615758,7.776152513881755,0.19697827663249007,7.790590716755951,1066.1443189934869,1670.9570300658295,243.509559176578,14.771050239679576,1116.7880972003143,1066.1603045401048,7.789916866143856,12.778812778104557,True,130.40046259677482,0.19776215869071787,True,0.000890650541689908,113.10909657980318,-0.0007838820582277972,243.52424208112902,0.0
0.9471406131554474,3.9534,899.7108126817743,7.299223056752929,0.8502030409676082,30.06,0.2,14.815421126641859,176349884.12158144,240.4652117612443,1123.6899900722635,12.787123623921236,7.610970977248449,0.28729193240018647,7.142294730202653,1073.8334273406401,1673.130334390146,240.4652117612443,14.81450624111926,1123.774965026849,1073.8601182086957,7.142244251007115,12.784784479243086,True,127.5414120057132,0.28834596869321,True,0.000914885522599107,112.92379975553109,-0.0010540362930235303,240.48006194506738,0.0
0.9507225401351382,3.7478,899.2224406770653,7.59256735974833,0.8500006089965396,30.06,0.2,14.682912575624403,176974662.39591992,238.1659415297729,1127.6847565428664,12.810595174116997,7.513938538025041,0.36245797313926775,7.360696338453786,1078.4224333425004,1600.8126008737866,238.1659415297729,14.682382621667259,1127.720079698191,1078.4321407669565,7.36090279071821,12.809565590184611,True,129.14505403918045,0.3630010993098939,True,0.0005299539571446132,109.02088749059246,-0.0005431261706261292,238.17453802166546,0.0
0.9910545772707878,2.8908,899.9225465827321,5.007733180464738,0.8690285455873373,30.06,0.2,14.696566015088337,188612155.85840178,228.03786129797118,1159.6105424182615,12.895173943795147,6.780354484319513,1.9608214737686156,7.78884957302003,1108.343805681594,1330.5289554508863,228.03786129797118,14.696414982262812,1159.6345125622067,1108.3427097157976,7.78807570576672,12.890844252485968,True,137.50595158705534,1.9598335414572603,True,0.00015103282552431097,90.53190971091584,0.0009879323113552996,228.04020480845043,0.0
0.984367588729889,3.0591,899.9973084000532,5.000371134637364,0.8558197915645598,30.06,0.2,14.676472071656907,184492066.98412192,229.24327446753696,1151.725324202406,12.879449277647415,6.956855112950297,1.3077707605878508,7.800641132581378,1100.4784402187443,1387.7817976509643,229.24327446753696,14.675992460640321,1151.735010016091,1100.476175118709,7.8002359337165785,12.874475954567053,True,134.68940672927928,1.3058560123398595,True,0.0004796110165852241,94.55386773825768,0.0019147482479913158,229.25076613123247,0.0
0.994550260397799,2.8938,899.8599870315994,5.028441864024928,0.869341496648721,30.06,0.2,14.746066752245442,189345597.22394052,228.19963252511624,1159.4796570383892,12.893075541166056,6.783582026765412,1.9397697671419345,7.796887054017319,1108.0927256119944,1336.3441866538815,228.19963252511624,14.74592825127034,1159.5024648617868,1108.0916261707541,7.796116108697556,12.88890904318493,True,137.57715301677212,1.9388029923130297,True,0.00013850097510115233,90.62247950834413,0.0009667748289048372,228.20177588775059,0.0
0.9584803785396394,3.9965,899.7194330124332,24.151441497230785,0.9097079675792202,30.06,0.2,14.70257729520953,190951594.98424858,255.43651545448543,1104.4083204676851,12.762305904162899,8.073101371164974,0.09988805715210453,7.735162662109815,1066.3515374032659,1709.6651662287495,255.43651545448543,14.703365765562884,1104.4485384108139,1066.3635078518591,7.734374280480284,12.756141764638901,True,139.14568806086444,0.09984791295039368,True,-0.0007884703533544979,116.29082739362099,4.0144201710848315e-05,255.42281763027216,0.0
0.9924053196314054,2.8115,899.727126197165,5.011105829908754,0.875324459558227,30.06,0.2,14.67795070000145,190237536.36561352,227.4819568095707,1163.4593674139378,12.90324874318883,6.695003981046629,2.3896758949780703,7.78195723803108,1112.2258059581043,1300.7096289877359,227.4819568095707,14.677931882701603,1163.4879981492497,1112.2256219016028,7.781088492348608,12.899269723605446,True,138.86556597289797,2.389335195980707,True,1.8817299846318747e-05,88.61639083667274,0.00034069899736310916,227.48224844440216,0.0
0.9946404178392403,2.7741,899.99990473636,5.002966240714562,0.8763601645336694,30.06,0.2,14.676858493978534,190891590.49979153,227.18410820039284,1164.9868567651247,12.906452363544862,6.661287382975125,2.5827829959319617,7.810703552447412,1113.6837737018425,1289.0819670686792,227.18410820039284,14.67686926458378,1165.019016331522,1113.6843826827467,7.80978643611465,12.90247246240002,True,139.35308710588262,2.582859629881525,True,-1.077060524679041e-05,87.83102109451022,-7.663394956347602e-05,227.1839414815713,0.0
0.9944982061808862,2.7947,899.7888609428835,5.006233861890549,0.8750518098123207,30.06,0.2,14.685151747413078,190579347.92210746,227.35693392547802,1163.9693815465578,12.904273473485006,6.683744213524037,2.4512395565350213,7.812255270336693,1112.6570616856586,1296.8494906424908,227.35693392547802,14.685139782568221,1163.9999686796568,1112.6573094189353,7.8113635806326185,12.900250879080088,True,139.04679254763076,2.451085160723521,True,1.196484485710414e-05,88.31014137784726,0.00015439581150022974,227.35711916650956,0.0
0.9841690920521385,3.0636,899.969598955157,5.021163325267473,0.8558630724711443,30.06,0.2,14.677571476436851,184464192.68999904,229.30502694368295,1151.555498546392,12.879002292738022,6.960701900800903,1.2961411645918532,7.796821252757153,1100.3271387023058,1389.2388583364805,229.30502694368295,14.677088772544831,1151.5648155887905,1100.3247173595248,7.796431235672355,12.874051856895308,True,134.65899778659033,1.2942309671294514,True,0.00048270389202009767,94.64602915709261,0.0019101974624018414,229.31256838672257,0.0
0.9503010400615496,3.9924,882.4334837816157,6.890269697230724,0.8500161161468569,30.06,0.2,14.722962584625673,176899428.43398663,242.22956351777714,1119.3614396032046,12.783717643903532,7.712939854668122,0.22859848372525285,7.450781489534066,1068.7239226430886,1670.9857816268693,242.22956351777714,14.72182679670073,1119.4428031595564,1068.7442210810025,7.450159794985635,12.781351759833143,True,128.74428188221404,0.22940059693423245,True,0.0011357879249427327,113.4852816355631,-0.0008021132089796046,242.24825151194435,0.0
0.9946834937959176,2.7212,899.7481287144626,5.005327617356884,0.8828674433865623,30.06,0.2,14.668693596601106,192317355.44777486,226.9052356240348,1168.0862378581749,12.911887485876363,6.593327818156386,3.0219630743009005,7.768976666205112,1116.8362694374016,1267.8602827502423,226.9052356240348,14.668799731633007,1168.1180118228667,1116.838161970687,7.767997182413805,12.908350342005042,True,140.4711450003491,3.0224908881612635,True,-0.00010613503190093354,86.43409062368568,-0.0005278138603630467,226.9035938677315,0.0
0.9616085378230717,3.9652,892.9395334540666,8.020747590768568,0.8500242703009477,30.06,0.2,14.919055546319068,179006046.90811202,242.1219263209689,1120.4795632773887,12.774827644673708,7.688277096508479,0.23877561982278658,7.390095480152409,1070.3472087548828,1694.308536605965,242.1219263209689,14.918114928624886,1120.5588974505208,1070.372117089919,7.389835427721891,12.774927814594454,True,128.5632896873742,0.23982613701537583,True,0.0009406176941819666,113.55863663359469,-0.001050517192589251,242.13719260421826,0.0
0.9656496068008422,3.9398,876.2610832226437,5.430097201506773,0.8500642061061746,30.06,0.2,14.889584863024306,179766748.29568502,241.50580108125578,1121.5608428806631,12.784171748835426,7.661258276640595,0.25460536015787466,7.553405469898361,1069.1769619603565,1669.8488169439718,241.50580108125578,14.888297611952654,1121.616920315836,1069.192194390953,7.552904117425994,12.778486555228554,True,129.36820268972593,0.25479989983211504,True,0.0012872510716519514,112.13759839152985,-0.00019453967424037932,241.52668181653894,0.0
0.9882294081018805,2.9722,899.9756578175682,5.020015538825754,0.8634017019046589,30.06,0.2,14.69924597984545,186856727.76418462,228.64773291439258,1155.8772269089584,12.887371387815042,6.863681685286142,1.6181980209847142,7.783130255787564,1104.6293785266719,1358.912899940683,228.64773291439258,14.698949847552518,1155.894573707158,1104.62737113108,7.782510420605308,12.88276273117212,True,136.2026804408297,1.6166784293698566,True,0.0002961322929326826,92.44505247356287,0.001519591614857596,228.65233936438554,0.0
0.9593852397734552,3.9487,899.5779566718853,19.435828484174095,0.878697802927098,30.06,0.2,14.669481750011725,184616553.11507443,250.23520787624187,1108.3009579804502,12.769923401563883,7.978036453054742,0.12461123042040555,7.797787274530052,1066.7422375022702,1692.7863174894087,250.23520787624187,14.669947117429743,1108.331591124852,1066.7572585870023,7.797220808002117,12.765977682165845,True,134.8358301381576,0.12461265093067102,True,-0.0004653674180179479,115.39937773808427,-1.4205102654707424e-06,250.22726978950888,0.0
0.988080114043803,2.9722,899.9708979244347,5.109380729795897,0.8634017019046589,30.06,0.2,14.69324747840666,186828498.894513,228.70615996120668,1155.711773766286,12.887352241148575,6.867330417170631,1.6053147564855514,7.790827181875168,1104.5392024940365,1358.702291419145,228.70615996120668,14.692942860124104,1155.7292912529767,1104.5370794364096,7.790232390112299,12.882866807517,True,136.23777998616796,1.6039009753447377,True,0.0003046182825556798,92.46837997503872,0.0014137811408136969,228.71090156255372,0.0
0.9847802267827654,3.0204,899.984486336216,5.004062175394154,0.8601343773367942,30.06,0.2,14.677804404215252,185499904.64731023,228.96006648004814,1153.777475482857,12.883622679003242,6.910673881748782,1.454365054446606,7.771372077423085,1102.5857187737238,1373.1320938062292,228.96006648004814,14.677423819449782,1153.790502800822,1102.5833422392532,7.770848711452863,12.878793812331232,True,135.4119771161956,1.4525598041390706,True,0.00038058476546964926,93.54808936385254,0.001805250307535422,228.9660034015594,0.0
0.9879825514563499,2.9553,899.9757016473635,5.105886371441384,0.8639266542854921,30.06,0.2,14.67896006411577,186923632.94069493,228.53526448002333,1156.3622196302433,12.889371183831223,6.852655409498851,1.662102145448067,7.799558806893559,1105.2095611935206,1351.906810465524,228.53526448002333,14.67868405822191,1156.381492096432,1105.207938596652,7.798911296940372,12.884877806642784,True,136.43956107612252,1.6607777703927686,True,0.0002760058938608978,92.09570340390081,0.0013243750552982547,228.53956166904254,0.0
0.9961122428661304,2.6963,899.8017364953391,5.024725838639623,0.8852671875113265,30.06,0.2,14.677773121374333,193117090.81604162,226.80197288729715,1169.4040071552026,12.91382086247565,6.564607143680433,3.226570021778676,7.7651516442037325,1118.1349379485512,1259.8362142051085,226.80197288729715,14.677901651221887,1169.4354600368833,1118.1376218417283,7.764147207948651,12.910494148248869,True,140.9678124626544,3.227338845828351,True,-0.0001285298475544039,85.83416042464276,-0.0007688240496750431,226.79998685252917,0.0
0.9523872781063788,3.9989,882.4334837816157,8.835076647247952,0.8500161161468569,30.06,0.2,14.673299197159363,177287783.59950724,243.74965704452703,1115.882020844579,12.77700425769779,7.796195223600005,0.1893587646989007,7.617185014482428,1066.5655460334356,1677.0996798817507,243.74965704452703,14.672377457910713,1115.9565350532805,1066.5864344923118,7.616527134745729,12.779872204898327,True,129.4617707720873,0.1903670655219394,True,0.0009217392486498,114.28788627243972,-0.0010083008230387103,243.7649697384914,0.0
0.961818745546732,3.7173,883.7938978872819,5.049376860971688,0.8500041866444716,30.06,0.2,14.760633453906493,179040947.31964174,237.57177067903626,1129.2088851554959,12.814575544470886,7.477983894715667,0.39166928765478726,7.523728930495021,1077.4435931406742,1588.4139618497663,237.57177067903626,14.760030359826294,1129.2178058864804,1077.4470682517822,7.523702988596413,12.80868777509006,True,129.96557712782334,0.39092749257737835,True,0.0006030940801995399,107.60619355121293,0.0007417950774089022,237.58147784934866,0.0
0.9537361994476201,3.8466,892.6432041466333,7.266255627861376,0.8502562086928626,30.06,0.2,14.751343007858067,177589033.57627687,239.83094427029977,1124.4518806029482,12.797624432101886,7.5913348740454545,0.30188530475328834,7.3929290774930285,1074.4721874651455,1635.088877369575,239.83094427029977,14.750629692708552,1124.5032155558783,1074.4853851964,7.392921026917956,12.79605230461195,True,128.99379111934866,0.30253648783871645,True,0.0007133151495146706,110.83715315095111,-0.0006511830854281087,239.84254208337177,0.0
0.9582693603653254,3.6943,883.7553049502826,5.065311814004275,0.8500013660898358,30.06,0.2,14.693382234373018,178379643.30132428,237.1816608644212,1129.7472522350536,12.819719683369005,7.464642516593781,0.405736534461104,7.531027996053238,1078.21933982627,1573.7903381216122,237.1816608644212,14.692852252218412,1129.7520200964923,1078.2215831867552,7.5309955718393535,12.813929427937513,True,130.07756636593106,0.40489340857073186,True,0.0005299821546067562,107.10409449849013,0.000843125890372165,237.19021618407598,0.0
0.994516108450876,2.7288,899.9659269082568,5.003465817856569,0.8818036188125294,30.06,0.2,14.66843339847461,192053295.55150595,226.92336283824415,1167.6540868600807,12.911175381826327,6.60277402025627,2.9569954411716077,7.773104868825733,1116.4026528506874,1270.896353441681,226.92336283824415,14.668526950891579,1167.6863959745037,1116.4043642433767,7.772127743824086,12.907553311963929,True,140.28088081359257,2.957495787336036,True,-9.355241696873406e-05,86.64248202465157,-0.0005003461644284002,226.92191557437565,0.0
0.9774318029429845,3.2204,899.7356553207557,5.010265118613422,0.8500215537800492,30.06,0.2,14.69264164242858,181951009.29890832,230.73625010926455,1145.7844683369265,12.863969757429079,7.092074726950127,0.9568278229900546,7.712367868344393,1094.5643097347308,1440.6499371420357,230.73625010926455,14.692043348135877,1145.7797540262222,1094.561892603112,7.7122723450956565,12.858782712632587,True,132.68917423106495,0.9546364532350503,True,0.000598294292702306,98.04707587819959,0.0021913697550043354,230.74564622784987,0.0
0.978740923151416,3.2119,899.9714095317498,5.002363179900487,0.8502303801507446,30.06,0.2,14.70606108193837,182239464.92129472,230.65986441152717,1146.1239273158653,12.864241772393271,7.084417662723251,0.9729586428879929,7.717117679413398,1094.8603208108607,1439.5323596022406,230.65986441152717,14.705507984971131,1146.1198620464797,1094.8590835938835,7.716916980307234,12.859075530471294,True,132.77784742837864,0.97076871618779,True,0.0005530969672395969,97.88201698314853,0.0021899267002029044,230.6685398868389,0.0
0.9614756065248631,3.9902,893.2167546877969,12.979982276478431,0.8501090110006041,30.06,0.2,14.726882663298438,178999144.40586236,245.93423155345565,1111.6002948281466,12.76523823052008,7.899997806895943,0.14855927628138046,7.780682633483032,1065.0005903005049,1703.996595199113,245.93423155345565,14.726360179810959,1111.684854141021,1065.0267308651987,7.780152937307534,12.768399936720538,True,130.2323148666676,0.14945236484749436,True,0.0005224834874795192,115.70191668678805,-0.0008930885661138921,245.94295717020165,0.0
0.9924053196314054,2.881,899.9876900317853,5.006957761296979,0.8693759983816459,30.06,0.2,14.707061248494915,188944735.06543005,227.98156286492332,1159.9997606044933,12.895638920484146,6.771758244439798,1.9985925445403518,7.797915840963734,1108.6894856340089,1328.530932880985,227.98156286492332,14.706922124945603,1160.024569950287,1108.6884800081946,7.797130806207278,12.891344614408602,True,137.65000307353733,1.9976960622196782,True,0.00013912354931200355,90.33155979138598,0.0008964823206736305,227.9837195095247,0.0
0.9924053196314054,2.8115,899.5855628138576,5.213964693831606,0.8753301527370377,30.06,0.2,14.667499800485418,190238773.685443,227.63449730331024,1163.0468604333812,12.9029691877746,6.704023696114131,2.3422250499682593,7.803391509335073,1111.969924945843,1300.556368578726,227.63449730331024,14.667489434594778,1163.073484882018,1111.9702851438647,7.802524951888025,12.899361765675343,True,138.96533447596698,2.342000514169304,True,1.0365890640073872e-05,88.66916282734326,0.00022453579895520548,227.63465817844263,0.0
0.9831699211869627,3.0848,899.903815194426,5.004559402304752,0.8561492629367283,30.06,0.2,14.688143887762692,184338536.71036765,229.5137867378946,1150.99990569985,12.876994097101374,6.973389842213386,1.2579160198423776,7.765802487319176,1099.7732156066734,1396.0757733632515,229.5137867378946,14.687762602874876,1151.0067301580827,1099.773046499619,7.765232886305541,12.872029154387928,True,134.46947665682188,1.2558852163608634,True,0.00038128488781552505,95.04431008107272,0.0020308034815141873,229.5197447684534,0.0
0.9601034093219615,3.9805,899.4056349100885,19.680185349935584,0.8807403892621197,30.06,0.2,14.70553287446237,185184225.64318347,250.93482998156264,1107.5101193937971,12.764460196956936,7.998006936723865,0.11871913002390898,7.770122966924279,1066.0144437550173,1706.0136883216724,250.93482998156264,14.705964487669231,1107.5472002950614,1066.029399968352,7.769611494721532,12.761057342007184,True,134.91918228032443,0.11879018533468727,True,-0.0004316132068602485,116.01564770123821,-7.105531077829241e-05,250.92746516120204,0.0
0.9921236281723784,2.8303,899.5501717146809,5.01163870158421,0.8758945876332902,30.06,0.2,14.697746411409062,190307410.8704032,227.69492305251882,1162.905358939557,12.901138432520183,6.707417959943385,2.3192079902083624,7.753328752138113,1111.6777836326082,1307.594264579758,227.69492305251882,14.69773663835842,1162.9312465120329,1111.677413394091,7.752464128118719,12.89727754883502,True,138.72938560417683,2.318667060449955,True,9.773050642536418e-06,88.96553744834199,0.0005409297584075823,227.6950744550149,0.0
0.9995075648069857,2.6468,899.9585021567165,5.003639498956732,0.8870627751960041,30.06,0.2,14.681445125384496,194168379.22853133,226.47077596477598,1171.5723061352617,12.917876336932716,6.517340527160428,3.596657434259327,7.803270301463067,1120.1699220187,1244.5427780958405,226.47077596477598,14.681535321267539,1171.6075088889345,1120.174795827488,7.802220935441229,12.914527875335692,True,141.70013191472225,3.5981474539710305,True,-9.019588304326476e-05,84.77064405005373,-0.001490019711703372,226.46938464355688,0.0
0.9548565703842978,3.9879,897.357247355591,13.17814076734958,0.8503767765854949,30.06,0.2,14.675210999875887,177822862.6173299,245.45244724884125,1112.427262297132,12.769979296281246,7.879440968217594,0.1563086765801961,7.679587757358294,1066.3038238735735,1696.8214971984025,245.45244724884125,14.674764124308162,1112.5127648153277,1066.3317994792085,7.679151344770313,12.772552256916656,True,129.83138539571388,0.15721587650478883,True,0.0004468755677251579,115.62106185312737,-0.0009071999245927331,245.45992176092096,0.0
0.9911749509508648,2.8759,899.9121935658944,5.007732676961226,0.8692077860170896,30.06,0.2,14.683649026818435,188673971.42395002,227.8922293074671,1160.1323848330076,12.896860670091517,6.768646844811606,2.016171950308408,7.803043865596355,1108.871671644692,1324.7826744048941,227.8922293074671,14.683510518449225,1160.1580330879392,1108.8708552929575,7.80224866670976,12.89250548635903,True,137.6719030605957,2.015303795123397,True,0.00013850836920958898,90.2203262468714,0.0008681551850107105,227.89437899646668,0.0
0.9625372746521386,4.0,899.8017989632524,15.486609008630655,0.8526630157455742,30.06,0.2,14.731360106670888,179735162.14460263,247.3695312158208,1109.2541210160364,12.765624745914986,7.955977651893633,0.1305533170504062,7.809857559450962,1064.4174833977502,1718.355763637879,247.3695312158208,14.731199706273701,1109.3340127814972,1064.448504472112,7.809156755654521,12.760283515811409,True,130.7248505565106,0.1308388822798423,True,0.00016040039718667742,116.64468065931021,-0.00028556522943609663,247.37222469441386,0.0
0.962565831607484,3.4721,899.7571960293391,5.430998575942245,0.8500987849256767,30.06,0.2,14.70751353997176,179199957.35886782,233.5871439598466,1138.3247438199217,12.841446230441642,7.264409834256405,0.6427755037332443,7.452040516365312,1087.5864330066279,1515.4865394220499,233.5871439598466,14.707031623700734,1138.3199007682913,1087.586389442549,7.452110930626489,12.836225065522706,True,130.54976641490327,0.6412733150944097,True,0.00048191627102589507,103.03737754494333,0.0015021886388346672,233.59479808395926,0.0
0.959305419806083,3.9589,893.7278456275941,13.160926798127036,0.8501090110006041,30.06,0.2,14.671980386408814,178595117.9664744,245.52916893945596,1112.1147689135444,12.77116021087013,7.886667927861531,0.15376296429960973,7.801527591101932,1065.8394945477444,1688.8800299015854,245.52916893945596,14.671507313925177,1112.190155515218,1065.861987116832,7.801170715705305,12.774246368146548,True,130.42416706926826,0.15460337109374445,True,0.000473072483636372,115.10500187018769,-0.0008404067941347182,245.5370858556439,0.0
0.9507225401351382,3.7771,899.2224406770653,7.59256735974833,0.8501001329690819,30.06,0.2,14.707388439831842,176995383.8180631,238.54057904841275,1127.0199548574788,12.806853724239623,7.5300092399041425,0.3487093608076638,7.334521858788065,1077.6823244804764,1611.9298423910288,238.54057904841275,14.70680964476334,1127.060549800206,1077.6938154011757,7.334720798528598,12.80577914310059,True,128.94564886216742,0.34932555874111254,True,0.0005787950685025578,109.59493018624534,-0.0006161979334487477,238.54996695198435,0.0
0.9946404178392403,2.7891,899.7866947353855,5.00237130871472,0.876402205188205,30.06,0.2,14.691904463000487,190900747.93041736,227.34792822855584,1164.4376705249379,12.904723696039085,6.6734987020715515,2.508601114319066,7.7964438375121325,1113.128244650717,1294.8088849977053,227.34792822855584,14.691908977771782,1164.4677813883497,1113.128374869273,7.795554576229007,12.900807201239102,True,139.21711327587704,2.5084845508769527,True,-4.514771294594766e-06,88.1308149526788,0.00011656344211319336,227.34785836534732,0.0
0.9521703982128933,3.7771,899.2224406770653,7.59256735974833,0.8500102179726318,30.06,0.2,14.72633243058498,177246181.30273786,238.58288543783112,1126.993325890697,12.805896733428005,7.530797199592115,0.3476294881426804,7.341448834726629,1077.5889682343454,1614.3846549620537,238.58288543783112,14.725742846941019,1127.0340420761697,1077.6004849352953,7.341668233564133,12.804830582069744,True,128.9623381300668,0.3482475065965698,True,0.0005895836439613333,109.62054730776433,-0.0006180184538893685,238.59243772788844,0.0
0.961818745546732,3.7257,883.7938978872819,5.012433756458982,0.8501383192875774,30.06,0.2,14.770013488116263,179069200.39870355,237.6576591737988,1129.097898630581,12.813560894966468,7.4807277209115846,0.38895539137157514,7.511652375321759,1077.2823387702445,1591.6082558507508,237.6576591737988,14.769380788568613,1129.1075774991004,1077.285964727282,7.511629373561354,12.807578895797903,True,129.9037923909021,0.38822009273503594,True,0.0006326995476495512,107.7538667828967,0.0007352986365392056,237.6678400944215,0.0
0.9831699211869627,3.0848,899.903815194426,5.0272269131923535,0.8561492629367283,30.06,0.2,14.687140497953802,184338536.71036765,229.52946656302083,1150.958359974353,12.876977481801081,6.974315848886349,1.2553224919202304,7.767842160568162,1099.7491962121394,1396.0757733632515,229.52946656302083,14.686654845406052,1150.9653649976508,1099.7462997755792,7.767490930536393,12.872037597364082,True,134.47961916841922,1.2533288975369106,True,0.00048565254775034816,95.04984739460161,0.0019935943833198078,229.53705655348452,0.0
0.963417228882952,3.4569,899.7352445747191,5.283501387181903,0.8500485351336298,30.06,0.2,14.711242197325475,179347859.1985994,233.3275852343071,1138.960555408167,12.842981893457832,7.249700813337984,0.6647498525409363,7.457711599848506,1088.1051256610763,1510.9544119997154,233.3275852343071,14.710736965020894,1138.9533941176333,1088.1045529829078,7.457788503484237,12.837569061456414,True,130.62460502613916,0.6630664912159877,True,0.0005052323045813267,102.70298020816793,0.001683361324948618,233.33559874402388,0.0
0.9774318029429845,3.2422,899.8076043829507,5.0091214916830875,0.8501495950762835,30.06,0.2,14.715109686066251,181978417.12519008,230.98769746077454,1145.2101914154248,12.861317239944547,7.105422686513926,0.9264504963653372,7.6871549165331245,1093.9538806955059,1449.2405493544331,230.98769746077454,14.714519078818071,1145.2040810208996,1093.95143137593,7.687085014158729,12.856112585459671,True,132.50645464312137,0.9242535470914963,True,0.0005906072481796087,98.48124281765317,0.0021969492738408425,230.99696878032157,0.0
0.9924053196314054,2.8157,899.5855628138576,5.011105829908754,0.8753301527370377,30.06,0.2,14.681348016140888,190238773.685443,227.5331102291112,1163.289396214974,12.90277696192373,6.698781118884053,2.368434376779138,7.779587523068047,1112.0528833116564,1302.2202012673524,227.5331102291112,14.681351132158229,1163.3173937466124,1112.0532270978422,7.778677734055712,12.898814421264312,True,138.83412751681388,2.3680339573333598,True,-3.1160173410427205e-06,88.69898271229732,0.0004004194457780663,227.53306193674965,0.0
0.9582693603653254,3.6943,885.6953933808946,5.192917468948145,0.8500013660898358,30.06,0.2,14.707402698039912,178379643.30132428,237.11941325435686,1129.9690529492052,12.819225756262359,7.459614068307921,0.4100703381605627,7.5029671469444805,1078.5594190715651,1576.200234312009,237.11941325435686,14.706857346228738,1129.9763783231388,1078.5620525848196,7.50296730673506,12.813560920419723,True,129.9536956774011,0.4092953420231461,True,0.0005453518111746547,107.16571757695576,0.0007749961374166059,237.12820598950339,0.0
0.9960057966816575,2.6895,899.8628447080052,5.006516988540018,0.8851198995752401,30.06,0.2,14.668893440648416,193064327.2344441,226.71162044705383,1169.6673317376728,12.91469283846245,6.558792645009316,3.2720385352000245,7.7724132071703025,1118.386788795911,1257.0622388683746,226.71162044705383,14.66900428008134,1169.7002029335715,1118.3895739886834,7.7714217826224745,12.911278926075058,True,141.014776717668,3.272938289174139,True,-0.00011083943292433673,85.69684372938582,-0.0008997539741146809,226.70990740730227,0.0
0.9587277849794569,3.9981,899.6233714855134,24.733899825991877,0.9079894999564905,30.06,0.2,14.667870839583028,190640077.28817016,255.87654964587304,1103.0910596509286,12.76000271285417,8.105373100709823,0.09295403160604804,7.812863760174663,1065.37943051307,1710.591924424854,226.72112649119447,14.668725597739941,1103.1343379140976,1065.393116569007,7.811882491551869,12.756022809267288,True,139.2467425373116,0.09301756083152372,True,-0.0008547581569136042,116.62980710856144,-6.35292254756864e-05,226.70791527315635,0.25
0.9852685814739656,2.9612,899.9705012131222,5.000035120170862,0.8663232534501996,30.06,0.2,14.673931509921772,186927273.2947176,228.5209394795396,1156.8883214649745,12.889934628465626,6.840983087376827,1.7079644756323058,7.7331718052176095,1105.770424101182,1350.5084006337684,205.51230679441665,14.673677914749971,1156.9060071865101,1105.7681618389959,7.7325193132710845,12.885401797697437,True,136.488767540602,1.7064369197314109,True,0.0002535951718005691,92.03217193893761,0.001527555900894928,205.51585852350948,0.25
0.9844514480548859,3.0925,899.9979676718481,5.000077212149749,0.8530421106076758,30.06,0.2,14.688140837441917,183908938.6451973,229.53771962412733,1150.1495740285775,12.875500092839996,6.992557177612806,1.2036061628128465,7.812616853138254,1098.8418405018413,1401.029439288752,205.69145046735716,14.6875763390099,1150.1560911897298,1098.8391846566954,7.812349908637484,12.870492405141263,True,134.15779898431597,1.2016372430653586,True,0.0005644984320181123,95.37992063981136,0.0019689197474879183,205.69935595826922,0.25
0.9839799518787428,2.9929,899.8352920001616,5.020670848611239,0.8664044415426077,30.06,0.2,14.688239341666868,186700286.82675985,228.85013526196562,1155.8526992677553,12.88681408984954,6.864318639775373,1.6170372637066524,7.697282389985943,1104.7719677750429,1361.0453440995893,205.68457211242864,14.687997919646596,1155.8667841504655,1104.769873972995,7.696624267832865,12.882352123638702,True,136.1901211413794,1.6153400137677896,True,0.00024142202027199744,92.66001412058623,0.001697249938862777,205.6879528853025,0.25
0.9595103161525791,3.9863,899.8669687909999,16.772261461620317,0.8650736326939581,30.06,0.2,14.719666938319676,181777777.2260308,248.33502949905477,1109.6845659428561,12.769907172366814,7.94490062257729,0.13403240259627516,7.72984496403174,1066.0236724932706,1707.7898816364052,219.32978962520747,14.719806695786946,1109.7424197495616,1066.045691419168,7.729353922216761,12.76481261286181,True,132.31281374536758,0.1341733924847752,True,-0.0001397574672701296,116.02221575368719,-0.00014098988850003158,219.3277071946071,0.25
0.9598767677688107,4.0,898.1725010335505,14.668122028375173,0.8500507306408588,30.06,0.2,14.693747705554392,178689235.42873752,246.77013865787472,1109.7712183838933,12.766590984357288,7.943428822309176,0.1347246324833527,7.804144487710967,1064.443841180789,1711.4506362527266,217.65145038058486,14.693417010035793,1109.8472039552905,1064.4746442707353,7.803494272128095,12.762355626982645,True,130.29831802521582,0.13505374559439254,True,0.00033069551859910007,116.4718206326589,-0.000329113111039836,217.656348925233,0.25
0.9595378489190477,3.9997,899.9125881042145,18.421587781720426,0.8693240716345766,30.06,0.2,14.690429472463697,182676162.916491,249.84139039633666,1107.3960999851395,12.765865576846407,8.000490301916834,0.11816357286457077,7.797425302323086,1064.8760055667583,1713.0327222429635,220.68920111803925,14.6907473839306,1107.439191463557,1064.897993324985,7.796728241452053,12.763540311695868,True,133.22975009546565,0.11832786184160154,True,-0.00031791146690274275,116.61164030087102,-0.00016428897703077427,220.6844253482419,0.25
0.9628527601555086,3.9982,899.2759578782145,19.535643510991225,0.8769596709386964,30.06,0.2,14.732590791492603,184917309.8071187,251.0614886871901,1106.6653784773255,12.760703840263169,8.01899239696812,0.11291116421142622,7.812683373935576,1064.8572444307372,1717.5292855407638,221.91642333771065,14.733084802305584,1106.7076792065313,1064.8770333686368,7.811883242434921,12.756500188841947,True,134.4767180380656,0.11297328693399038,True,-0.0004940108129805054,116.5847706491245,-6.212272256415907e-05,221.90898232218825,0.25
0.9603720554717995,3.9933,899.9830989278008,19.55176001296092,0.8766298632005981,30.06,0.2,14.70098182420761,184371522.08435002,250.8383766731352,1106.8948890080944,12.763062104225174,8.013044560277208,0.11471428633115514,7.796593675685005,1065.2171308024035,1712.1612510960385,221.72193275854104,14.701430651102134,1106.9366863831685,1065.2356877052853,7.795926153041978,12.758885719568175,True,134.36849869038917,0.1147757972259463,True,-0.00044882689452485636,116.46987798274603,-6.151089479115857e-05,221.71516370531828,0.25
0.9607021886102162,3.9996,899.9439412684246,23.5441078326965,0.9002270298942369,30.06,0.2,14.698572314821009,189399528.7264299,254.74550433684152,1103.8893733110565,12.761333116523348,8.085817841317343,0.097032096242245,7.81356315178999,1065.1918967668294,1715.114552444579,225.5740563262892,14.699380894503498,1103.9266349030531,1065.20647217042,7.812633549984799,12.75382403813238,True,138.05211794224874,0.09692237546253475,True,-0.0008085796824897074,116.69338639459278,0.0001097207797102484,225.5616480078606,0.25
0.9587277849794569,3.9981,899.6233714855134,24.33765782534858,0.9084738396779766,30.06,0.2,14.689126733781254,190741768.5103068,255.5804574317273,1103.8378124130084,12.761490753917329,8.08703562932865,0.09682261353118934,7.770589461094187,1065.8707899164986,1710.591924424854,226.46722361894166,14.689945648719787,1103.879494386489,1065.8836372392313,7.769710229709505,12.755846574452516,True,139.11976629033177,0.09681259299759899,True,-0.0008189149385326999,116.46069114139553,1.0020533590351932e-05,226.4545988348244,0.25
0.9802349697650764,3.2265,899.9049825131647,5.047828508340205,0.8500013014833867,30.06,0.2,14.735213635030188,182468477.23620403,230.9016963062184,1145.55226758924,12.861634231105754,7.097691241420264,0.9418044330998975,7.7172740406895315,1094.2349714028653,1447.3664248036607,206.34544519488705,14.734609372637733,1145.5478205942723,1094.2325175348644,7.7172149032952735,12.856536319869047,True,132.68213289656748,0.939693846177715,True,0.0006042623924553681,98.21956340965093,0.002110586922182467,206.3539073664474,0.25
0.9572619216227444,3.9967,899.7856692891245,20.88017881928868,0.8864035243130557,30.06,0.2,14.672410852960605,185823366.17240313,252.07992379078485,1106.2353034211158,12.762504091754913,8.029013861058939,0.11078808816734266,7.76002350139895,1065.698188062135,1707.6555720799315,222.983553923672,14.672979276384941,1106.277238131315,1065.7136378279802,7.759368885042262,12.761204629750047,True,135.68918759162773,0.11098119766258684,True,-0.000568423424336828,116.39073619915712,-0.00019310949524417587,222.97491565921973,0.25
0.9830866851460923,3.1237,899.9998839043556,5.01177165677782,0.8509644874796606,30.06,0.2,14.6835420138798,183206684.6608849,229.79911994927218,1148.7877657521615,12.87251290900765,7.023416585023973,1.1214011400628285,7.811043821493015,1097.4912082268233,1411.336268303975,205.76989956481228,14.682924977346314,1148.7914445430163,1097.4885799353397,7.810866236145262,12.867473269531256,True,133.68785628560312,1.1193911716683957,True,0.0006170365334856598,96.11126366366906,0.002009968394432793,205.77854685720934,0.25
0.9695295057250902,3.3155,899.8899797011136,5.076938812662942,0.8500690244492505,30.06,0.2,14.675934728109912,180490059.02468824,231.65918298655077,1143.1102303417774,12.856815034390394,7.153434868828409,0.8317020427216896,7.591899131690643,1092.1120493713513,1465.9929876990866,206.68644675443943,14.67538340990919,1143.1010569963205,1092.109881266742,7.591858673776584,12.851449316007066,True,131.77318826798333,0.8295374221795949,True,0.000551318200722406,99.88599471856745,0.002164620542094653,206.6942114578721,0.25
0.96100700804785,3.9977,896.260880677837,20.863887850054066,0.8891425103416275,30.06,0.2,14.704290474967783,187126801.5394223,252.64634528057655,1105.7807545886776,12.76005063212887,8.040406384165582,0.10768567904672732,7.811408889810586,1065.084061006198,1710.0552319507929,223.57225913439444,14.704783063906918,1105.8174809881928,1065.0968116124297,7.810757470173586,12.759141002643338,True,136.34543316826873,0.10786057586111646,True,-0.0004925889391351745,116.30091211230783,-0.0001748968143891333,223.56476978746096,0.25
0.9725731488607657,3.3646,899.9997464404827,5.231947813767476,0.8500003020991013,30.06,0.2,14.755277321681358,181042034.09896338,232.4272031667274,1141.4844642573923,12.848943932131679,7.1914973670483775,0.7578158162118235,7.568961744643662,1090.3809594260435,1489.7917601960878,207.18552644800192,14.754749135646817,1141.4766552945914,1090.3795284414523,7.568997518521221,12.843749042945353,True,131.46520227480076,0.7559443078244092,True,0.0005281860345416334,100.96200089192664,0.0018715083874142335,207.19294321263973,0.25
0.9607021886102162,3.9978,899.9986180527628,23.170000524431615,0.9001606577256751,30.06,0.2,14.714210762298238,189385564.62956464,254.4225864786278,1104.562986383892,12.761427240758659,8.069526469607087,0.10063405354423727,7.781310626604432,1065.619518850805,1714.4965105331012,225.2926430139382,14.714986669906278,1104.595360484235,1065.633472064835,7.780468824537381,12.753908788713371,True,137.89554113237958,0.10049272383343329,True,-0.0007759076080393612,116.52704534624823,0.0001413297108039807,225.2807635416919,0.25
0.9382420388712529,3.8762,899.9632414290907,5.002241784517338,0.8500125192267776,30.06,0.2,14.728804355299022,174653895.00393137,237.63682049833542,1129.4026926298338,12.80743055793049,7.474779325974357,0.3954226926458685,6.981418379805872,1078.5120639212346,1628.8145045503156,209.99006680980006,14.727753758352033,1129.4497923711704,1078.5295884226325,6.981511076276522,12.799995837926698,True,127.05886877853176,0.39523710841872084,True,0.0010505969469889465,110.57795171980366,0.00018558422714765044,210.0050463461712,0.25
0.9801101265621783,3.2086,899.9906502758528,5.003488862117082,0.85000442524607,30.06,0.2,14.719229681321513,182445908.45006832,230.6543775877467,1146.162463618994,12.863887940559692,7.0836159971009565,0.9738842206996102,7.729071839365804,1094.8470315581562,1440.2771701798545,206.19186831649816,14.718589792906837,1146.1587286039778,1094.8438837871681,7.729040343734297,12.858754956201329,True,132.81011415091479,0.9717275456283632,True,0.0006398884146765482,97.84426343683191,0.0021566750712470606,206.2008324760809,0.25
0.9837056954975875,3.1017,899.7732802431747,5.032279030917728,0.8529154230653245,30.06,0.2,14.682993204008882,183742329.79730853,229.65295653539795,1149.7491635430206,12.874808294381388,7.001590615902025,1.17924269557884,7.809423990671018,1098.4814714956958,1403.3249808329183,205.75924219979214,14.68243665982165,1149.7549121201012,1098.478957934219,7.80915929497371,12.869819062085549,True,134.08318148200277,1.1772747400705428,True,0.0005565441872317223,95.56977505339518,0.0019679555082972033,205.76704159391647,0.25
0.9595613355272286,3.9865,899.9611296560305,17.465559785513022,0.8650736326939581,30.06,0.2,14.691354269196632,181787442.76934296,248.84051720210564,1108.5405021155887,12.769458895458271,7.972377468142163,0.1260576216256269,7.787647726508479,1065.357894443511,1708.081593646149,219.77441542639176,14.691548306470953,1108.5956132878132,1065.3803039373881,7.78705285218875,12.76502186037755,True,132.57435911245793,0.12620586259866312,True,-0.0001940372743209906,116.26615808964772,-0.00014824097303622885,219.77151277599404,0.25
0.9613996238548616,3.4276,899.8957516625962,5.000002219709099,0.8500000022209392,30.06,0.2,14.671418142156618,178962047.51568517,232.71004896406086,1140.271368337672,12.847976417228274,7.219106267120122,0.7152041841352991,7.450547774262266,1089.3527162293103,1496.73592513685,207.20576726077832,14.670877554640827,1140.2592220481959,1089.351238151104,7.450590574441877,12.842217206003179,True,130.69773787935964,0.7131120180087992,True,0.0005405875157915574,102.01231108470122,0.0020921661264998725,207.21340230854992,0.25
0.9690317315245711,3.3375,899.8339747048379,5.120572448198841,0.8500003380246012,30.06,0.2,14.686545717106794,180382815.83444554,231.9373737745938,1142.4073222000197,12.854410115183413,7.169702804453173,0.8005453560678388,7.574980916042837,1091.4221005222596,1473.6858166486275,206.85172999839787,14.686004772949936,1142.3980778503208,1091.420128578502,7.574964068567079,12.849058938332197,True,131.59964583134342,0.798461325002061,True,0.0005409441568584583,100.33772794325037,0.002084031065777814,206.85934917300722,0.25
0.956173251167632,3.9859,899.8348607822597,13.22341663160952,0.8502476570857842,30.06,0.2,14.714800360962487,178041030.47678304,245.27943587197268,1112.9541506231892,12.76894171986559,7.867092678601878,0.16038411631720365,7.639722826190671,1066.8321312843932,1701.6554621114742,216.3688251200615,14.714381919401518,1113.041178001457,1066.862034404729,7.6393447300922475,12.77127667858412,True,129.64067942798727,0.16131135603583246,True,0.0004184415609689296,115.63875644398541,-0.0009272397186288195,216.37497812801143,0.25
0.9501680781364773,3.6214,899.9853323552505,5.00382206417588,0.8500318719313789,30.06,0.2,14.687454067086549,176877955.97239035,234.75825698846762,1135.4052534431619,12.831136135472457,7.332737683296248,0.5499512630320077,7.234544879672056,1084.578281801158,1552.8801595403781,208.3261716105759,14.68681312119006,1135.4045002821074,1084.5810966276358,7.234712457637135,12.824754727552747,True,129.03554645988982,0.5485267879831109,True,0.000640945896488887,105.7227105285778,0.0014244750488967561,208.3352631543794,0.25
0.9628811721363644,3.9982,899.8469792513995,17.780838717885377,0.8656705183356141,30.06,0.2,14.733363781686595,182542244.89549544,249.37601053254582,1107.7983101490568,12.765046666367258,7.990981073491948,0.12042743126039758,7.813273554591662,1064.66314105526,1718.3377148642542,220.2187566235619,14.733606015502604,1107.8525805009494,1064.6869656182323,7.81255987852048,12.761076003782682,True,132.7448124158852,0.12058688849797343,True,-0.0002422338160084081,116.63119811666061,-0.00015945723757584962,220.215136027917,0.25
0.9574048327308552,3.9999,899.8995365479627,12.466878404505497,0.8500033412841652,30.06,0.2,14.77304292308073,178219127.6017702,244.95796902670628,1113.8805063026898,12.765717118422216,7.8456635209852585,0.1678320610229578,7.572151706828444,1067.126082977929,1709.2839379061027,216.0322435210355,14.772587940863888,1113.9771988246675,1067.1592736499592,7.571685249896697,12.768098643324844,True,129.25904794203876,0.16889378488884027,True,0.0004549822168424811,115.69892108466752,-0.0010617238658824635,216.03889711683468,0.25
0.971752688467301,3.2973,899.9325508047222,5.00343824284945,0.8500091375675779,30.06,0.2,14.691753582606182,180891187.75368455,231.45387217241287,1143.723983681717,12.857804955965019,7.139441303188981,0.8580122132527638,7.611528292480657,1092.6078311368567,1462.343386907643,206.57012737834458,14.69118107894714,1143.7146656443163,1092.6054782043036,7.611489006635798,12.852422448946342,True,131.92403377063098,0.8557695882220867,True,0.000572503659041601,99.52983840178189,0.00224262503067707,206.57817725215236,0.25
0.9582868722367779,3.9959,894.9573767074928,13.550619898480736,0.8500374451872866,30.06,0.2,14.682648190152051,178390474.72402647,246.15016939943825,1110.9590009931997,12.767121436084992,7.914953882358919,0.14396274977301335,7.775240557893002,1064.9007151399294,1702.8098243379995,217.15659476826053,14.682185131440882,1111.0413683196855,1064.9283602929759,7.774678026460872,12.769733191040528,True,130.17997646735225,0.1447778771604473,True,0.00046305871116913977,115.97019293208601,-0.0008151273874339449,217.16344362978865,0.25
0.9361468945257918,3.8784,899.962546963012,5.453841158287388,0.8500503202291435,30.06,0.2,14.683233106693999,174271633.28135467,237.90365220832064,1128.5916781805063,12.807892762380096,7.49343460559113,0.3799724501945212,7.008033146807797,1078.125478233449,1625.9987114369712,210.21903568650555,14.682253417369603,1128.64462845946,1078.1433857761406,7.008085817402803,12.801323711522405,True,127.17367135638055,0.3800460279291213,True,0.0009796893243958493,110.72998085194008,-7.357773460009431e-05,210.23306278024873,0.25
0.9721022903472196,3.2684,899.9995117863642,5.000072231418642,0.8500240948192581,30.06,0.2,14.670362575049683,180959450.1476543,231.11780989326135,1144.5491711630686,12.861092232846968,7.120307956036864,0.8979654042455921,7.639120418279895,1093.467201254045,1451.7308171035384,206.3786323562906,14.669778902081037,1144.541188063971,1093.4647185976933,7.639049942117132,12.8557415622509,True,132.1663580973921,0.8956946878288597,True,0.000583672968646809,98.95145179586925,0.002270716416732377,206.38684363403493,0.25
0.9842702903430307,3.1307,899.9998839043556,5.011770563361497,0.8509644874796606,30.06,0.2,14.70592835455542,183427259.70004967,229.91262253053048,1148.5700863630493,12.871035285625437,7.02853067039776,1.1065863080041491,7.808290132542478,1097.215046176561,1415.7864865271074,205.8443275478383,14.705313473650483,1148.573085424255,1097.2124605933545,7.8081236608583415,12.866027859633776,True,133.64503053513954,1.1045779433582785,True,0.0006148809049371096,96.26759199539094,0.0020083646458706195,205.85293462354775,0.25
0.9802349697650764,3.1965,899.9077245061019,5.009554054681368,0.8500013014833867,30.06,0.2,14.70819891150286,182468477.23620403,230.52774710594215,1146.4785869183895,12.865295438849651,7.076288002332312,0.9911991287124765,7.743831713656196,1095.1815215090987,1435.6285600954964,206.1259055083837,14.707572389692764,1146.4757999696117,1095.178817652231,7.743755219807122,12.860178734561815,True,132.9260429361836,0.9890588404787687,True,0.0006265218100960368,97.60170416975856,0.002140288233707821,206.13468618081592,0.25
0.9560461282879655,4.0,897.207137280387,13.299281801424373,0.8500511946303734,30.06,0.2,14.691004692828505,177976226.41050243,245.74476153711808,1111.8579772057146,12.767595267973935,7.893429916205385,0.1511913673856602,7.69309723963845,1065.727310534956,1703.3493048672974,216.75849850606076,14.690539804026049,1111.9462661260202,1065.7567419511076,7.692597626603129,12.770116686913562,True,129.8038169836298,0.15208986717181475,True,0.0004648888024565423,115.9409445534883,-0.0008984997861545552,216.76535792716695,0.25
0.9482464557374907,3.9809,899.9992975020504,11.18859731370469,0.8500205675626858,30.06,0.2,14.690450042674126,176517890.0329529,243.50057297956175,1116.5339024212171,12.775738367038135,7.781011886439636,0.1958670676286115,7.441933860345379,1069.3419090362522,1685.8698952228528,214.81067766788667,14.689856529279982,1116.6248495460552,1069.3708690302453,7.441724922303569,12.776760647569077,True,128.74619324744512,0.19692991832302092,True,0.0005935133941434856,114.75437973211663,-0.001062850694409423,214.81935665083975,0.25
0.9576479820276547,3.497,899.9049715085869,5.000131766830916,0.8500025748171754,30.06,0.2,14.681966790763074,178264228.6458175,233.44387275363863,1138.486337262785,12.841768491766464,7.260681922901064,0.6494448065611637,7.373280254731255,1087.5911180263565,1517.4413089279988,207.60535039227025,14.68141392553298,1138.4760631610663,1087.5906851465818,7.373376228812243,12.835806076150913,True,130.09468216316276,0.6475515812724736,True,0.000552865230094568,103.34919059047587,0.0018932252886900702,207.6131682891292,0.25
0.955246905106233,3.6466,897.6554673886887,5.02784031585514,0.8500322654235376,30.06,0.2,14.75381534472569,177823484.20981652,235.40804885485682,1134.1872571972585,12.82524042994514,7.361630040291491,0.5122406319395233,7.279364752647881,1083.0550740252177,1567.9152669329728,208.84008608898347,14.753166746955838,1134.19001867797,1083.058661038644,7.279541719075054,12.818916426337243,True,129.14187504366663,0.5110189066579994,True,0.0006485977698513778,106.26617381119019,0.0012217252815238666,208.84926738655952,0.25
0.9610253296232957,3.9991,899.8372299351275,22.600417244311995,0.8956664848014229,30.06,0.2,14.71208685420562,188503415.31146106,253.87544977591918,1104.7356274313386,12.760512320949385,8.065525292934815,0.1015801466421137,7.79662498943179,1065.3276136896905,1715.3582174881853,224.72665813121395,14.712820233546907,1104.764885920597,1065.3422436071885,7.795795545889995,12.75865220545431,True,137.2734402858097,0.10166108556442152,True,-0.0007333793412875877,116.60200949010948,-8.093892230781607e-05,224.71545634352853,0.25
0.9381666463447026,3.8066,899.9859125907556,5.000358353034129,0.850012559344711,30.06,0.2,14.673416477429692,174639868.9163625,236.73983987001137,1131.0142443534016,12.816066781561492,7.436092680422998,0.43389483833646686,7.036181419680896,1080.3029770662956,1602.640814537379,209.43466494700476,14.672548865487945,1131.0434025168606,1080.3161558306476,7.0362270107940565,12.808967533901013,True,127.52668059443442,0.43333217191051776,True,0.00086761194174656,109.21315927557694,0.0005626664259490988,209.44704916313447,0.25
0.9839799518787428,2.9734,899.8351468863013,5.000110294423257,0.8664044415426077,30.06,0.2,14.66916820297579,186700286.82675985,228.62542976195923,1156.5049482247098,12.889146697774864,6.849553091517826,1.6751350608911593,7.716210311548279,1105.4264806129893,1353.3846686548088,205.5603068809587,14.668920355125431,1156.521214988747,1105.424375118453,7.715550285851178,12.884614287744906,True,136.3672422764268,1.6735161018003757,True,0.0002478478503586956,92.25818748553243,0.0016189590907835782,205.56378005273592,0.25
0.9572682427378411,3.9969,899.7167796332919,20.928385164975634,0.8865286534265436,30.06,0.2,14.670662436473197,185850825.14547798,252.1298045497371,1106.1538796207458,12.762463412417928,8.030981414375933,0.1103004463262504,7.763822409228608,1065.6497216805094,1707.65241187875,223.03002089522906,14.671239714934554,1106.195797576796,1065.6652966000734,7.763147341811239,12.761208228893492,True,135.72532925199292,0.11049461761504764,True,-0.0005772784613569115,116.40447529774417,-0.000194171288797243,223.021245193257,0.25
0.959815707378051,3.51,899.9276049002862,5.000003487010046,0.8500034498433927,30.06,0.2,14.722786766538029,178667930.2487938,233.6639567728866,1138.1450076909184,12.838881850484709,7.268946424258921,0.6354362141994768,7.369158561708504,1087.1250631957819,1525.8853579271208,207.75368954353377,14.722227810176395,1138.1358918185824,1087.1251577309838,7.369277830442983,12.832901986265817,True,130.02782441271785,0.6336171384068582,True,0.0005589563616332782,103.63613236016874,0.0018190757926186407,207.76157729312712,0.25
0.9412977105384082,3.9807,899.8321169745487,8.642390415643987,0.8500380647703988,30.06,0.2,14.700221546885949,175227974.73125538,241.5383341785914,1120.8366211709438,12.784991896104353,7.678079764525243,0.24808743216188175,7.208587102988819,1072.14749611444,1673.2244380847605,213.08256511504263,14.699406789070347,1120.9241690193403,1072.1762048437433,7.208429370302142,12.78582730019297,True,127.72233691785905,0.24936243080549766,True,0.0008147578156023627,113.81599726073236,-0.00127499864361591,213.09437584235886,0.25
0.9407566218783805,3.814,897.2460222024955,5.003504439372286,0.8500142026687075,30.06,0.2,14.68759432131615,175122331.83196762,237.11980760644832,1130.190174423724,12.813936058396072,7.455455264583971,0.41457439472141133,7.094379367869547,1079.2991708932223,1606.4088414723944,209.77685398297763,14.686676948585916,1130.2194312362626,1079.3105969153826,7.094455093341404,12.806923639324399,True,127.75597262526504,0.4140550300026376,True,0.0009173727302336232,109.36383498118327,0.0005193647187737294,209.78995725786763,0.25
0.9607407585469799,3.9979,899.9888474332796,21.73059974103471,0.8925650211058362,30.06,0.2,14.72641832377508,187795051.42329141,253.060895081882,1105.7727413837456,12.759886818624388,8.040629235475283,0.10746871102626344,7.759021943944364,1065.750228697413,1714.5907656866277,223.95349897256284,14.727083370516809,1105.8092208787348,1065.7648380695198,7.758309463701314,12.758667300927502,True,136.62514063757305,0.10762655949852877,True,-0.0006650467417284034,116.43575444430894,-0.00015784847226532617,223.94338566356316,0.25
0.9479525147269087,3.9999,895.143063692952,9.814364695390337,0.8500518911453917,30.06,0.2,14.707630420097646,176469675.08737767,243.2033149828794,1117.2804726659035,12.776216771314932,7.763297933682853,0.2037829132908442,7.412897301972609,1069.011956398132,1686.1979549174546,214.54135675517426,14.70686433272746,1117.3627420074292,1069.039802197732,7.412513724811073,12.774979247479228,True,128.5621785866222,0.20460150065542912,True,0.0007660873701862414,114.6411363962572,-0.0008185873645849273,214.55253231374843,0.25
0.9590102065216105,3.9279,896.3159212260174,12.466878404505497,0.8500026644287016,30.06,0.2,14.700646308617342,178517822.79145396,244.38366128784233,1114.5575305226,12.774811304503942,7.827958825621813,0.1756762911562486,7.713396881881236,1067.9157542825717,1679.906809717646,215.81507364804403,14.700182311332782,1114.6324259440423,1067.937074779481,7.713239331576351,12.777776217401762,True,130.11341750539495,0.1766189810194515,True,0.0004639972845605911,114.27024378244738,-0.0009426898632028946,215.82188564574716,0.25
0.9501439091255641,3.9807,899.8362705987863,8.642390415643987,0.8500389088432149,30.06,0.2,14.821373380414045,176874921.0358703,241.81585359244798,1120.7900586713213,12.778632511801364,7.680311933866026,0.24479809085070608,7.24224784004284,1071.686711023735,1688.9546157271689,213.32735640029392,14.820549538540595,1120.8767102070935,1071.7167689716046,7.242108526778118,12.779561205350317,True,127.86897238472118,0.24605396398896853,True,0.0008238418734496378,113.9468812077268,-0.0012558731382624477,213.33921480058453,0.25
0.936122244442421,3.9838,897.6351934582726,6.9659730412491205,0.8500250624330004,30.06,0.2,14.677652603440695,174261866.4124655,240.46410157667157,1123.1040794850596,12.792034138247804,7.623766332808582,0.281569410297771,7.0954936912020825,1073.4175921365868,1662.3571206930162,212.14967750617458,14.676659531734114,1123.1958258160005,1073.4445150706845,7.095249497250289,12.788855255693559,True,127.21501250409122,0.2826104278024996,True,0.000993071706581361,113.24908907258035,-0.0010410175047286252,212.16403226052697,0.25
0.9482464557374907,3.9906,899.90635012546,11.397894413508855,0.8500208937109437,30.06,0.2,14.688108423340303,176517957.761905,243.78122060579005,1115.951948720683,12.77423916609352,7.795039305155001,0.18967200436991408,7.453429953115943,1068.8790095210315,1689.4211666688175,215.02630680109237,14.687536152274001,1116.0462283477775,1068.909295915622,7.453144811246681,12.775554547021233,True,128.76658232908946,0.19075980104284124,True,0.000572271066301866,115.0146382767006,-0.0010877966729271604,215.03468487979802,0.25
0.960702161409519,3.9947,899.9695785303902,22.308858634849496,0.8926989671751726,30.06,0.2,14.698289885380266,187815687.90517524,253.47029266451864,1104.878515492881,12.761019846083878,8.061984395535255,0.10250786883741578,7.811383002604441,1065.261046618441,1713.2688970741067,224.32967646980373,14.698997929209254,1104.912335716296,1065.2760970052182,7.81056011756738,12.7594034902364,True,136.9012330998687,0.10262617731016602,True,-0.0007080438289879254,116.56905956464993,-0.00011830847275023926,224.31887061461222,0.25
0.9580084513436632,3.5529,899.993060226767,5.0011191513375906,0.8500000022209392,30.06,0.2,14.735927213141697,178330789.5444686,234.1344467155463,1137.0758719686373,12.834710653542105,7.294005813207008,0.5992735746290002,7.323232138502258,1086.0444437980136,1539.5011340559006,208.01628815333933,14.735344115547218,1137.069625122447,1086.045613782658,7.323383423907402,12.828587296416465,True,129.66694336087016,0.5976119426581136,True,0.0005830975944789429,104.46750335467613,0.0016616319708866456,208.0245196405909,0.25
0.9690317315245711,3.3375,899.8339747048379,5.2735008988016014,0.8504201122551911,30.06,0.2,14.683376204687221,180471898.2198767,232.05244148741465,1142.2197525296667,12.85426211231605,7.1739605647982,0.7929063897121216,7.581316708174975,1091.3531136611787,1473.6858166486275,206.96138279448616,14.682859226683709,1142.2124622520673,1091.3510767973016,7.581296112632889,12.849112899195871,True,131.6928434084008,0.7909854434825039,True,0.0005169780035121363,100.35959807901386,0.0019209462296176927,206.96866982767426,0.25
0.9795134378986196,3.181,899.9878084689818,5.0422602815239355,0.850006188896088,30.06,0.2,14.683128542178197,182335214.14568228,230.34561357231618,1146.8906146223444,12.86753453749429,7.066672219766382,1.0151204758340298,7.758058681022476,1095.674042772131,1428.602673076915,206.02173278333504,14.682501199248861,1146.8894491746792,1095.6713928861816,7.757957847040796,12.862432077088817,True,133.05577528113898,1.0130201137364252,True,0.0006273429293361943,97.2898382911772,0.002100362097604558,206.03053552583765,0.25
0.9551929944502157,3.553,899.9891321755763,5.215319806792989,0.8500522121129641,30.06,0.2,14.689183408741254,177817621.03535563,234.19946648818566,1136.7219213991934,12.836192772770428,7.301806997441577,0.5904780493447097,7.330054898600047,1085.9779900313513,1535.010120666929,208.07462894695325,14.688633686220209,1136.718231449514,1085.9791707713737,7.3301804414744725,12.830356503317628,True,129.70497035368845,0.5889867775241688,True,0.0005497225210451262,104.49449613449721,0.0014912718205408737,208.08241614568348,0.25
0.9501422307320256,3.6609,899.980267622612,5.005946050689342,0.850007367831086,30.06,0.2,14.71969096572044,176868045.59435642,235.25165370550556,1134.4262597144575,12.826313110934672,7.355970601980989,0.5201625896197409,7.201328306001104,1083.509889490451,1567.8168674944768,208.62377015914504,14.719003351531326,1134.4308910942807,1083.5145320213476,7.201515410111613,12.819790793123547,True,128.7461337542324,0.5189328778508625,True,0.0006876141891147824,106.50551995127316,0.0012297117688784276,208.63351624460492,0.25
0.9817177783558793,3.1459,899.8006463364507,5.003674139095043,0.8500537789436609,30.06,0.2,14.678377820807697,182755780.93009436,229.99418041817745,1147.9321828917523,12.870619965399609,7.04284491645366,1.0727176585763152,7.801373559880685,1096.6468966095622,1417.8438239425798,205.8456702549379,14.677782252685533,1147.9336134107823,1096.6452877077588,7.8011606010536205,12.865546171775446,True,133.40555263137077,1.070653433318814,True,0.0005955681221632148,96.58862778680668,0.002064225257501162,205.8540226829259,0.25
0.9449397945857397,3.9721,899.8767652760296,7.913739865033968,0.8500094877591536,30.06,0.2,14.77411389070484,175900055.89711922,241.04020310299336,1122.2450684955395,12.784949038521102,7.645107752675614,0.26631719825610106,7.169168852083709,1072.8855183636708,1676.5119568416874,212.67112511218969,14.773236580160509,1122.334440519091,1072.9141549623366,7.1690504343153245,12.7840735555423,True,127.57146653777384,0.26752115890616135,True,0.0008773105443307117,113.46873656521952,-0.0012039606500602873,212.6837546141626,0.25
0.9448196106432967,3.9978,899.9924752769075,9.55948022545839,0.8500094877591536,30.06,0.2,14.724755738030261,175877683.7181563,242.48604372836462,1118.9307069418544,12.778497546841946,7.724006751980543,0.2228196857124237,7.280854474795714,1070.6865653039533,1686.1440096583906,213.85833608321312,14.724032476722593,1119.0135342304497,1070.7183538319775,7.2805758740757325,12.781415292747672,True,127.98149943652871,0.22410289102340722,True,0.0007232613076677552,114.50454429183591,-0.0012832053109835262,213.86884104916288,0.25
0.9310794063223663,3.9806,899.7560379910473,5.003915086744776,0.8500624857462703,30.06,0.2,14.707185061735721,173330758.2409299,238.79766357096116,1127.0369283488249,12.799326351396862,7.530957295599265,0.3479537774992264,6.877945217297391,1076.219707282375,1654.9261635811263,210.66641077455054,14.70598534325815,1127.1139156135846,1076.2466897200934,6.877776072438755,12.79144722850063,True,126.28295374430566,0.34828706905138984,True,0.0011997184775704994,112.5147098266555,-0.0003332915521634394,210.683597000411,0.25
0.9642362250867897,3.9984,899.9920415171871,17.4394896119322,0.8650736326939581,30.06,0.2,14.763359302213178,182673093.52119905,249.14637339332882,1108.2774988542635,12.764414903206234,7.979598500642879,0.12337430477000896,7.795232517344807,1064.8434235703494,1721.025712950518,220.00284180068314,14.763576154736898,1108.3350468660328,1064.8677180163647,7.79455000136709,12.75986662435855,True,132.5702997556313,0.12353018874596634,True,-0.00021685252371916874,116.5760736376975,-0.0001558839759573799,219.99961032268826,0.25
0.936122244442421,3.9836,899.7398195462825,6.9659730412491205,0.8500072282417186,30.06,0.2,14.699002961990217,174258210.26208118,240.29126323455134,1123.6065370336473,12.791706047440668,7.612098187842552,0.28881672779647166,7.052948215899778,1073.9503004945168,1664.989737217029,211.97319054753842,14.698018919021067,1123.700575742731,1073.978841178439,7.052778508853573,12.788383622511624,True,127.02747649833368,0.28990178065435246,True,0.000984042969150778,113.26378673621765,-0.0010850528578807972,211.98738230555398,0.25
0.980035002906441,3.1649,899.9705012131222,5.000020991120564,0.8500755928637014,30.06,0.2,14.676674218576313,182447198.63041726,230.14987673677612,1147.4399536225787,12.869214311073232,7.054090771850966,1.0454180215505335,7.771761828716214,1096.1942763737372,1423.0433484138307,205.9099956979799,14.676123732455487,1147.4396535447904,1096.1936925223101,7.771473297928666,12.864091356336502,True,133.19534841304232,1.043288598383404,True,0.000550486120825866,96.9545283237338,0.002129423167129607,205.91771916753066,0.25
0.9594325000583863,3.9999,899.7418152887699,13.299281801424373,0.8500511946303734,30.06,0.2,14.763303086962939,178606628.70082057,245.6318745514945,1112.4395831712636,12.764706188378751,7.8801008650961215,0.15514007877063243,7.652960865517551,1066.1827432945788,1712.6953614566373,216.629297157939,14.762878530957014,1112.5300072254659,1066.2148344893783,7.652496366875665,12.767021157657043,True,129.6252926794136,0.1560655988781753,True,0.0004245560059246145,116.00658187208089,-0.0009255201075428765,216.63552705876592,0.25
0.9433262619171566,3.7342,899.8321291284277,5.000046606454187,0.8500431443530063,30.06,0.2,14.68535723239218,175606650.5889568,235.98298711082,1132.6722940620111,12.821655881829399,7.3969893349370786,0.47438894306535867,7.116751701038114,1081.8923333688333,1583.9946387505684,209.01744222001076,14.68458717062915,1132.687351004823,1081.9005495966455,7.116884538841327,12.814849565120356,True,128.12752622028336,0.47347433896077595,True,0.000770061763029517,107.85546089053665,0.0009146041045827169,209.02840312331634,0.25
0.9481705103164693,3.9879,897.0864291799519,9.496480108742588,0.8500352484381288,30.06,0.2,14.735195673204295,176506801.07933986,242.66603310155216,1118.5389287091766,12.777923052431522,7.733330215891975,0.21793264271582036,7.356526639397641,1070.0888276966166,1684.5871837130003,214.08502167364838,14.734424633627265,1118.615882206968,1070.1168483879724,7.35625851853089,12.781038289529231,True,128.34870341408688,0.2191373324750271,True,0.0007710395770299527,114.31732968746527,-0.001204689759206734,214.09622455592336,0.25
0.9491856718513951,3.7233,899.8337581632189,5.122189222976471,0.8500000269879956,30.06,0.2,14.751570614628086,176688457.16367,236.09659224859223,1132.6882281126163,12.819114689287797,7.397074037831917,0.47216751903439713,7.157957618370561,1081.7498391115403,1589.7049399602697,209.15530949487868,14.75081210073152,1132.7045751546298,1081.7578842639257,7.158147242246747,12.812530365599134,True,128.33806027357713,0.47133147423274946,True,0.0007585138965655602,107.7585319750151,0.0008360448016476729,209.16606464569404,0.25
0.9614073075883163,3.4386,899.8957516625962,5.001450312065179,0.8500000022209392,30.06,0.2,14.681216341238695,178963477.8227474,232.8441990490105,1139.978801316652,12.846637238150063,7.225968201818251,0.7035227862276797,7.440582659228939,1089.038713804839,1500.970226225818,207.28483476783583,14.680672840273076,1139.966908453258,1089.037363857115,7.44064193591797,12.840856133497066,True,130.61157718568734,0.7014672453059502,True,0.0005435009656196144,102.23262186332317,0.0020555409217295484,207.2925087695032,0.25
0.9852685814739656,2.9612,899.9436112722666,5.000035120170862,0.8663232534501996,30.06,0.2,14.673694431785655,186927273.2947176,228.5225962295873,1156.882738636792,12.889938689124707,6.841105156017729,1.7075120669287636,7.733656143383754,1105.7645723489827,1350.4785339593222,205.51410064864547,14.673450498932914,1156.900408374513,1105.7625535082466,7.732985691792932,12.885406149101035,True,136.49088290566843,1.705982609999294,True,0.00024393285274193488,92.03171332391886,0.001529456929469486,205.517517134826,0.25
0.9410093220078237,3.9952,896.1841070181327,8.602874843216163,0.8500678179563383,30.06,0.2,14.671169687044559,175180421.03219467,241.9961819133875,1119.7227248295967,12.783961325118462,7.704406087757615,0.2339578278585955,7.267816664501844,1070.9320226550326,1673.4339659804107,213.4804943152448,14.670315233876034,1119.811354003787,1070.959507640815,7.267491431530988,12.78496911480402,True,127.94088283486035,0.2351936829902097,True,0.0008544531685252821,114.05529907852714,-0.0012358551316141997,213.49292820517002,0.25
0.9598473308226545,3.6214,899.9491440364758,5.000017948913918,0.8500318719313789,30.06,0.2,14.819118692340115,178679791.3211731,235.03967196785996,1135.3568958232706,12.825126572616835,7.334904637663694,0.5423521852557411,7.2704714219705044,1084.0819786120817,1568.6544607164055,208.5763158587138,14.81846317248996,1135.358262157181,1084.0856844783805,7.270702602780455,12.818771019560817,True,129.1919623040312,0.5410134056213222,True,0.0006555198501558834,105.84770966382877,0.001338779634418974,208.58554258578573,0.25
0.9393942286037813,3.8117,899.1656465081996,5.000154315093617,0.8500230892654513,30.06,0.2,14.686347218082817,174870549.8095201,236.90279051204564,1130.7029800964333,12.814781783107382,7.443488189964427,0.42619311235613805,7.052636361443955,1079.908237506964,1605.6236047192083,209.57088182030748,14.685427975252814,1130.7329528003445,1079.9203390433472,7.052753218420646,12.80768956758974,True,127.58314138551177,0.4256614998472313,True,0.0009192428300028865,109.31964912653388,0.0005316125089067647,209.58400003046896,0.25
0.9413168719441415,3.7665,899.5297689009457,5.046951516699644,0.850037939592811,30.06,0.2,14.678729206232207,175231515.93217814,236.38718981420104,1131.761997727016,12.81897704186143,7.418374378085023,0.451799318780605,7.092726203869845,1081.0280487330187,1592.3830192601038,209.26660265560665,14.677897917467778,1131.7834402540905,1081.0375181734871,7.092872651705479,12.81213077717195,True,127.91208512292661,0.4510747224731718,True,0.0008312887644290612,108.47510469127442,0.0007245963074331563,209.27845455541794,0.25
0.9841345993263467,2.9734,899.4899685613087,5.021402685464137,0.8664044415426077,30.06,0.2,14.667184318537343,186729629.62258565,228.66611631996167,1156.3916947387756,12.889096797220457,6.852054188854325,1.6657409790184774,7.724976936909714,1105.3201279633004,1353.213472369846,205.600791664234,14.666939056883503,1156.4077580666653,1105.3180365956525,7.724324313780412,12.884604816646915,True,136.40709866863278,1.6641404654675451,True,0.0002452616538395347,92.25901765132889,0.0016005135509322699,205.604229736077,0.25
0.9610253296232957,3.9991,899.8372299351275,21.94535162817525,0.892446745366323,30.06,0.2,14.71894394840739,187825783.74856532,253.2639122851818,1105.322955233993,12.759751899225938,8.051494587092954,0.10486659577332551,7.783319051007533,1065.428170365698,1715.3582174881853,224.1287001480062,14.719622153619397,1105.3590247481825,1065.443009639603,7.782558034040737,12.758416215667179,True,136.71676423412396,0.10501317539672979,True,-0.0006782052120080095,116.54714805105783,-0.00014657962340428043,224.11837343914,0.25
0.9613996238548616,3.525,899.8957516625962,5.000002219709099,0.8500000022209392,30.06,0.2,14.75687503310786,178962047.51568517,233.8959311305709,1137.7447546886383,12.836092868960458,7.278538876198329,0.6201191353264915,7.36227847348203,1086.6203820339904,1534.1225173496102,207.90596858925167,14.756339008448403,1137.7369168840444,1086.6218170148986,7.362357830664348,12.830083604622706,True,129.94080089911427,0.6183760343853254,True,0.0005360246594570128,103.95513023145662,0.0017431009411661424,207.91352078264788,0.25
0.9448196106432967,3.9969,899.7292617375056,7.913739865033968,0.8500094877591536,30.06,0.2,14.789841545413593,175877683.7181563,241.37280511943754,1121.6707876850764,12.781822780811247,7.659105087644807,0.2575964062025275,7.1523208228211,1072.2445920232944,1685.4617869653732,212.8826116682433,14.788929024379817,1121.7678632825384,1072.275889221097,7.152123843150221,12.780881721343015,True,127.41989301704196,0.25886324272922684,True,0.0009125210337757039,113.95291210239559,-0.0012668365266993442,212.89574716037745,0.25
0.983691443372804,3.1459,899.8073646335494,5.003351412867239,0.8500597147991061,30.06,0.2,14.704382684963898,183124475.53410807,230.0504587772096,1147.9174972367123,12.869555907692533,7.043358792740818,1.0695542529371738,7.808555505573352,1096.5510403084797,1420.7020305604442,205.89606105446137,14.703757960519408,1147.918959920497,1096.5487565523977,7.808410430161223,12.864531761441608,True,133.43853710183413,1.0675211415071475,True,0.0006247244444903544,96.61192167537547,0.0020331114300262687,205.90480904274506,0.25
0.9841357227945322,2.9845,899.8436349616187,5.021402685464137,0.8664044415426077,30.06,0.2,14.681716271040198,186729842.78936014,228.76389229228482,1156.1151202450435,12.887729190921233,6.858380025130767,1.6400291090374834,7.7067388395195,1105.0368485664326,1357.9696726652664,205.64040918588748,14.68157819160812,1156.130147179412,1105.0374632266619,7.705863169072696,12.883255952571346,True,136.27124147814234,1.6383672972506629,True,0.00013807943207844176,92.49265081414248,0.0016618117868205662,205.64234322257906,0.25
0.9571463753055658,3.9411,899.9972741092699,12.466878404505497,0.8500042866904268,30.06,0.2,14.725148692842001,178171214.40174377,244.17119249821536,1115.1684727650493,12.773852981437699,7.813653101649113,0.18125734651690964,7.617205697611714,1068.6025607857691,1686.479818883228,215.53854752358365,14.724694174842773,1115.2493222439637,1068.6278074241918,7.617077991967324,12.77638411753133,True,129.64461431212877,0.1822552884396657,True,0.00045451799922879843,114.5265781860866,-0.0009979419227560682,215.54520071095814,0.25
0.9503285670794397,3.5986,899.9868053337559,5.000068349871574,0.850052221046588,30.06,0.2,14.67082575401005,176912066.73183092,234.47755121964792,1135.9811251866215,12.833820787717174,7.319117108730293,0.5681156339783843,7.254170120897838,1085.1959375879144,1544.4928679008046,208.15843166568143,14.670218193095783,1135.9776851642125,1085.1981244019278,7.254300977410965,12.827511476241186,True,129.20642381186164,0.5665803703274105,True,0.0006075609142666138,105.27112740778628,0.0015352636509737838,208.16705245955038,0.25
0.9428197787741043,3.9925,884.4127176160497,5.229274887825114,0.8500006940386384,30.06,0.2,14.711364432565691,175503600.36567453,240.6857257587942,1122.7045980016042,12.792158550961984,7.633075023823171,0.2749669083798451,7.2439092498332975,1071.2159411847247,1660.4197071505293,212.46910936740505,14.71007678817429,1122.7740494111056,1071.237175563996,7.243235117810934,12.78538685430583,True,127.83044883323394,0.27525114783840926,True,0.0012876443914020541,112.85527692556026,-0.00028423945856415056,212.4877078194025,0.25
0.9607096278527139,3.9948,899.9583644983425,22.600417244311995,0.8956664848014229,30.06,0.2,14.706014064726274,188441490.96863663,253.79560281741433,1104.8602301662145,12.761325777284638,8.062369958592875,0.102363110180007,7.7960979971181,1065.479231095525,1713.3057299346142,224.66966627210437,14.706735820466653,1104.8889402383313,1065.4934501738524,7.795299214651809,12.759470535779885,True,137.28511882658538,0.10244181194651644,True,-0.0007217557403791375,116.51048399082896,-7.870176650943972e-05,224.65864026175777,0.25
0.9721022903472196,3.2722,899.9995117863642,5.0085338184176225,0.8500240948192581,30.06,0.2,14.673549897019294,180959450.1476543,231.16812479784872,1144.4277146490665,12.860628967286122,7.123118786989323,0.8919785861298524,7.636148768094728,1093.3456415088356,1453.2057622396062,206.4091916760347,14.672969638995138,1144.4196540745213,1093.3432156349286,7.636080153453763,12.855282847927068,True,132.13761762508426,0.8897205505831989,True,0.0005802580241560662,99.03050717276446,0.002258035546653492,206.4173543447157,0.25
0.9393644952776774,3.9998,897.9858017918034,7.0166516004307296,0.8513114421682957,30.06,0.2,14.746145610002776,175130052.20703825,240.8055924511362,1122.9971728931241,12.787387071478596,7.627094319166684,0.27812214573528,7.07203320702091,1073.1611494682918,1674.5609134834583,212.41578541661949,14.74518819367875,1123.0927899087185,1073.1900007727027,7.071746098939896,12.784378341277005,True,127.25462651662795,0.27922755412240907,True,0.0009574163240255729,113.55096593450824,-0.001105408387129081,212.4295777356979,0.25
0.9371192402137684,3.9961,899.9106623479153,6.256094402981976,0.8500026143878243,30.06,0.2,14.753105132535074,174442853.13393563,239.9962974850433,1124.574683270925,12.790905104862643,7.589675308027594,0.30300490804832014,6.98630401833131,1074.3270608996022,1671.6600389238397,211.66903986865648,14.752018268147314,1124.6709370464464,1074.3572100729493,6.986122368029168,12.785683167520249,True,126.6966007849783,0.3039415053539267,True,0.0010868643877604,113.299696700065,-0.0009365973056065791,211.68463472064508,0.25
0.932351499997851,3.991,897.2866519992418,5.488328946606998,0.85000442524607,30.06,0.2,14.687446032493591,173555717.67077377,239.48453906590723,1125.3810344559338,12.796829374070219,7.569852328402163,0.3185736095567329,6.96425858762397,1074.784518630553,1657.890696674539,211.26501926296248,14.686272500482643,1125.464866035571,1074.811205328135,6.963974678603374,12.789996449168532,True,126.61657656232825,0.31913462156897665,True,0.001173532010948719,112.86796250357898,-0.0005610120122437334,211.28190075980865,0.25
0.9362040842154666,3.9997,899.9920314630168,5.453841158287388,0.8513415926813563,30.06,0.2,14.787364799751629,174547023.84119615,239.5034519999831,1126.155487941447,12.792569727875575,7.552615376075067,0.3292321556263617,6.893092288111346,1075.3738113780719,1671.4782315107382,211.2448972448652,14.78625400161607,1126.2455156459343,1075.4036606669697,6.892879150737446,12.785458512027006,True,126.47873381644987,0.3298804428067702,True,0.0011107981355582552,113.02471818353322,-0.0006482871804084911,211.2607667435212,0.25
0.9317063811338625,3.9899,897.254925371155,5.111177286628044,0.85000442524607,30.06,0.2,14.692659865573292,173435629.84185654,239.2033368594687,1126.0416738989036,12.79803211256347,7.554284103476238,0.3300835490860328,6.933127635539206,1075.2057553923778,1656.2943760235758,211.02099290035213,14.691441172541655,1126.1201759359287,1075.232038162627,6.932845206888337,12.79043314159267,True,126.48445236508196,0.33046640645474523,True,0.0012186930316371303,112.71888449438673,-0.00038285736871240816,211.03849763733174,0.25
0.9837056954975875,3.1017,899.7852411275676,5.002966142332832,0.8529154230653245,30.06,0.2,14.684397172029623,183742329.79730853,229.63192997701853,1149.8052256236285,12.874822800900343,7.000339807475925,1.1825308475819525,7.806570235785864,1098.514975483804,1403.3386439053584,205.74026749566056,14.683837254949157,1149.810702152686,1098.5124060509318,7.806306675669317,12.869806023677079,True,134.0703921649187,1.1805282341567875,True,0.000559917080465766,95.56153781209983,0.0020026134251649452,205.74811268543692,0.25
0.9801933548573261,3.1647,899.7344803818304,5.068799884894258,0.8500636717201197,30.06,0.2,14.673268048340413,182474119.07193196,230.21474553376555,1147.2665652715261,12.869155967465435,7.05797811308431,1.0363428232126703,7.783309446424507,1096.0653654350203,1422.9228226981495,205.97129107613557,14.67264577331417,1147.2669767847603,1096.0628148272237,7.783189180807877,12.864101783597894,True,133.2465785247175,1.0343031474491755,True,0.0006222750262434573,96.96816700904805,0.0020396757634948415,205.98002643256277,0.25
0.9581916719614277,3.4801,899.9951647802906,5.00616489317249,0.8501015173194957,30.06,0.2,14.675985275047529,178386197.62264413,233.25359990093438,1138.949765075894,12.843475990015529,7.249858676580562,0.6661046487233694,7.387681131376778,1088.0720643016293,1511.945708683896,207.49816201468659,14.675450055295565,1138.938877583498,1088.0715019230463,7.387741295094344,12.837566533684004,True,130.23659796548236,0.6641560775544284,True,0.0005352197519634672,103.01700193545202,0.0019485711689409824,207.50572955874063,0.25
0.9408030265325836,3.7665,899.8076451911292,5.046951516699644,0.8500326350981188,30.06,0.2,14.674359050567444,175134767.77094927,236.35126675970838,1131.8272036308542,12.81926047350337,7.4168251516854085,0.45354889761320166,7.085436943599752,1081.121491283165,1591.8594100853788,209.2315233249206,14.673525167158521,1131.8487241548498,1081.1310137787236,7.085590212693182,12.81240358181449,True,127.87955988945191,0.45282151010818067,True,0.0008338834089229863,108.47170687025647,0.0007273875050209933,209.24341376664722,0.25
0.9503285670794397,3.5983,899.9868053337559,5.000068349871574,0.8500481192226499,30.06,0.2,14.670540082582708,176911213.06410053,234.47373425703586,1135.9877581873627,12.833857424198008,7.318959295565367,0.5683331789773598,7.254496963710259,1085.2032183872866,1544.3790339010418,208.15604204516947,14.669925108945785,1135.984286304412,1085.205220270722,7.2546444576076095,12.82754904770966,True,129.20838168926838,0.5667968924548279,True,0.0006149736369227554,105.26535256776748,0.0015362865225319045,208.16476809368527,0.25
0.9836508326009934,2.9848,899.9705012131222,5.000035120170862,0.8663232534501996,30.06,0.2,14.677115370858125,186620350.5008862,228.72774838696688,1156.1610733115324,12.887949880459633,6.857329905436686,1.6445148329506938,7.701663252563865,1105.085992181093,1357.559796225483,205.6039982166684,14.676869702323536,1156.1761810630962,1105.083889629045,7.70099793140698,12.883424156883535,True,136.23502803530994,1.6428328793364868,True,0.0002456685345890719,92.49272035165694,0.0016819536142069769,205.60743971570545,0.25
0.9587290142110447,3.9987,897.0703614626177,14.235786078018666,0.8500375938349766,30.06,0.2,14.684082880427198,178472813.14166448,246.50233083031029,1110.2617840955036,12.767076754185082,7.931612709222577,0.13853160700757117,7.7876105082803155,1064.6758086417126,1707.4519438986413,217.4325557922221,14.683696293271323,1110.338209035926,1064.7053431819907,7.787009612216705,12.768785188049105,True,130.2266591490572,0.13921815768660384,True,0.00038658715587480685,116.27567168125307,-0.0006865506790326714,217.43828027954868,0.25
0.9405907271647863,3.9959,895.2572155933591,5.247046205843883,0.8500718870221484,30.06,0.2,14.795286212358581,175103332.64327434,239.79663937697114,1125.1976476155453,12.791292798597285,7.57510618983925,0.31244879043264695,7.0113802783412,1073.9769840260071,1671.7527768803704,211.54857521509055,14.79403236037553,1125.2801162982428,1074.0037582745965,7.01105425857816,12.783911492038941,True,126.81512989579744,0.3129073308012934,True,0.0012538519830513906,112.9815094811737,-0.000458540368646454,211.56650478250555,0.25
0.9353756113461777,3.9306,897.7012173732359,5.0194416795766905,0.8500251058530447,30.06,0.2,14.707432652670288,174122887.394023,238.4425020802347,1127.6206358229624,12.802968671141945,7.516781867857421,0.3594923659432947,6.975063461415769,1076.7042819854105,1641.2746759432866,210.543773683792,14.706295621600605,1127.6804318649326,1076.725158678181,6.97496599387334,12.795437619499483,True,126.85739583500309,0.35955595130474227,True,0.0011370310696836583,111.58510624523161,-6.358536144757121e-05,210.5600520735624,0.25
0.9371192402137684,3.9884,898.8337764683448,5.829200669216806,0.8500006311274879,30.06,0.2,14.753713409250139,174442446.11684448,239.69673675865343,1125.2129692176425,12.792948928545364,7.574454029882585,0.31380006961399115,6.979755370001876,1074.6613728060172,1667.3907508748832,211.44298964049605,14.752579504050706,1125.302419836306,1074.6897165442365,6.979559280292547,12.786765016983521,True,126.69148523358729,0.3145304890773071,True,0.0011339051994330163,113.00525152506614,-0.0007304194633159233,211.45924146311944,0.25
0.9622439942737739,3.4411,899.9996815363385,5.128472618845771,0.8500005558817989,30.06,0.2,14.69026655459092,179119341.55222553,232.97719509082475,1139.7057466142787,12.845718725088595,7.2323173522518545,0.6928853519134898,7.450246512158673,1088.820636119282,1503.3612946798728,207.39288576101802,14.689740792283933,1139.695952631796,1088.819695765043,7.450301995098661,12.84009583834005,True,130.64463352228356,0.6909794024820755,True,0.0005257623069869766,102.3325615685412,0.001905949431414311,207.40030858512446,0.25
0.9380576600636171,3.8355,899.8880353497074,5.007720188550063,0.850002592655114,30.06,0.2,14.693349075704914,174617533.62833622,237.1180479654957,1130.3070550427851,12.812590920954227,7.452999945048717,0.4167615715660926,7.015233907009015,1079.5323188642444,1613.1561048888814,209.6710020847816,14.69239023804681,1130.3432462264395,1079.546666233264,7.015335152649295,12.805374127973671,True,127.33817409593959,0.4163589771769508,True,0.0009588376581035618,109.7798738695561,0.00040259438914180823,209.68468538949608,0.25
0.9598738606652044,3.5115,898.3328526456618,5.000003487010046,0.8500034491851692,30.06,0.2,14.709440895481311,178678755.23797488,233.79807751060375,1137.747652729079,12.83892344492909,7.277973740806697,0.6229289319520027,7.398973191096214,1086.7027351802228,1524.623767926796,207.88574374550538,14.70890596141625,1137.7379158503554,1086.7025450041456,7.399077699873876,12.833001135151525,True,130.1534757047463,0.6211382533525507,True,0.0005349340650617762,103.64460180585743,0.0017906785994520336,207.8933041423331,0.25
0.9590102065216105,3.989,896.3159212260174,11.330465038879932,0.8500033412841652,30.06,0.2,14.796322262696577,178517964.944848,244.38121613070805,1115.1493496856847,12.767097361387302,7.815324123117922,0.17969272873993192,7.567883330266782,1067.510506851527,1703.2507472677166,215.60293736271598,14.795698015967213,1115.2420905878669,1067.5390820494995,7.567518677290981,12.768846685819275,True,129.2735550217235,0.18074274402336324,True,0.0006242467293642306,115.10766110898456,-0.0010500152834313214,215.61203388714793,0.25
0.9481705103164693,3.9808,899.9877093225199,9.388242768740987,0.8500352484381288,30.06,0.2,14.764791732849126,176506801.07933986,242.25375320847735,1119.5706287069024,12.778614499782192,7.708939534254771,0.2300602296247178,7.292891123417947,1071.0976216990146,1685.6819153455572,213.71149630018644,14.76403903602185,1119.6497348652667,1071.1271887451248,7.292741602507791,12.781238512671182,True,128.09125556120227,0.23130955287973587,True,0.000752696827275301,114.16249764727507,-0.0012493232550180589,213.72239169031818,0.25
0.9433262619171566,3.7136,899.8321291284277,5.000046606454187,0.8500431443530063,30.06,0.2,14.668642256580085,175606650.5889568,235.7229883657176,1133.1648135570808,12.824178312755526,7.385243119405452,0.487950055928016,7.133871118106993,1082.4344265846264,1576.236360249878,208.8589417027961,14.667890072419707,1133.176077559918,1082.4410357592146,7.134031677015627,12.817455869097651,True,128.27337936467362,0.4869282231783654,True,0.0007521841603779222,107.449609001044,0.0010218327496505641,208.86965219946103,0.25
0.9586307038600027,3.9988,897.4224271683013,14.143371586418858,0.8500375938349766,30.06,0.2,14.690606612517133,178454512.1153564,246.40183442869733,1110.4996180570138,12.76693184878875,7.925956714579286,0.14028523520931613,7.771724875718899,1064.855542768445,1707.7797883871829,217.33938940120493,14.6902106725732,1110.5777184964493,1064.885199520541,7.771152569153434,12.768713793889685,True,130.15556226005256,0.14099760198777972,True,0.00039593994393349874,116.24627216864477,-0.0007123667784635912,217.3452472712908,0.25
0.9725731488607657,3.3646,899.9692302202957,5.000234873462174,0.850000262304476,30.06,0.2,14.765021263002511,181042025.62308416,232.27134800273348,1141.892182180027,12.849138832828165,7.18225415547958,0.7736066179025963,7.549438749722644,1090.6117685940392,1489.7554032278565,207.04694472061942,14.76452029180761,1141.8812711804758,1090.6114851117304,7.549369547832964,12.843662759834285,True,131.3781924831693,0.7714832717523346,True,0.000500971194901112,100.89315551956417,0.0021233461502617734,207.05396997800995,0.25
0.9839799518787428,2.9929,899.9624554366449,5.020670848611239,0.8663288834841061,30.06,0.2,14.68875469696455,186684004.92593163,228.8398977985311,1155.8639418247571,12.886801540762956,6.864073135388505,1.617894858915876,7.696237791979603,1104.7839977674714,1361.187356577508,205.67273038612277,14.688510997862696,1155.8781325394277,1104.7819642640266,7.695575768217338,12.882332237072948,True,136.17348738443246,1.6162009056981441,True,0.00024369910185306765,92.66641041409864,0.0016939532177318029,205.67614273061966,0.25
0.9479506868885266,4.0,896.7916767827666,11.188345652625717,0.8500518911453917,30.06,0.2,14.66738498593108,176469334.81923094,244.01940125874316,1115.3611361752194,12.773880143117179,7.8090856077164865,0.18389507970362506,7.492315440404132,1068.0927742494193,1688.3836292351918,215.24154428466963,14.666736449852733,1115.454915923371,1068.1210432547782,7.491966375174417,12.775165843080773,True,128.91367343565878,0.18494446222879243,True,0.0006485360783461402,115.10572782308438,-0.0010493825251673694,215.2510618694101,0.25
0.9480699109795161,3.9879,897.1095702176344,9.73244404492567,0.8500401383084442,30.06,0.2,14.724211064106097,176489089.25354585,242.82408840308238,1118.1471946104914,12.777567626364217,7.742619790600209,0.21347969994159596,7.375091565719737,1069.8716310068603,1684.4386013795802,214.22427762127052,14.723464405427316,1118.226426459654,1069.8996228128963,7.374815285777878,12.776005359278447,True,128.43135797710252,0.21427142434322907,True,0.0007466586787803209,114.39273042597986,-0.0007917244016331093,214.23514139705637,0.25
0.9725731488607657,3.3646,899.9692302202957,5.000023806571687,0.8500003020991013,30.06,0.2,14.765030725241665,181042034.09896338,232.27120530109667,1141.8925680375569,12.84913897775147,7.18224541792625,0.7736216864404,7.549419783278458,1090.61199374195,1489.7554032278565,207.04681818415972,14.76452969908031,1141.8816540505068,1090.6117090784267,7.549350655864162,12.843662675176935,True,131.37811492583998,0.771498111178804,True,0.0005010261613556111,100.89309037525669,0.0021235752615960113,207.0538442035894,0.25
0.955246905106233,3.6226,899.9891321755763,5.215319806792989,0.8500328522724006,30.06,0.2,14.748821193346377,177823606.97634405,235.0625753512048,1134.981543936527,12.827603938219,7.3430434834086356,0.5348199691354418,7.269782343971167,1084.0762433106595,1561.6429612130282,208.59193507526308,14.74819621427546,1134.9850946781419,1084.0796742035711,7.26998594003964,12.821554268623641,True,129.18548846300394,0.5336262790040467,True,0.0006249790709169645,105.87708688820086,0.001193690131395142,208.60077450158275,0.25
0.9433262619171566,3.7136,899.8321291284277,5.008453354170248,0.8500431443530063,30.06,0.2,14.668294397518537,175606650.5889568,235.7285785437776,1133.150229237008,12.824169303876616,7.385579160949643,0.48758420645224143,7.134563830931928,1082.426033742809,1576.236360249878,208.86389479914718,14.667543890608615,1133.1616224183367,1082.4326651192473,7.134723155204452,12.817459395967234,True,128.27640685933218,0.48656888220827493,True,0.0007505069099220663,107.4521716844454,0.0010153242439664978,208.87458191878008,0.25
0.93659926175125,3.9873,899.9132291372727,5.000483441831461,0.8500221857225562,30.06,0.2,14.790837669214287,174350074.51681307,239.03186871269034,1126.9136694273982,12.794687509893599,7.5346424414548885,0.34306245913227895,6.88993726849655,1075.8061131496554,1667.4450552182043,210.84811920996896,14.78961698961137,1126.9950511611446,1075.834957500148,6.8897800851463975,12.78665076013435,True,126.30729477256239,0.34344982510555816,True,0.00122067960291794,112.72457394012795,-0.00038736597327920785,210.86552182415525,0.25
0.9595431672980527,3.4748,899.9951647802906,5.00616489317249,0.8501015173194957,30.06,0.2,14.689579320202501,178637805.02151847,233.2282010763155,1139.0790450967963,12.843318025958311,7.246952663371211,0.6699561628373539,7.397479020798201,1088.15227434083,1512.0476770452622,207.49486242709781,14.68902167363115,1139.0681602868294,1088.1511514594208,7.397587217028134,12.837434916596116,True,130.2997929269359,0.6680048146942636,True,0.0005576465713517109,102.92840814937958,0.0019513481430902813,207.50273965685324,0.25
0.9310794063223663,3.9396,899.7534733100943,5.0077829271299485,0.8500097312734483,30.06,0.2,14.67553944880963,173320001.41666326,238.2660528979005,1127.9303006423333,12.80440322421359,7.509356231965128,0.36648660202830735,6.910622756723922,1077.2236289221094,1639.6828434367653,210.3338114774707,14.674392954097614,1127.9938239393935,1077.2460248041366,6.910566720295301,12.796755594163681,True,126.54697342420523,0.3666067247463412,True,0.0011464947120156666,111.71907947369526,-0.00012012271803385488,210.35024463442457,0.25
0.9371192402137684,3.9999,899.9106623479153,6.4638079852024495,0.8500020141648916,30.06,0.2,14.74744758682557,174442729.9524311,240.18468668762802,1124.1386681797105,12.78997726377278,7.599999246785412,0.2960004016687082,7.000123735170816,1074.0304178508397,1673.081828593582,211.82245961844677,14.746389399682146,1124.2371699789871,1074.061262160108,6.999909601552624,12.785273689268184,True,126.74487285210438,0.29701489813552295,True,0.0010581871434247603,113.43981383552364,-0.0010144964668147294,211.83765980049688,0.25
0.9817177783558793,3.1754,899.9922237083456,5.003780803221922,0.8500537789436609,30.06,0.2,14.708821806219738,182755780.93009436,230.31928625437607,1147.1136465298414,12.86702880795773,7.061770266390525,1.0248498821241319,7.767721802410263,1095.7852449947366,1429.6276872288927,206.02047248697482,14.708230502176434,1147.112562232817,1095.7835625072466,7.767542114269195,12.861947390210352,True,133.1293830711106,1.0227401443650779,True,0.0005913040433043193,97.18990318326547,0.0021097377590539867,206.02875497468585,0.25
0.9513782745296165,3.9721,899.7510678063614,7.908219200061022,0.8500094877591536,30.06,0.2,14.861385640855085,177098575.6213488,241.2463993163772,1122.1937597626802,12.780385397412548,7.647125104665054,0.2635263215481469,7.195616708599492,1072.5244352499517,1687.7710359082341,212.85451385065687,14.860494562537365,1122.2828600071737,1072.5538542452055,7.19552061101709,12.779541961619545,True,127.68651344778517,0.2647175814937929,True,0.000891078317719618,113.55988586859202,-0.0011912599456459505,212.8672772241316,0.25
0.9448161430455881,3.6875,899.985152419525,5.000088205065624,0.8500001255479473,30.06,0.2,14.66893466032958,175875101.0741601,235.4257643433903,1133.8136874288566,12.826403426093242,7.3699779999009145,0.5053960397668712,7.158868357706177,1083.0775433710096,1569.0690715739124,181.9430436173489,14.668218425220783,1133.8210135497197,1083.0830197103332,7.159030262330292,12.819772488777708,True,128.4665954862931,0.5042510492380634,True,0.0007162351087970364,106.95916885709721,0.0011449905288077877,181.9519277225526,0.5
0.9587658974644193,4.0,899.9912941315699,24.784979040684632,0.9077194753095418,30.06,0.2,14.669594261213604,190590959.62596622,255.89797490626742,1103.011201128563,12.759450315449682,8.107407310636368,0.09250878900034668,7.811897921099676,1065.3245248230605,1711.8734681486678,197.5502988333558,14.670472515525475,1103.0552890515955,1065.3387283226257,7.81088982240625,12.755649416103346,True,139.1942893339964,0.09258302311187856,True,-0.0008782543118712738,116.70368557227101,-7.42341115318873e-05,197.53847239752847,0.5
0.9587925236734599,3.9989,899.816165317221,17.535437663625256,0.8651175191889293,30.06,0.2,14.686507624604882,181651007.4903152,249.04009279560347,1108.1461586206813,12.768294485719792,7.9820447661775376,0.12332329141897184,7.782500306635546,1065.0052482480896,1711.2684271358462,190.7802099535828,14.686708691191827,1108.2036843926614,1065.0287761216537,7.781843915394485,12.763908957581009,True,132.51851285825103,0.12348756246026311,True,-0.0002010665869445205,116.52157993735244,-0.00016427104129126957,190.77759810047954,0.5
0.9590640216141287,3.9999,899.4075994827671,16.530905458024872,0.8579020933214551,30.06,0.2,14.675949879317402,180186973.9624065,248.1727216648594,1108.4135730247442,12.769003920880857,7.9755029181864,0.12528505570709314,7.813401532790589,1064.492597268353,1711.5957035414808,189.85977709853842,14.67606091466803,1108.4864305788415,1064.5221700018506,7.812498671970422,12.763346425492392,True,131.5458372822823,0.12549209734703648,True,-0.00011103535062773062,116.62688438257712,-0.00020704163994333946,189.8583406676703,0.5
0.9587284691069119,3.9997,899.9594560262975,22.712028564600644,0.8948684131725549,30.06,0.2,14.673575574475468,187885328.1816905,253.83770864901595,1104.480301800471,12.762233473450149,8.071376217367561,0.10048384339014071,7.803684654324265,1065.2276709620774,1711.649713852051,195.51348817648685,14.674316635191042,1104.5104751479025,1065.2427525669177,7.802824277110316,12.76030584936147,True,137.18233957371345,0.1005661715234382,True,-0.0007410607155744486,116.6553690753025,-8.232813329749067e-05,195.50361464240314,0.5
0.9377529729871236,3.8136,899.9982968893538,5.144010873910184,0.8500008450679641,30.06,0.2,14.667369057492248,174560457.85280603,236.91101120307158,1130.6059123802067,12.815296226366035,7.445632777848168,0.4246424539443393,7.040655659274002,1080.0019747730955,1604.570615247639,182.21235976264822,14.666457827976531,1130.6386961805165,1080.0144544692798,7.040793708600411,12.80840702220797,True,127.52163077057911,0.4242110724888615,True,0.0009112295157169825,109.38938043249247,0.0004313814554778306,182.22368064750617,0.5
0.9410450373522171,3.7515,899.9433462584426,5.000058665857944,0.8500000417378215,30.06,0.2,14.668668468683036,175173102.1521294,236.12616729544777,1132.2867859960538,12.820975220945973,7.405961176171704,0.46521803147770824,7.092638681065979,1081.5735590331306,1586.801798922038,182.03803372320874,14.667912505686084,1132.3046979635333,1081.583768392164,7.092677251725889,12.814100543032419,True,127.95649450377488,0.4643776279177339,True,0.0007559629969513537,108.1696727916729,0.0008404035599743342,182.0474157001928,0.5
0.958796141754181,3.9989,899.0549624516336,17.670400063983394,0.8651175191889293,30.06,0.2,14.672496705800004,181651692.96500543,249.21028727993144,1107.7367508899943,12.768289464431039,7.991870118902437,0.12067971307419029,7.810490041238712,1064.6829344040032,1710.2689802554944,190.92882998781874,14.672691898414753,1107.7927155009609,1064.7059712944765,7.809800366637197,12.764159384235219,True,132.6456080714847,0.12084318782067524,True,-0.0001951926147487626,116.56467920844673,-0.00016347474648495397,190.92629003824342,0.5
0.9600653675454573,3.9999,897.9515737862222,21.539591320064496,0.8903314946668562,30.06,0.2,14.690117237305877,187193431.37727422,253.03408058404835,1105.210573007305,12.760272212376206,8.054109929134846,0.1044415281432976,7.812197699110994,1065.034494558524,1711.4564011999207,194.7821152132874,14.690711930706307,1105.2481994595184,1065.0486633684923,7.811447210155152,12.759364153244976,True,136.52462297769824,0.10461592204636753,True,-0.0005946934004299465,116.50945760635011,-0.0001743939030699332,194.77423025584045,0.5
0.9577129740725546,3.9998,899.9860975732299,11.791246513028721,0.8500043410611613,30.06,0.2,14.806819822032793,178276697.22843388,244.48312664965738,1115.0354213541436,12.765664297352142,7.8182815453264425,0.17834669739022235,7.515048781269745,1067.7884864512284,1709.910135524052,186.74249915246594,14.806269770972264,1115.1341345146957,1067.8210588296747,7.514706825397485,12.76756766485926,True,129.00666405858823,0.17945808005382874,True,0.0005500510605287445,115.47646259106915,-0.0011113826636063862,186.74943661283194,0.5
0.9598107722983056,3.9997,899.3064967073046,15.082599494292978,0.8502332162420478,30.06,0.2,14.68854075611197,178715307.48594266,246.96291759751804,1109.397076358398,12.767184543335919,7.952272954600275,0.132055593461588,7.812125407385593,1064.373777329695,1712.7180144586514,188.66175470814179,14.688268844471898,1109.47697643491,1064.4053628422469,7.811446369452425,12.762335017237792,True,130.36300507540574,0.13237257446921696,True,0.0002719116400715649,116.5999125221123,-0.00031698100762897474,188.66524724546423,0.5
0.9445560717647783,3.7152,899.998277793373,5.041433164655112,0.8500048031540279,30.06,0.2,14.686453847209437,175827657.0581877,235.7933382401712,1133.0800420772716,12.823130902043903,7.38737277381782,0.4849742609147773,7.1377855514159085,1082.3207950680116,1579.1002253488505,182.03290560690849,14.685684955304719,1133.0926802905767,1082.327366380042,7.137987220729733,12.81645336778298,True,128.2791888787171,0.48400307738518017,True,0.000768891904717961,107.51414936145412,0.0009711835295971305,182.04243622314732,0.5
0.9353838840110172,3.8583,899.9821288436804,5.000140898903269,0.8500071570537303,30.06,0.2,14.675408294623615,174120750.6309746,237.3201912875753,1129.8266280558148,12.81153257244149,7.4642663599340615,0.40658547125141425,6.98478141506118,1079.1185215413354,1617.1912326571892,182.22151191217242,14.674401113590923,1129.867908889115,1079.1342055825562,6.984869611898885,12.804215904221541,True,127.13155764280705,0.406287418187284,True,0.0010071810326923725,110.18863364476826,0.000298053064130277,182.23401872925652,0.5
0.9455187633312742,3.9999,899.305992808299,10.962488632815404,0.8500003933116825,30.06,0.2,14.670039215107796,176005947.4824393,243.56224654496899,1116.3549801671181,12.775589302987811,7.785266910390284,0.19422727780546267,7.412002876397538,1069.0633332529464,1687.2896993940274,186.05423055901346,14.6694055886165,1116.4492830442098,1069.093713165494,7.411704389262068,12.776216708895381,True,128.55176696483122,0.1952857860356914,True,0.0006336264912949474,115.01047958013777,-0.0010585082302287385,186.0622669370785,0.5
0.9591472539255131,3.9971,899.9997778592497,20.3269948418826,0.8819830608567343,30.06,0.2,14.692493780170565,185260826.47748357,251.5837314849562,1106.440150371107,12.761739762904135,8.024222682282797,0.111863965498728,7.778261065701418,1065.3945735843713,1711.4549834903535,193.34123674249847,14.69302316535498,1106.4840365659775,1065.4116226096728,7.777586545799562,12.759511928090458,True,135.09387443319335,0.11202774589849109,True,-0.000529385184414366,116.48985705176284,-0.000163780399763086,193.33427071616637,0.5
0.9584231585124083,3.9997,899.9460202952072,15.869411738452408,0.8557384635251893,30.06,0.2,14.685296980150477,179612441.8823786,247.56093822598845,1109.2660126678588,12.769059403635687,7.955070336489417,0.1312367111866077,7.775473681928849,1064.8993817428943,1711.0868783649848,189.30243379540758,14.685223602236213,1109.3419243475662,1064.9279379091236,7.77482828167061,12.763455516629728,True,131.0445841543263,0.13147973887532904,True,7.337791426387241e-05,116.51635407166216,-0.00024302768872133673,189.30337968619776,0.5
0.9513906187708618,4.0,899.9606634056585,12.804778873037874,0.850004644615563,30.06,0.2,14.678836784561009,177099864.41857114,244.98966435304501,1113.3813626764272,12.77025613448615,7.856699696466759,0.16467098015068263,7.574749316990585,1067.133250982665,1698.6647496008982,187.12865075462656,14.678366134272519,1113.4762382341546,1067.1644983909678,7.574354332489781,12.772593074945618,True,129.2717820215265,0.1656941836131085,True,0.0004706502884896935,115.71788233151852,-0.0010232034624258757,187.13465088792864,0.5
0.9586810255246652,4.0,899.3992501728217,19.64084647531525,0.8764122176341275,30.06,0.2,14.672269505899544,184001185.09741238,250.97553496265004,1106.4544692874374,12.763328854418061,8.023589290004228,0.11218164983870405,7.806861179771673,1064.879689856539,1710.9394194584681,192.67032802889926,14.67271968247721,1106.4977924033662,1064.8987111844915,7.8061320332055555,12.759385369944159,True,134.36099861263122,0.1122623466387438,True,-0.0004501765776652178,116.61453635001882,-8.069680003976176e-05,192.664416672943,0.5
0.958697803363802,3.9939,899.9999898853896,18.480890203747155,0.8696349595605725,30.06,0.2,14.675618044287415,182581507.1241382,249.77883563098968,1107.5058696461736,12.767106549752587,7.997628488761478,0.11906483643969044,7.797206711212082,1065.0834746070952,1709.4283537943425,191.53841438822815,14.675995880293044,1107.5467578044004,1065.1061759377494,7.79642460284677,12.764974037099526,True,133.29456136600172,0.11922492857251885,True,-0.0003778360056294616,116.48427426498796,-0.00016009213282840162,191.53348319923032,0.5
0.9591698671061152,3.9952,899.8554462630499,23.22864788982065,0.8989585098133716,30.06,0.2,14.679944289263615,188830976.8455532,254.34469750436978,1104.3224829867438,12.76299147790943,8.075049781495132,0.09959423947798457,7.801025381553623,1065.4695798045823,1710.5769520028273,196.08231863233675,14.680708429023083,1104.3546442296197,1065.4835775508252,7.800169493835926,12.755521289363822,True,137.8127661490215,0.0994552959696589,True,-0.0007641397594682076,116.53193135534826,0.0001389435083256757,196.07211242896994,0.5
0.958697803363802,3.9999,899.2799712853215,18.83097631043285,0.8714408622000583,30.06,0.2,14.670424694471992,182960659.80425054,250.23585405401002,1106.9329814956582,12.765524194350158,8.011681430532061,0.11531459858945439,7.811529991890371,1064.746337926126,1710.7734691392677,191.92897116656675,14.670768989268856,1106.970703291539,1064.7668729982381,7.810827448802074,12.759138629585538,True,133.61895242511514,0.11524465622985157,True,-0.00034429479686437503,116.61690162889488,6.994235960282313e-05,191.9244669619004,0.5
0.9392746286996371,3.9997,899.2353376206452,6.470145482255743,0.8500015394633743,30.06,0.2,14.769965507291019,174843853.2355494,240.3057416114765,1123.964135881016,12.788592633469333,7.604315212299735,0.2926265419266179,7.02252552922172,1073.7465775076946,1675.980515853181,183.56964039899046,14.76888901507582,1124.062100459199,1073.7769287945155,7.02231515895549,12.783935049925182,True,126.84278397921845,0.2936272843400924,True,0.0010764922151995648,113.46295763225804,-0.0010007424134744758,183.5830206396189,0.5
0.9428338276568058,3.9976,898.1322272877445,9.746587319471498,0.8500017576815131,30.06,0.2,14.670203424202972,175506435.1494641,242.70519248815583,1118.1844411710322,12.779921275370821,7.741319206114113,0.21490823944164741,7.327503121228996,1070.1442123560178,1680.1084550244695,185.44257633885897,14.669456434343648,1118.2656176145479,1070.1733466654046,7.327218831268026,12.778217037257246,True,128.1864872978336,0.21571531903096616,True,0.0007469898593246427,114.51870519032224,-0.0008070795893187488,185.45201934205627,0.5
0.9377529729871236,3.8064,899.9998507794277,5.0097801862525415,0.8500000622567342,30.06,0.2,14.667188885852292,174560297.0907462,236.7301326974566,1131.0047297741792,12.816346901245078,7.436261979021541,0.43390988557359916,7.035529067338145,1080.3206891552418,1601.8766738456218,182.1226449807489,14.666282099958071,1131.0338697413088,1080.3327444747824,7.03565486883647,12.809266026564693,True,127.52304126252959,0.43335121532831516,True,0.0009067858942213292,109.20709143492702,0.0005586702452839987,182.13390524728143,0.5
0.9603228448338781,3.9997,899.9594560262975,22.712028564600644,0.8948684131725549,30.06,0.2,14.694191436438082,188197783.49762058,253.9031184541079,1104.4490034449707,12.761084570252287,8.072341257568738,0.10012014211613296,7.81124700032824,1065.1325621151993,1714.4962056844845,195.5638687886604,14.694941300813365,1104.4788690767916,1065.1477848780946,7.810369263822828,12.759117136746672,True,137.21761672346278,0.10019873794609468,True,-0.0007498643752832379,116.68550173064511,-7.85958299617251e-05,195.5538894103631,0.5
0.9478135754813267,4.0,898.4652686460435,9.902053059968905,0.8500035103347673,30.06,0.2,14.736791070710298,176433768.00645506,242.9759784245954,1117.9191864230365,12.775649592549735,7.748337479010424,0.21050770820069115,7.350834806383662,1069.7570405405072,1690.324429175514,185.62548668372136,14.73605398627833,1118.0049285194923,1069.7874329902138,7.350547879661938,12.774283820211659,True,128.28141114503222,0.21138046127530816,True,0.0007370844319680714,114.69456727956319,-0.0008727530746170109,185.63477150695414,0.5
0.9589174243358031,3.9998,899.7153849500063,24.39767516773147,0.905627764621435,30.06,0.2,14.671756239711321,190181822.09383762,255.54984614098643,1103.2744130330236,12.761149164863683,8.100725931816733,0.09392914600557904,7.812257901636801,1065.292850465164,1711.702670099454,197.21658861771618,14.672600383148374,1103.317456561566,1065.3068098483197,7.811288717875319,12.75549825541096,True,138.87534086439828,0.0939262251198777,True,-0.0008441434370531908,116.67450527658815,2.920885701349074e-06,197.2052423611146,0.5
0.9554997767390198,3.9996,899.9983222444616,14.121059439744464,0.8500048151941968,30.06,0.2,14.678048464943933,177864813.3926961,246.05402493596333,1111.1672321038043,12.768696838201885,7.909699926756797,0.14576060573099162,7.701582782199509,1065.6629990790857,1705.898473797134,187.94349076408795,14.677696816246357,1111.2491547140091,1065.694741907662,7.701046736670669,12.770221488841534,True,129.8360671340544,0.1465145549956585,True,0.00035164869757586814,116.21795780190894,-0.0007539492646668755,187.94799351983855,0.5
0.9531911199662135,3.9999,899.7014468614515,12.985862651026313,0.8500027336789514,30.06,0.2,14.692443402321594,177434625.9784609,245.19992511719008,1113.002151252153,12.769080607893345,7.8659261363404305,0.1610602043418062,7.602820253875203,1066.7994204582174,1701.500743697156,187.29598439388272,14.691990051627931,1113.0955672245668,1066.8307733091347,7.602392052459581,12.77144321367652,True,129.39603632048502,0.1620501968318424,True,0.0004533506936628129,115.80388879670505,-0.0009899924900362012,187.3017637855204,0.5
0.9478135754813267,4.0,898.4652686460435,10.370605078964232,0.8500035103347673,30.06,0.2,14.71714911852729,176433768.00645506,243.30026151172044,1117.1295929484932,12.774869432702422,7.767101028638351,0.20187553451487905,7.389555724495084,1069.3024451534948,1690.324429175514,185.87322807059087,14.716455057865451,1117.2198611476808,1069.3326670894287,7.389253673745223,12.774491620956175,True,128.45225243689558,0.20284605796170377,True,0.0006940606618393019,114.84800907482486,-0.000970523446824717,185.8819942642962,0.5
0.9374441326772803,3.9984,899.8200503316361,8.163371454791058,0.8500002338290021,30.06,0.2,14.680044226899149,174502842.48702997,241.3246594439286,1121.270334252947,12.786383218815534,7.667665891797146,0.2544574394933534,7.141870558172792,1072.3697332240981,1672.9833613172118,184.34310899833451,14.67916435634883,1121.3669482845664,1072.4000567492956,7.141650532337095,12.786006889261715,True,127.36919261704364,0.2557625133894676,True,0.0008798705503192394,113.95546682688496,-0.0013050738961141728,184.35415854235654,0.5
0.944879281269798,3.6946,899.843283227475,5.008560033164622,0.85000843894897,30.06,0.2,14.673938480985564,175888574.34877464,235.53308985235407,1133.5962500932762,12.825510681104703,7.375117434324967,0.49928012716315273,7.156486348711804,1082.8447317768948,1571.6776312787317,181.97972265937767,14.673212004506558,1133.6047932444567,1082.8504751975217,7.156653805842729,12.818871140646632,True,128.43271390561029,0.498179353677511,True,0.0007264764790058109,107.10037594674378,0.0011007734856417484,181.98873254679208,0.5
0.936173887044736,3.9945,899.9798326364435,7.5032427727954865,0.850004059678851,30.06,0.2,14.688373369399166,174267173.86403534,240.77636433715728,1122.515197297067,12.789099372396626,7.638048930890928,0.27226121239801265,7.08327050463572,1073.2154511107135,1669.4648465102734,183.9468977745653,14.687437229284289,1122.6129835236598,1073.2454918190533,7.083064919317886,12.787093152705657,True,127.12553335564886,0.2734889659613209,True,0.0009361401148773041,113.65083098150842,-0.0012277535633082315,183.95862208475813,0.5
0.9374901200045572,3.9989,899.8217056120487,7.659531492830462,0.8500003168307886,30.06,0.2,14.701788545665353,174511419.95199853,240.99195514679306,1122.1109865581218,12.787303897758889,7.647822043770578,0.26595991942174063,7.100745001660985,1072.8460693291404,1673.2475520032076,184.08569687740226,14.700857449851954,1122.209753494571,1072.8765840085944,7.10052718943783,12.785689011895064,True,127.18749366488431,0.26721731721648234,True,0.0009310958133994518,113.80446148190875,-0.0012573977947417103,184.0973561579751,0.5
0.9396228818919603,3.783,899.866160154614,5.037153669670214,0.8500142269178915,30.06,0.2,14.672101962587597,174911290.53685746,236.51517110993268,1131.4700353461992,12.817998095450006,7.425261820488309,0.44489164680206855,7.065986130110119,1080.7731585081488,1596.125164757455,182.1219707073109,14.671236407361521,1131.4946875413937,1080.7836145757544,7.066133847671908,12.811058258639232,True,127.73630588666654,0.4442376099617509,True,0.0008655552260758981,108.77886522326614,0.0006540368403176733,182.13271531118423,0.5
0.94131022253775,3.7644,899.981240718201,5.004728155833842,0.8500017433879798,30.06,0.2,14.682882598897214,175222816.47429317,236.29772189139462,1131.9817769172198,12.819212172412684,7.413281093995305,0.45699977709466283,7.082609911754309,1081.2285221798268,1592.1443895507846,182.0800170631082,14.682045026302067,1132.0025261457558,1081.2380539309058,7.082768456245882,12.812286416050156,True,127.86960644816112,0.45623553085407864,True,0.0008375725951470514,108.4281154432335,0.0007642462405841877,182.0904042559102,0.5
0.9478135754813267,3.9873,899.9232584644949,11.413007447699512,0.8500011957442208,30.06,0.2,14.679134908022228,176433287.5708727,243.7323356402701,1116.001160303593,12.774980636046577,7.793741808563048,0.19035581056583384,7.455575521000681,1068.968146771223,1687.423183765814,186.25540684511242,14.678650473759602,1116.0945002469907,1069.0001263934714,7.4551357714229685,12.776318401696443,True,128.78272808010345,0.19143827185249376,True,0.0004844342626260101,114.94960756016664,-0.0010824612866599248,186.26155376582807,0.5
0.9319304060163378,3.9095,899.998594986635,5.00119292926377,0.8500037564708705,30.06,0.2,14.66708774394051,173477195.21965906,237.8779693642373,1128.6725760792733,12.807512679976917,7.491631985281643,0.38197288347440284,6.931745230219699,1078.0016010405366,1630.2928145193134,182.30140082584953,14.66599924466247,1128.7273023585803,1078.0215281490741,6.931739205424006,12.799984656135935,True,126.73423770785989,0.38193561283672234,True,0.0010884992780404446,111.1437316563774,3.7270637680497654e-05,182.31493109677578,0.5
0.958697803363802,3.9971,899.8658333350144,18.690666676829377,0.8714408622000583,30.06,0.2,14.680718181103607,182960659.80425054,250.04013958299504,1107.3681284377237,12.766075365691925,8.001124119724313,0.11806929960816796,7.789097611883131,1065.0982433742442,1710.4760395647893,191.78426890745683,14.681066987698983,1107.4038850733148,1065.1189035247216,7.788431594494746,12.764621959792828,True,133.52522573866503,0.11822835716788391,True,-0.00034880659537606107,116.51491384433001,-0.00015905755971594437,191.77971231644472,0.5
0.958994153001586,3.9988,899.9806665231922,24.21696458941525,0.905627764621435,30.06,0.2,14.68299593536698,190197039.66846403,255.37246758086536,1103.663203953223,12.761687845033832,8.091221818657921,0.09593385827111885,7.791549697718983,1065.5635725264235,1711.8074784752241,197.08029457985035,14.683827262540527,1103.705241388095,1065.5772210569298,7.790634349000404,12.755437460031647,True,138.78026406765852,0.09590138030730544,True,-0.0008313271735467254,116.59220351320684,3.247796381340706e-05,197.06913684819597,0.5
0.9318695343258688,3.9997,899.2297031620133,5.998764732769123,0.8501022823568747,30.06,0.2,14.68710179682883,173485970.88861716,239.77081514112948,1124.8060232441917,12.794746931395425,7.583602563766096,0.3086524579089391,6.955870687530364,1074.6088090115447,1662.760110365498,183.1646809504986,14.68599712518435,1124.8998325775199,1074.63805569588,6.95561976830226,12.788966932388847,True,126.56806641568542,0.30949489462515944,True,0.0011046716444802485,113.20274872544405,-0.0008424367162203628,183.1784584848118,0.5
0.9374901200045572,3.9989,899.8217056120487,7.929768895999388,0.8500003168307886,30.06,0.2,14.690678593842671,174511419.95199853,241.17420738206127,1121.6541842655797,12.786751819172647,7.658610586588626,0.2596306524262885,7.122656928589232,1072.582880129253,1673.2475520032076,184.22491326624967,14.689776846203216,1121.752050443904,1072.6133916407678,7.122433819110386,12.785806660263376,True,127.28343210024191,0.26091809461038845,True,0.0009017476394550528,113.89077528181936,-0.0012874421840999295,184.23622210929105,0.5
0.9599829235695015,4.0,899.83859119872,19.220963240657156,0.874302629028156,30.06,0.2,14.697117923316577,183807554.63368633,250.60770543900222,1106.8843553090264,12.763352303424632,8.01324509763159,0.11469147342756192,7.797332517669305,1064.9475259636195,1713.8443425393048,192.30224883582912,14.697537812596513,1106.9256641736986,1064.9676190263467,7.796620860216056,12.758146228009835,True,133.99296412094628,0.11470067185289268,True,-0.0004198892799358589,116.61474131805593,-9.198425330758653e-06,192.29675501408678,0.5
0.9448161430455881,3.7072,899.9426067313307,5.000640034327548,0.8500008958085647,30.06,0.2,14.684614706496333,175875260.4502118,235.6770053024697,1133.3281370601767,12.82400044148294,7.3815299010735735,0.4916046152076607,7.143212380921485,1082.5450307597712,1576.448227509677,182.00013808401036,14.683862278445172,1133.3387629675142,1082.5513680738122,7.14339477835908,12.817295188359907,True,128.32984638545074,0.4905621288926237,True,0.000752428051161047,107.34715891701896,0.0010424863150370056,182.0094641050948,0.5
0.927994467867926,3.9855,899.9539273027137,5.013027131514933,0.8500006633234592,30.06,0.2,14.66884478154712,172743898.68736267,238.7603344613093,1126.953492892389,12.800775190964389,7.532633669657695,0.34751921755121,6.860800853897855,1076.2846358477402,1651.5108002671934,182.46718987964684,14.667650034157914,1127.031539338305,1076.3120195290742,6.860600582935911,12.79293026955193,True,126.18432275284967,0.3478767681139571,True,0.0011947473892064409,112.57601170845963,-0.00035755056274711094,182.48205266940641,0.5
0.9478538214969318,3.9998,899.9860975732299,11.791246513028721,0.8500042989241497,30.06,0.2,14.674038372986377,176441423.42193374,244.15578310107057,1115.1152398956272,12.772974191408526,7.815072465243066,0.18129519459085688,7.475697078172737,1068.3118979760234,1692.307507833787,186.49246422393114,14.673485950058236,1115.212741011793,1068.3430051122934,7.475368439730415,12.774736305458557,True,128.83399546720244,0.1824020576183441,True,0.0005524229281412829,115.32178763386813,-0.0011068630274872204,186.49948523540132,0.5
0.9393819024265988,3.7824,899.9977560353059,5.000027224134437,0.8500001151534117,30.06,0.2,14.6710164211553,174863528.9862581,236.4657248163735,1131.576704817293,12.8182482040926,7.422764139979616,0.4474907529035335,7.060184464888969,1080.867361690711,1595.6547212543555,182.08453283047078,14.670145983777848,1131.6007062033202,1080.8778019798367,7.060335044024403,12.811247273802216,True,127.71091798532862,0.44680651086227846,True,0.0008704373774524043,108.75480683104487,0.0006842420412550565,182.09533662093114,0.5
0.9584136056944305,3.9997,899.9460202952072,16.10878499061154,0.8557384635251893,30.06,0.2,14.674878971738979,179610651.644999,247.7342177495403,1108.867815778407,12.769289492484035,7.964564598387302,0.12848998604696757,7.795858312464021,1064.6678513071336,1711.0698235793736,189.43493545649486,14.674923814343577,1108.9442953584928,1064.6989093776717,7.794980891801856,12.763566731197542,True,131.1352524483031,0.12872481302073208,True,-4.484260459847178e-05,116.5989653012372,-0.000234826973764507,189.43435659448403,0.5
0.960180315422938,4.0,899.3620583824552,21.139798248969825,0.8863072056571392,30.06,0.2,14.696127215636627,186369630.2516283,252.47355024499768,1105.5584440534924,12.759996364016086,8.045773226578387,0.10642221142237195,7.804102778565555,1065.0644979973245,1713.56594600218,194.17363487072984,14.69672942437915,1105.6012373676288,1065.0806838488195,7.803337129561201,12.758781653180767,True,135.86815197600237,0.10661660499404117,True,-0.0006022087425225919,116.60539826899532,-0.00019439357166922688,194.16567847056012,0.5
0.9322301611965768,3.9992,899.2353376206452,5.8296546236470945,0.8500012820148373,30.06,0.2,14.69789342918457,173532488.94182274,239.66029454188876,1125.0839710291998,12.794903330257554,7.577106072885087,0.31307417263416154,6.945488135530026,1074.7480032943556,1663.2248011498502,183.0799141913515,14.696763963104786,1125.1764653439661,1074.7772586576739,6.945242756097324,12.7887037090197,True,126.50925550014964,0.31385231949121173,True,0.00112946607978337,113.15103904173912,-0.0007781468570501882,183.0939841290254,0.5
0.9587030412114909,3.9989,899.737127887701,12.1598794633106,0.8500680190621356,30.06,0.2,14.801535526543189,178474365.99028912,244.78741482174038,1114.3789894167417,12.764928730717553,7.833976138289785,0.17207805886915953,7.554887511230911,1067.3505912400751,1711.0042670387,186.98921327804234,14.801011782123727,1114.476398906978,1067.3826979574596,7.554527366119037,12.767194426058284,True,129.1955832509701,0.17316499811528321,True,0.0005237444194623464,115.5918315707703,-0.001086939246123686,186.99583002549147,0.5
0.95916454847946,3.9975,899.8369500825962,20.767826919816883,0.8832908947468067,30.06,0.2,14.681126915921245,185538882.83214837,251.9793209097162,1105.8686445050907,12.761250769297462,8.038070842663913,0.10843716948928739,7.801513784466938,1065.1365230042793,1711.423788690173,193.6927943204601,14.681693077600922,1105.913287762589,1065.1534232857848,7.800779066635516,12.759655624677174,True,135.40104613723852,0.10862921544805654,True,-0.0005661616796768243,116.57827477247767,-0.0001920459587691492,193.68532505671823,0.5
0.9612158565290271,3.9971,899.9997778592497,20.3269948418826,0.8819830608567343,30.06,0.2,14.719443928166902,185660380.37956902,251.66470113180867,1106.4050067088865,12.760250737446068,8.02533904707088,0.11137249729926951,7.787710042252635,1065.2746891420488,1715.1460957988706,193.40346163903155,14.719987799880448,1106.44908912365,1065.292063221545,7.787006328643164,12.757966717834387,True,135.13722893342506,0.1115340572214027,True,-0.0005438717135461957,116.5274721983836,-0.00016155992213318093,193.3963157994074,0.5
0.9296798194796225,3.9608,899.9803010160347,5.016928709972179,0.8500026687228269,30.06,0.2,14.67393900074101,173058031.05793047,238.48868413779468,1127.4972059773936,12.802675856952083,7.519693101627919,0.35790568556764163,6.885521982930997,1076.8137744073806,1645.3752134985916,182.42414640816725,14.672766202265299,1127.5675656871192,1076.8384339692248,6.88541475630675,12.794941278476777,True,126.36970863886133,0.3581418945820432,True,0.0011727984757108345,112.11897549893335,-0.00023620901440157827,182.43872762331722,0.5
0.9586724740343479,3.9998,899.4200266592661,16.317998859802803,0.8575262529909182,30.06,0.2,14.677199667793747,180034504.5046401,247.99118956103936,1108.7104324297013,12.769229501944327,7.968346363702647,0.12735583347821722,7.7989888246733265,1064.6555013158782,1710.8750853484908,189.70775934026392,14.677188185756012,1108.783836537718,1064.6827523425673,7.798307893307438,12.763559832099654,True,131.42443193339855,0.12757036759489176,True,1.148203773482237e-05,116.56675762764081,-0.00021453411667454736,189.707907749593,0.5
0.9323615685372065,3.9132,899.9949191695084,5.091916914053469,0.850011144466803,30.06,0.2,14.672269368034653,173558963.87266994,237.99864106947987,1128.4335771672274,12.806649276674126,7.497311788992956,0.3768767342168978,6.937664507127678,1077.7978664799105,1632.4198437904258,182.36921514894527,14.67118724728155,1128.490869838282,1077.8183133883854,6.9376501379607,12.799255563194397,True,126.74913733050059,0.3769122341561502,True,0.0010821207531037658,111.24950373897929,-3.5499939252392476e-05,182.38266637883646,0.5
0.9586988359078944,3.9998,899.8396723504685,21.116418151338525,0.8863072056571392,30.06,0.2,14.68288967371995,186082077.18996987,252.34905255550842,1105.743702006528,12.761017570793006,8.04112320349882,0.10766478301643197,7.785133638553633,1065.298311737918,1711.4767566191824,194.06771983929062,14.683498743844252,1105.786865621781,1065.3146808537824,7.784387002281351,12.759781996891778,True,135.78075471671474,0.10786258840319565,True,-0.0006090701243017804,116.56829783879368,-0.00019780538676368586,194.0596699288226,0.5
0.943603304715926,4.0,899.9812974788333,10.463620559368007,0.8500010191949057,30.06,0.2,14.672030481322517,175649518.9994546,243.09837940312204,1117.3659081801502,12.777587275498915,7.761035585551053,0.2053442764946859,7.349087975378047,1069.8151228504971,1684.7877004256989,185.68343255679315,14.671364998653022,1117.4569240332596,1069.8461065552858,7.348816710198978,12.777201000931221,True,128.27430387764164,0.20633832228417803,True,0.0006654826694951765,114.8240755254804,-0.0009940457894921373,185.6918550250768,0.5
0.9323172331469267,3.9989,899.927569593676,6.521126743256706,0.8500024009345699,30.06,0.2,14.677830370371078,173548925.63906908,240.0634673848068,1124.0828475653584,12.793338386511188,7.600699483253642,0.2969252022414674,6.9874391140787635,1074.2513826055113,1664.1580776929925,183.37395552574176,14.676784197287306,1124.180483575369,1074.2812546324442,6.987219323101257,12.78882173747812,True,126.69347383659101,0.2979519572074409,True,0.001046173083771862,113.3699935482158,-0.0010267549659734865,183.38702657004936,0.5
0.9587695446478636,4.0,899.0549624516336,14.543395694746998,0.8500011067404258,30.06,0.2,14.69357730502859,178472697.00319412,246.56009837827708,1110.1943176384966,12.767057655762525,7.93322849334827,0.13792797907923493,7.770753666000579,1064.8342894623313,1710.6423979653032,188.34954956318802,14.693331108509033,1110.2694963181625,1064.867742990049,7.769973141708311,12.762893895829764,True,130.14118131347288,0.13826176633240359,True,0.0002461965195568183,116.41891706480419,-0.00033378725316865476,188.35270548496098,0.5
0.92987743032147,3.9999,899.8371608360411,5.24972103412964,0.850000801456456,30.06,0.2,14.695246727815235,173094435.66850045,239.16860766837655,1126.2026705363196,12.797370007137307,7.55066332168478,0.33278841917939356,6.877860477729268,1075.5715476724604,1660.058459929474,182.68577037149376,14.694055312214015,1126.2894502829586,1075.6008442648174,6.87762773131663,12.789873205156283,True,126.21316579391073,0.3333349903076224,True,0.001191415601219603,112.95544187446582,-0.0005465711282288677,182.70058280225686,0.5
0.9283846713841455,3.9999,899.8400342717697,5.164272322877743,0.850000801456456,30.06,0.2,14.677838971795298,172816562.20107374,239.0678594271472,1126.3515465818307,12.798526326606348,7.547000600740972,0.3360049604671668,6.865596799378321,1075.7324296204874,1657.3935204205281,182.60881516302393,14.67664258212217,1126.4367268339763,1075.7615022303057,6.865352625779465,12.790885834369655,True,126.1600541964823,0.33650807719528825,True,0.0011963896731277401,112.90780523066489,-0.0005031167281214222,182.62370080866535,0.5
0.9429990316265641,3.9998,899.2667453870987,8.827580062435077,0.8500012853174544,30.06,0.2,14.724174389643071,175537089.95389888,242.01418684482056,1119.9576370340783,12.78101638811327,7.699417226509247,0.23580892015760346,7.227465704743457,1071.2598673727512,1682.7045566504548,184.87330708744472,14.72334748123121,1120.048879450139,1071.2905487390872,7.2272242522479155,12.78230248336341,True,127.73960117547065,0.23711435266656128,True,0.0008269084118612824,114.2745856693499,-0.0013054325089578156,184.88369014014074,0.5
0.937745285926827,3.8135,899.9644927340232,5.017735107883628,0.8500565546541122,30.06,0.2,14.67246806256738,174570467.63266575,236.8296591157239,1130.8291656207205,12.815475227201253,7.440458951080537,0.42958220669247354,7.030214675079367,1080.133514617406,1604.477742151331,182.15318153508093,14.671549975526021,1130.8600314160255,1080.1460170705452,7.030338315744669,12.808377485221008,True,127.48468093779489,0.42906571590362214,True,0.0009180870413576514,109.34497817792901,0.0005164907888514092,182.16457995418378,0.5
0.9587561255440986,4.0,899.8087848974678,23.884691958040502,0.9028005847741373,30.06,0.2,14.674679429361186,189556223.87567937,255.03618773347418,1103.7199011616324,12.76243521725407,8.089714527293843,0.09632194829339244,7.801890142164909,1065.3620522691685,1711.614756349975,196.71754559246202,14.675488712148246,1103.7598740260369,1065.3759792142375,7.800978756755618,12.755384281035397,True,138.3912714159853,0.09624606841864602,True,-0.0008092827870598285,116.64491631748888,7.587987474641511e-05,196.70669756370583,0.5
0.9297448948351202,3.9662,899.9803010160347,5.010688368917637,0.8500136944070118,30.06,0.2,14.679270565634585,173072389.65848973,238.5569518361719,1127.3900343488078,12.801971938664645,7.5223015052477855,0.3556333066946333,6.88094063321706,1076.6847821717126,1647.4950092609783,182.440573236342,14.678096382940856,1127.4621178237464,1076.7102030222686,6.880806492528626,12.794195881011598,True,126.33430001252765,0.3558948378357546,True,0.0011741826937292643,112.22265182364424,-0.00026153114112131837,182.45516767407693,0.5
0.9478135754813267,3.9999,899.9986047309844,11.454022086177659,0.8500046645984558,30.06,0.2,14.687847616110384,176434007.59498543,243.91961997263465,1115.6810324491555,12.773250488410971,7.8016268652256855,0.1868200074835482,7.447199867294401,1068.6409965861108,1692.2898416484827,186.3111164709952,14.68726072317365,1115.7781728301197,1068.6720865532573,7.446900552758297,12.774601747644967,True,128.70775583812585,0.1879242203783867,True,0.0005868929367345288,115.2118641345088,-0.0011042128948385022,186.31856133633482,0.5
0.9352528545309504,3.8767,899.9817189520865,5.0002352888345385,0.8500071286965314,30.06,0.2,14.687896335257363,174096353.81959948,237.55296310658653,1129.4061906233496,12.809351856400284,7.474356912972297,0.3969098683237581,6.969744996156525,1078.6575290197945,1623.835219604194,182.27495791988457,14.686859256479435,1129.4524665887197,1078.6749022139484,6.969803929214767,12.801945876918653,True,127.00592033083174,0.39671065139260236,True,0.0010370787779283575,110.54704277575479,0.00019921693115571015,182.28782884669783,0.5
0.9612868100785034,3.9999,899.366580458592,19.220963240657156,0.874302629028156,30.06,0.2,14.708985657442636,184057209.27321714,250.7004811289153,1106.7521588566135,12.762498776572015,8.016579025053936,0.11372256824129677,7.813383704175491,1064.7580407446253,1715.5082533118568,192.385506416712,14.709398157860111,1106.7933533990047,1064.7779124112544,7.812656384037209,12.757307174470743,True,134.06677192115757,0.11373174522996124,True,-0.0004125004174753144,116.63370920775773,-9.176988664469365e-06,192.38011128763455,0.5
0.9350427387630366,3.9962,899.3064967073046,5.396785322515894,0.8500356685648796,30.06,0.2,14.753505565196184,174063085.13807338,239.41269864834882,1125.9034183406388,12.794121693990103,7.558193515918074,0.32577643596849337,6.921340752594216,1075.1262914176903,1667.2149554076934,182.9103660996464,14.75232170614971,1125.9914521176895,1075.1555479366907,6.921124760628976,12.786901030329377,True,126.41817766907312,0.32637061667820383,True,0.0011838590464741117,112.9945209792757,-0.0005941807097104568,182.92504447339084,0.5
0.9587483715392178,3.9989,899.7380246253696,12.1598794633106,0.8500680190621356,30.06,0.2,14.802153318337611,178482804.78849193,244.788772016388,1114.3788238853165,12.76489481899943,7.833986184522075,0.17206689656331225,7.555050507404918,1067.3484058011327,1711.085168403182,186.99025001744994,14.801635896044719,1114.4762465244212,1067.380663991799,7.554677962493573,12.767161084061803,True,129.1962441869005,0.1731538570836795,True,0.0005174222928925332,115.59252782948752,-0.0010869605203672472,186.99678665465626,0.5
0.9322606256475806,3.9993,899.5617945843248,5.6713667609426075,0.8500024307900482,30.06,0.2,14.708180304065767,173538394.3654475,239.53172401366763,1125.4286125521025,12.795115657141219,7.569051916665266,0.3187113623251087,6.926206033995472,1074.9818382173066,1663.7358457069483,182.97354307924422,14.707029691692714,1125.520155310748,1075.0112425357377,6.925982225410235,12.788522120235431,True,126.42525231862729,0.3194352352917103,True,0.0011506123730526951,113.10647169504034,-0.0007238729666015908,182.9878581127365,0.5
0.9584863408466909,3.9991,899.973225753876,13.66226916881084,0.850015293613163,30.06,0.2,14.736778312203246,178422957.18513578,245.8258158830845,1111.90836838639,12.765899700635975,7.892535890059765,0.1510323458838265,7.6759632843926315,1065.9531278775187,1711.0060108161958,187.7735749329935,14.736387051875818,1111.9952129462874,1065.9851482340716,7.675474809830503,12.767923370551664,True,129.72477816575616,0.1518855516405916,True,0.00039126032742764494,116.10103771732832,-0.0008532057567650908,187.77856043928836,0.5
0.9416956300783031,4.0,899.960131174682,9.631269217323064,0.8500015904770427,30.06,0.2,14.680398074677091,175294527.7011547,242.4668883874398,1118.7722527608403,12.780358609002894,7.7274006985039385,0.22175319096065663,7.273720118345105,1070.7174270531832,1681.3547875149727,185.20158880352656,14.679652440798206,1118.8554339170537,1070.7482449330598,7.273483041444734,12.78338156401445,True,127.94278757725266,0.2230449031196258,True,0.0007456338788855987,114.52410081018715,-0.0012917121589691716,185.2109958776785,0.5
0.9530611627997805,3.9974,898.4165885859036,13.080431661683043,0.8500026972275998,30.06,0.2,14.67107520395901,177410427.10307583,245.34374681215613,1112.589080213849,12.769776322254764,7.875626409853499,0.15773208908240688,7.639561896716449,1066.4542003893025,1698.6305556264083,187.4532877963087,14.67060746303103,1112.679888915181,1066.4839498467506,7.63912596131496,12.77224393144107,True,129.5669596140289,0.1586867068800362,True,0.0004677409279789657,115.77678719812724,-0.0009546177976293146,187.4592643432927,0.5
0.9421542444848966,3.9909,899.9463706262677,9.26953819686906,0.8500003322665967,30.06,0.2,14.694607468007307,175379638.13829952,242.11598947969932,1119.5717454632697,12.78186616361443,7.708329490354352,0.23148397360200754,7.253353109342389,1071.2634339980114,1678.7318756505874,184.9953117308899,14.693840603799384,1119.6564772703023,1071.2934304147936,7.25315144374285,12.784113275766574,True,127.88130769541019,0.23277583845347163,True,0.00076686420792349,114.23468178428914,-0.0012918648514640974,185.00496654388436,0.5
0.953215888100917,4.0,899.9626106946143,13.552849844610865,0.850004644615563,30.06,0.2,14.671647381208526,177439635.42797816,245.57996402897203,1112.1180480075036,12.769546921849912,7.886881508707969,0.15369085237047547,7.64482468375546,1066.3144552518795,1701.9236851089001,187.57953500800446,14.671240113694756,1112.20688850709,1066.345814234977,7.644361995973481,12.771590738529692,True,129.58270304903863,0.15457714028501607,True,0.000407267513770293,115.9972609799334,-0.0008862879145405955,187.58474213775386,0.5
0.9598265171913559,3.9975,899.8455005770489,20.8291570583526,0.8832908947468067,30.06,0.2,14.687108138133485,185666932.74336508,252.0513072371336,1105.7558649995508,12.76074759111845,8.040879265211515,0.10769433299470563,7.809774897837114,1065.038636089602,1712.6162406422056,193.74792223666566,14.687684217844362,1105.8007619394075,1065.055710370865,7.8090180820402395,12.759185909610599,True,135.4392248364556,0.10788806941077564,True,-0.000576079710876698,116.61208240067802,-0.00019373641607001169,193.74032306409566,0.5
0.9298077138061975,3.999,899.9729088835895,5.010688368917637,0.8500136944070118,30.06,0.2,14.704756066803936,173084083.43546084,238.98704668790936,1126.664069333511,12.797862535458366,7.539866106578,0.3409451190005277,6.856300790123757,1075.8685556881992,1659.773902148796,182.5504116764744,14.703535699420046,1126.747468135487,1075.8976623754909,6.856080336447942,12.789901429836625,True,126.12424388481888,0.341378119039391,True,0.0012203673838904194,112.86280280309047,-0.00043300003886331817,182.56556303686008,0.5
0.9366144628378901,3.9999,895.6890627346013,6.6747247508566545,0.8500060111975295,30.06,0.2,14.688284268328413,174349586.5843439,240.65200775250682,1122.7755527847696,12.79060160183052,7.631695843669753,0.27627494163196964,7.101506854203408,1072.7829064443222,1666.7338147805372,183.9151627836758,14.6872176178547,1122.869742732863,1072.8101571846237,7.101156010373018,12.786731668254252,True,127.18755406479171,0.27725593205667626,True,0.0010666504737137927,113.4644536877151,-0.0009809904247066181,183.92851951335808,0.5
0.9319519059877268,3.9349,899.9549894537921,5.056855305205636,0.8500083669771127,30.06,0.2,14.684162107585584,173482138.38080996,238.24742920442122,1127.997020865199,12.804296402072792,7.507830903742846,0.3675600775365493,6.917328934170554,1077.2987569520578,1639.726675215991,182.4142579549382,14.68303477396712,1128.0603160916735,1077.3211648520312,6.917280166599269,12.796736002685645,True,126.59080534446278,0.36768865764532455,True,0.0011273336184629557,111.65662385995844,-0.00012858010877525583,182.42826335155036,0.5
0.9311905076250834,3.9989,899.8213986263175,5.382752261326815,0.8500006469031358,30.06,0.2,14.707302799794348,173338830.3164626,239.28287212694784,1125.9918984494775,12.796375697375934,7.555735820652533,0.328654477920999,6.894314531512949,1075.3945776987198,1662.003901784822,182.78019708145746,14.70612774697331,1126.0803170699076,1075.4240613403456,6.8940862529525155,12.789140395061875,True,126.2876118951778,0.3292584656561904,True,0.0011750528210381361,112.99526023177003,-0.0006039877351913803,182.79480163201663,0.5
0.9313008258419282,3.9349,899.9549894537921,5.056855305205636,0.8500083669771127,30.06,0.2,14.675079570440452,173360940.30693436,238.22833524668098,1127.9985443232856,12.804734413143857,7.507717647406686,0.36788348874747306,6.914974165547351,1077.332066129876,1638.581129532882,182.3996386570753,14.67395723176598,1128.0616278574632,1077.3544628228037,6.9149155177336326,12.797183957513571,True,126.58062285507877,0.3680094328261755,True,0.0011223386744720898,111.64771239160221,-0.0001259440787024224,182.41358950655928,0.5
0.9332190000354903,3.9996,899.8989653785584,6.911748334537146,0.8500005400673921,30.06,0.2,14.674649137514246,173716407.37185925,240.36274470334928,1123.3960981811115,12.791791293612977,7.61699309067485,0.28605371445920735,7.022264471913178,1073.7988873942036,1665.9917224102119,183.59846683890365,14.67362913294408,1123.4952208217273,1073.8285852710605,7.022071580853277,12.788271596962733,True,126.8430055699461,0.28718469837368665,True,0.0010200045701651561,113.51973913340318,-0.0011309839144793,183.6112292764407,0.5
0.9478135754813267,3.993,899.9983150682037,11.738845309894025,0.8500009041487426,30.06,0.2,14.670613537189164,176433227.04490036,244.02757162991813,1115.3510702284882,12.773943799581648,7.8093124731505625,0.18375859371414366,7.476463191290484,1068.5325900618966,1689.6781917487715,186.4404029861005,14.670054916603204,1115.4465917494124,1068.562740816008,7.476180344794223,12.77566598288004,True,128.85814094077082,0.18485710913906364,True,0.0005586205859593463,115.1694306891473,-0.0010985154249199824,186.4475024446748,0.5
0.9344541069870319,3.8848,899.9512069859727,5.032137031457504,0.8500026826451003,30.06,0.2,14.681429545210635,173946757.9369767,237.65719100860062,1129.1612388377223,12.808847407377081,7.4801030097804535,0.39186552140304026,6.963715663076996,1078.4531297900178,1625.4320420949718,182.30045489889326,14.68046043797621,1129.2099894693176,1078.4731349039246,6.963605041649773,12.801466261283629,True,126.95209877677303,0.3917227139111447,True,0.0009691072344253371,110.70509223182759,0.00014280749189554687,182.3124891733241,0.5
0.9591698671061152,3.9991,899.2695492033041,23.22864788982065,0.8989585098133716,30.06,0.2,14.676647122600885,188830976.8455532,254.45081799846128,1104.1004214998593,12.762514982085007,8.080501578080401,0.09837392012189997,7.810309544705608,1065.2310808563832,1711.2958281896313,196.15085977590613,14.677404767341486,1104.132807587705,1065.2451043426333,7.809428702917868,12.755112214137656,True,137.84378571698863,0.09824073386363609,True,-0.0007576447406005826,116.60703228147264,0.00013318625826387598,196.14073450719349,0.5
0.9313937307054351,3.9996,899.8522302028321,6.45200453197175,0.8500005400673921,30.06,0.2,14.667544762694007,173376638.00315675,240.00472566251884,1124.1692162097959,12.794052945551746,7.5985587984926575,0.2986016393729088,6.979506819059412,1074.3298399545,1662.6732211649821,183.3260773929772,14.666548066663813,1124.266540279006,1074.361070655141,6.9791659520561184,12.789368973075497,True,126.65603571506625,0.2996073537172312,True,0.000996696030194144,113.34868994745258,-0.0010057143443223948,183.33853570100837,0.5
0.9367403820726756,3.9958,898.395071078022,7.630047985834807,0.8500022358589105,30.06,0.2,14.675594699485993,174372251.80378178,241.02537490652247,1121.8909890570674,12.7885301225085,7.652749467827952,0.2634287866279473,7.127187773772668,1072.6296936249676,1668.916587950695,184.16510375140706,14.674659826245819,1121.9872413969972,1072.658648012879,7.126924181726713,12.786954840569598,True,127.31294275916761,0.26464329823761046,True,0.0009348732401743831,113.71243214735486,-0.0012145116096631825,184.17683629098957,0.5
0.9603505012710648,4.0,899.8087848974678,23.884691958040502,0.9028005847741373,30.06,0.2,14.695221458669716,189871448.81577685,255.10320277105785,1103.686455081098,12.76126886369423,8.090735869955676,0.09596136196940445,7.809599817340459,1065.2654034890709,1714.4611079390122,196.7692364282936,14.696043619006893,1103.7267707270184,1065.2795579886251,7.80866304450027,12.754179866315265,True,138.42752541687693,0.09588598411324843,True,-0.0008221603371776354,116.67567735418092,7.537785615602255e-05,196.75822830488556,0.5
0.9602029145765426,3.9989,899.9796830066309,23.550013456432048,0.9001066287427976,30.06,0.2,14.690886704499466,189275780.2260245,254.71280405726253,1103.8936435969,12.761795313211952,8.085630401737763,0.09712476864155299,7.813166682690899,1065.22069784815,1714.0021584546387,196.37724566208135,14.69169192436614,1103.9307529611322,1065.2352243788157,7.812243482602087,12.754297680094902,True,138.03412150050727,0.097014609597414,True,-0.000805219866673923,116.67868255675526,0.00011015904413899658,196.36648264987122,0.5
0.9338707727061334,3.9983,899.6045603875747,6.945113658623326,0.8500025945951141,30.06,0.2,14.678337553691273,173838153.42295393,240.41164392652854,1123.2957596950184,12.791477920087324,7.619390982744637,0.284407179192574,7.034352226806057,1073.6903926126527,1666.291617574055,183.65141438830608,14.677335835561587,1123.394237320551,1073.7201935101016,7.034123224943036,12.788066096836124,True,126.89984508664057,0.2855343165513692,True,0.001001718129685969,113.51179883988797,-0.0011271373587951605,183.66394847169806,0.5
0.9587695446478636,3.9989,899.0549624516336,14.375505949939264,0.8502442955118481,30.06,0.2,14.701783749696437,178523758.76719943,246.43105606202423,1110.54205412662,12.766931077166456,7.924943243565487,0.14050608552475147,7.753690989951078,1065.0695868804798,1710.221537213206,188.2673132696397,14.701445143269195,1110.617976466492,1065.100647828347,7.753110096140017,12.768281978848174,True,130.10656704696245,0.14117668592481464,True,0.0003386064272419276,116.32448901506177,-0.0006706004000631705,188.27164947752206,0.5
0.9367403820726756,3.9958,899.1636324328234,7.01071705840498,0.8500561088722642,30.06,0.2,14.709385175007514,174383303.49076992,240.5471426454388,1123.1340365921094,12.789708451899642,7.623482965893942,0.2811453612133854,7.060424817684691,1073.4387771778347,1669.9080365181292,183.78378997467445,14.708390994195414,1123.231459824785,1073.4684120169409,7.060190729735409,12.786500342299892,True,127.02902296644528,0.28226744751387034,True,0.0009941808120998985,113.51811967899353,-0.0011220863004849368,183.7962124291523,0.5
0.9410450373522171,3.7584,899.9960906705114,5.000058665857944,0.8500001151534117,30.06,0.2,14.674737159684138,175173117.28205413,236.20966163105896,1132.1356572164023,12.820121032650105,7.409584185786343,0.461162400775888,7.085919327235876,1081.406387744111,1589.4598709917088,182.05332977666546,14.674006300085024,1132.155018848779,1081.4180467668466,7.085883904242276,12.813214597218849,True,127.90336801280603,0.4603577714845081,True,0.0007308595991144529,108.30629361825294,0.0008046292913798658,182.06239719976023,0.5
0.9389306145889559,3.9991,899.1626730452195,8.577736097045458,0.8500022216450432,30.06,0.2,14.677136346497017,174779956.0571034,241.71542179329674,1120.391476305372,12.78452873488953,7.688603441713166,0.2425289787777953,7.194201426284334,1071.706485399909,1675.0478163851449,184.6522530374608,14.676346943479784,1120.4848759239562,1071.7379328200457,7.193843025447509,12.785199116243412,True,127.59594697085443,0.24383641584001953,True,0.0007894030172330702,114.11947482244231,-0.0013074370622242204,184.6621850080151,0.5
0.9423582083597836,3.999,899.9629001804099,8.228770315404475,0.8500037118913634,30.06,0.2,14.746903692534573,175418302.96480602,241.51824208237147,1121.1578738534881,12.782636657868471,7.670972348585,0.2513826012583471,7.162336039098983,1072.0720101942059,1682.1644384989186,184.48374611049869,14.746027277049764,1121.2542617256706,1072.1033258159885,7.16212493642204,12.782435507866536,True,127.45682495821967,0.2526872540419348,True,0.000876415484809101,114.0614171241518,-0.001304652783587712,184.4947107187114,0.5
0.9410577915798116,3.9999,899.8520040203373,9.43354432659688,0.850006983059636,30.06,0.2,14.67871450800936,175176906.84722352,242.31909573947425,1119.086160482476,12.781200261572161,7.719864594510494,0.22566062684743962,7.257301224343096,1070.9191012202596,1680.0373956927635,185.0921023683565,14.677955597532637,1119.1718192783048,1070.9498995800734,7.257055486069754,12.783788604986611,True,127.87172014755734,0.22696429893990355,True,0.0007589104767227184,114.44737559191691,-0.0013036720924639311,185.10167238883466,0.5
0.9429990316265641,3.9998,899.2667453870987,9.67436657562748,0.8500135687422807,30.06,0.2,14.689087061357291,175539626.6520027,242.59412827319605,1118.5319574388536,12.779465903988608,7.7332170660501625,0.2186736920625035,7.296682054064045,1070.439751703466,1682.7045566504548,185.3167580179281,14.688341506639487,1118.6138008777946,1070.4701748648342,7.296420695563204,12.777491387297902,True,128.04588681972305,0.219477713286693,True,0.0007455547178043531,114.548241453473,-0.0008040212241894884,185.32616437487903,0.5
0.9600785206501713,3.9995,899.8209353780859,21.539591320064496,0.887842862337918,30.06,0.2,14.692445425140615,186672750.40144145,252.77379390250212,1105.2602584730273,12.760157909868017,8.052932530125748,0.1047084648051727,7.807789160237931,1065.0668331561385,1713.799988945667,194.45130437284425,14.693089423790807,1105.3020590588385,1065.0829849088977,7.806995811248671,12.758959967990847,True,136.12284831222183,0.10489450387435229,True,-0.0006439986501920458,116.65094559028029,-0.00018603906917959157,194.4427815650172,0.5
0.9586810255246652,4.0,899.6261459173555,19.64084647531525,0.8764122176341275,30.06,0.2,14.674707322262938,184001185.09741238,250.95427625798106,1106.5092135849015,12.763290999967689,8.022278973953291,0.11250193345525077,7.80199984269453,1064.9361706395591,1711.2392864553435,192.64853806246592,14.67516148850474,1106.5527369102253,1064.9553080653066,7.801276817582056,12.759326565110404,True,134.3386422319853,0.11258307440160552,True,-0.00045416624180205645,116.61563402599577,-8.114094635475189e-05,192.64257598412087,0.5
0.9598951176447763,3.9999,898.1320895666214,21.539591320064496,0.890210302537068,30.06,0.2,14.68899114918445,187134759.77706033,253.00627327798327,1105.237321077461,12.760374481354239,8.053446257032295,0.10460927262284622,7.809253736850607,1065.0679191224845,1711.3916255427916,194.7520470972489,14.68958748102475,1105.275238355931,1065.082172045202,7.808508532912277,12.759445879672539,True,136.49227971279805,0.10478471506522004,True,-0.0005963318403008344,116.51399356518522,-0.000175442442373816,194.74414103135032,0.5
0.9282039289773188,3.9855,899.9539273027137,5.1124561276690805,0.8500009353909578,30.06,0.2,14.66776631061427,172782944.6643681,238.8318255462174,1126.784044538905,12.800492787184252,7.5366139016848415,0.3443741345299692,6.869472451210207,1076.1765837604585,1651.8835689596544,182.52183485035133,14.666584356369825,1126.8635798314117,1076.204068361451,6.869271343332387,12.792827481516058,True,126.22201534508243,0.34478124558584466,True,0.001181954244446004,112.60981020113498,-0.00040711105587548646,182.53654396408658,0.5
0.9566955948523426,3.9989,899.8150004857121,14.281142789329408,0.8500024039632771,30.06,0.2,14.684607750804235,178086907.9094828,246.21698238599134,1110.8589840781033,12.768189134657781,7.9171479027625224,0.14321818164015165,7.724563199294051,1065.4151869852785,1707.5257946090708,188.07699582368244,14.684265804184985,1110.9381367316378,1065.4467793793704,7.724009843865128,12.769563316339706,True,129.94003505249069,0.14392833366459187,True,0.0003419466192493559,116.27694733350066,-0.0007101520244402193,188.08137549739158,0.5
0.9478135754813267,3.9998,898.8250209730955,10.344065535229275,0.8501444889121539,30.06,0.2,14.723004137680476,176463030.68750766,243.2515794740508,1117.2923119768811,12.774878083992995,7.76325944817907,0.20358816417202788,7.37779944101182,1069.4518391006945,1690.7186822990361,185.83399449993564,14.72235058890505,1117.3823598694628,1069.483151930417,7.377441075776191,12.77441581451126,True,128.42211013637743,0.20455646110785763,True,0.0006535487754266711,114.82946933767337,-0.0009682969358297544,185.84224396925813,0.5
0.9319982926559862,3.9979,899.5726519222815,5.750321169203029,0.8500028020851945,30.06,0.2,14.700373626272482,173489637.40276402,239.55706249982137,1125.3284557048123,12.795321515617925,7.571344269126481,0.31720189006872374,6.932413583448132,1074.955420468783,1662.7607799586394,183.0020108313741,14.699240731836683,1125.4201892233455,1074.9848085831666,6.9321808780288094,12.788922295616276,True,126.45670463611641,0.31795081687729915,True,0.0011328944357984483,113.10035786370496,-0.0007489268085754119,183.0161150945529,0.5
0.9416956300783031,3.9991,899.95473072131,8.40910643693122,0.8500013929235556,30.06,0.2,14.730300575588041,175294486.96000126,241.6219472444113,1120.8515661206968,12.782744673891768,7.6781323435840925,0.24755086951008462,7.174648301589035,1071.9259530005975,1681.00869114047,184.56239565839883,14.72944452638323,1120.9468364248855,1071.957168397888,7.174428399793091,12.782973981868402,True,127.51025431165803,0.24886522468999614,True,0.0008560492048115265,114.11169293275327,-0.0013143551799115194,184.57312209765854,0.5
0.9424921811583048,3.9946,899.978702548803,8.839584701076959,0.8500046645984558,30.06,0.2,14.720247073303675,175443438.4042802,241.879055293072,1120.2238240408226,12.78192797168747,7.693004408939714,0.23938057181693112,7.21581245838056,1071.5822690059736,1680.7683300111564,184.78869798992045,14.719438415917608,1120.3141050674997,1071.612975453167,7.215601739433827,12.783188193396354,True,127.70535618582983,0.24068979995427914,True,0.0008086573860666135,114.17369910724219,-0.0013092281373480175,184.79884992243777,0.5
0.9361014724401968,3.9991,899.973225753876,7.1732801758356395,0.8500248079657193,30.06,0.2,14.704465293895236,174257947.47745532,240.61370933876293,1122.976201294262,12.789254647422505,7.6272499056179655,0.2788105905101433,7.0525677476863695,1073.430646447932,1671.046500948786,183.7926530286588,14.703489106699864,1123.0757413979172,1073.4612212685088,7.0523505491067615,12.786396652201283,True,126.98002655762167,0.27999563458531357,True,0.000976187195371736,113.63368278114126,-0.0011850440751702829,183.80485530481164,0.5
0.9600785206501713,3.9997,899.8209353780859,21.539591320064496,0.887842862337918,30.06,0.2,14.692598320668093,186672750.40144145,252.7763810711913,1105.256101384198,12.760130241153735,8.05303781214731,0.10468199500729651,7.807623662565618,1065.0620508669535,1713.8766491585563,194.45188965881653,14.69324786426539,1105.2979483469867,1065.078334572515,7.806819133456143,12.75893143754112,True,136.12138047006147,0.10486818132090278,True,-0.0006495435972961872,116.65500060112984,-0.0001861863136062708,194.44329353486376,0.5
0.9584785691929794,3.9991,899.973225753876,13.621101094977423,0.850015293613163,30.06,0.2,14.738432720206195,178421510.48592022,245.79622862432777,1111.9771441573264,12.765852914787422,7.8909057880216835,0.1515832859429236,7.672460254892996,1065.9932866000458,1710.9921375395013,187.75097476250588,14.738055756466894,1112.0644533019665,1066.0257687267963,7.671940028798228,12.767911199141755,True,129.7090384586012,0.15244543962641127,True,0.0003769637393009617,116.08719016572655,-0.0008621536834876597,187.7557769773077,0.5
0.9357001021185305,3.8659,899.9960952487592,5.001850705601707,0.8500000329958531,30.06,0.2,14.685734495104903,174178154.47770542,237.42697028505322,1129.6506115310763,12.810383591182523,7.468531821143419,0.402328608414888,6.979868982967883,1078.9093243868538,1620.5949353223236,182.2511486105396,14.684761179772446,1129.6940935968248,1078.9269787132932,6.979854197390112,12.803028073827798,True,127.08374956970515,0.40207341156671456,True,0.0009733153324571475,110.34322071534807,0.00025519684817343347,182.26322833285369,0.5
0.958697803363802,3.9939,899.9999799319472,18.484739177553195,0.8696070769275324,30.06,0.2,14.675244949225565,182575653.1125129,249.78091189595867,1107.4945763893395,12.767103014495572,7.997900349906388,0.11899335229168713,7.7979511740645755,1065.0745362338403,1709.4283537943425,191.53900998192788,14.675620605032966,1107.535481657321,1065.0971959111168,7.797172053780861,12.764976078081789,True,133.29369602597373,0.11915376086067105,True,-0.00037565580740128723,116.48721586998494,-0.0001604085689839163,191.534107106378,0.5
0.9445065123440728,3.7152,899.998277793373,5.00491661581408,0.8500420273324338,30.06,0.2,14.687584490636675,175826131.24803045,235.76843290997425,1133.1512363686295,12.823201315419052,7.38572754959862,0.4867774832949359,7.133995602536616,1082.3676531620868,1579.0173723613534,182.01495924083633,14.686825679870857,1133.1632995049968,1082.3745337088799,7.134170004727237,12.816468996184108,True,128.26811234035583,0.485776788021449,True,0.0007588107658182963,107.50032056961842,0.0010006952734868957,182.02436324096695,0.5
0.9390036759630472,3.9998,899.8400342717697,8.597823671769213,0.8500008369214761,30.06,0.2,14.684863031909714,174793271.52490017,241.6843688226545,1120.5039670605333,12.784240180447693,7.686016007187682,0.24384985472016157,7.181611610027283,1071.8366992399854,1676.3168010617298,184.608017568334,14.684025988733726,1120.5981507567517,1071.867414843843,7.181378706934385,12.784901068322625,True,127.53893608533453,0.24517436948785873,True,0.0008370431759878727,114.14543273731998,-0.0013245147676971547,184.61854090038588,0.5
0.9578450773083238,3.9999,899.7021727830573,13.209906823501804,0.8500027336789514,30.06,0.2,14.745136378949692,178300950.85604298,245.51659351754165,1112.5851855627143,12.765806572155853,7.876436560372014,0.1566473507517385,7.640554109941911,1066.3345901396674,1709.8083241108468,187.5378715793781,14.744696392406269,1112.676618650097,1066.3663568094835,7.6401107657987275,12.768152224413637,True,129.5630157284437,0.15759252161138335,True,0.0004399865434230321,115.95357778909795,-0.0009451708596448505,187.54346777055636,0.5
0.9597408646856675,3.9991,899.9424018279127,14.933738824476302,0.8500013929235556,30.06,0.2,14.698625538835426,178653566.09505874,246.78158070650645,1109.7687041178144,12.76696863782366,7.943420528087682,0.13468249541089047,7.789571516760526,1064.6496332780455,1713.2046936683453,188.5038632035377,14.698340804038203,1109.8481353502057,1064.6816840446481,7.788932883063232,12.762246327888782,True,130.22866842852062,0.13500927134067917,True,0.0002847347972227965,116.55291227798583,-0.00032677592978869185,188.50751488164073,0.5
0.9312363516397973,3.9999,899.4297211920173,6.211301731656159,0.8500039895048037,30.06,0.2,14.671068988990477,173348045.75065377,239.87767230210707,1124.47079925484,12.794700453511606,7.591416648406927,0.3034799478701931,6.967920545174095,1074.459069827409,1661.961389077087,183.23689887502204,14.669985717147034,1124.5663643082428,1074.488449499743,6.967676594934441,12.789434967606036,True,126.60547365187055,0.304401631363634,True,0.0010832718434432564,113.27219865023652,-0.0009216834934409057,183.25042958848408,0.5
0.9602034938604868,3.9986,899.9796830066309,23.550013456432048,0.9001066287427976,30.06,0.2,14.690665064829394,189275894.4148265,254.70897139209092,1103.8998430674496,12.76183672975538,8.08547299032151,0.09716144406659338,7.813417797031372,1065.227811222504,1713.8881761409923,196.3764122949478,14.691465060316665,1103.9369035272553,1065.2422048793221,7.812504816041223,12.754340630980058,True,138.03633628515166,0.09705107594501428,True,-0.0007999954872701664,116.67263510693925,0.00011036812157910747,196.36571899492654,0.5
0.9447956003819769,3.6874,899.9438700679399,5.000090519880704,0.8500000417378215,30.06,0.2,14.668164978892987,175871259.76910028,235.42694920827142,1133.8066949061458,12.82643546123629,7.370132493020883,0.5052427955845331,7.159690016991457,1083.0711776148794,1568.946405366882,181.9456034630966,14.66744853994869,1133.8139788645692,1083.0766305326804,7.159853137181507,12.819806775934962,True,128.47053261958095,0.5040974976656477,True,0.0007164389442966268,106.95641658869047,0.0011452979188854018,181.95449068814528,0.5
0.9275796677523034,4.0,899.9991757322999,5.000824667868216,0.850001244787074,30.06,0.2,14.674850945295624,172666802.77801263,238.92590840365577,1126.6665647288335,12.799272248082682,7.539556845039343,0.34188328223381587,6.84639696817646,1075.9717267108438,1656.200634457154,154.28106393652567,14.673633314644706,1126.749439154859,1076.0006389383027,6.846162660718252,12.791329692693372,True,126.07657685499714,0.3423105156025277,True,0.0012176306509186219,112.84933154865863,-0.00042723336871181017,154.293866311253,0.75
0.959093069940404,4.0,899.9137782549989,24.87944553608331,0.9085488108748542,30.06,0.2,14.674305342344628,190830189.88342714,256.02331521223834,1102.954356412706,12.758622589628768,8.1089347178739,0.09215441340466714,7.812435480630564,1065.3290783111756,1712.355124861298,168.50528190949285,14.675184749759994,1102.9982823942628,1065.3431302595466,7.811426850966931,12.755452373278999,True,139.32425466438318,0.09225196761249176,True,-0.0008794074153666287,116.69906054785517,-9.755420782461832e-05,168.49518426527464,0.75
0.9605300456189255,4.0,899.9995454287961,18.240104706674835,0.869601514138891,30.06,0.2,14.71457809105291,182923417.55390146,249.74739502931038,1107.7487334191235,12.76536154663701,7.992113976568273,0.12026703875528595,7.779877002844514,1065.0647586449934,1715.03378768974,162.3323612575018,14.714894033184196,1107.792930231372,1065.0867812884521,7.779203803926532,12.762661176193225,True,133.19115687046374,0.12042260047395245,True,-0.000315942131285496,116.55623815884664,-0.00015556171866649982,162.32887583436002,0.75
0.9598398221533336,4.0,899.9627967204882,17.445530317409172,0.8625623220802616,30.06,0.2,14.687567068261213,181312319.1432726,248.94424078278578,1107.8426296705418,12.767702229514551,7.989435267014365,0.12123367736253275,7.813330730409561,1064.5686318393753,1713.7532419337567,161.43383654246804,14.68773718920452,1107.905580359822,1064.5939232896144,7.812605957973076,12.762942057265159,True,132.26216984932242,0.12141295280873228,True,-0.00017012094330759453,116.68207093346336,-0.0001792754461995283,161.43196673255787,0.75
0.9586300426397977,4.0,899.9984174649427,15.995184942070596,0.8552348977258634,30.06,0.2,14.67960064877168,179545495.69789046,247.64590974581515,1108.9692082144982,12.769001877758498,7.962187964375303,0.12915350693423983,7.793349109708776,1064.676386115179,1711.6413177500665,160.19591576931236,14.679601327142457,1109.0463966333323,1064.707176769356,7.79252702458456,12.763309447657663,True,131.04591172127726,0.12939655946691406,True,-6.783707764412839e-07,116.59999802453788,-0.00024305253267423166,160.19590836637101,0.75
0.9587485232814755,4.0,899.9147032585254,15.264685330422449,0.8500011234283393,30.06,0.2,14.671735607533744,178468787.4290993,246.99910434979483,1109.2045435419102,12.768120371909133,7.956712175644839,0.13086235773970817,7.813364897169935,1064.3560205618699,1711.7399747203356,159.49718805428617,14.671551174388517,1109.286330182331,1064.3898782865492,7.812532797372997,12.763005796285086,True,130.3315209734248,0.13117498067944902,True,0.000184433145227203,116.66758337637003,-0.0003126229397408531,159.49919306164347,0.75
0.9587189770263284,4.0,899.9652513173006,12.256276478291056,0.8500096623697357,30.06,0.2,14.80047457165707,178465080.26956505,244.84898155162887,1114.2374460047035,12.764716038091972,7.837372477054988,0.17074983408382752,7.558211054475628,1067.2753356805858,1711.7552653199598,158.10740831528955,14.799965563786307,1114.3351651910777,1067.3079144851718,7.557833235291077,12.767015076751463,True,129.19799385951214,0.17183375546524912,True,0.000509007870762801,115.65098769211673,-0.0010839213814216042,158.11284602491875,0.75
0.9343044416804707,4.0,899.7357938030375,6.321280174917353,0.8501762610578761,30.06,0.2,14.71382636423673,173954413.888551,240.02361361734083,1124.3806794287007,12.792251143639506,7.5939535984202,0.3008355690461143,6.979033481408387,1074.304646723965,1667.8684824191532,155.00824570088963,14.712760036914556,1124.4776492815886,1074.3347106182573,6.97880888392339,12.787229444955269,True,126.67897029427168,0.301801994441815,True,0.0010663273221744873,113.34464332306915,-0.0009664253957006874,155.0194801346151,0.75
0.9590598255696688,4.0,899.9596388160877,21.736844569894608,0.8882304296862867,30.06,0.2,14.675058938262877,186556081.77334034,252.89000668595932,1105.0331426871142,12.760939658358572,8.058268181071139,0.1035524487493884,7.811626591441613,1065.0191456369375,1712.3605911569282,165.37618825629934,14.67576269194081,1105.0746563905652,1065.0364657149967,7.810724142546432,12.759691844124278,True,136.1983839487175,0.10373227321743013,True,-0.000703753677932184,116.69162273724183,-0.00017982446804172547,165.36825789498383,0.75
0.9510657347841885,4.0,899.9906816201947,12.116443682986203,0.8500004633631263,30.06,0.2,14.703798848283538,177038516.90310055,244.49227975077085,1114.5407699576085,12.770425411830118,7.829147428111785,0.17515858477752885,7.515405627055843,1067.8222999975844,1698.124048880381,157.87568156404038,14.703273893551076,1114.638400128475,1067.8537880481729,7.515053514316524,12.772522463831331,True,129.0080880126421,0.1762544569759949,True,0.0005249547324623904,115.48419173812874,-0.0010958721984660469,157.88131823970716,0.75
0.9583340569830578,4.0,899.9996627594791,24.492303183027907,0.9073441467011503,30.06,0.2,14.674839533733367,190426343.95456663,255.63448793528676,1103.4593139672515,12.761057171654643,8.096268597399117,0.09487820290395813,7.788345772461774,1065.5904493741366,1711.1128330823606,168.18313135576562,14.675728434427322,1103.5025325811027,1065.605118418768,7.787329075167365,12.755852656014302,True,139.02425803068405,0.09489362896245523,True,-0.0008889006939547528,116.6102299046027,-1.5426058497108874e-05,168.17294459721106,0.75
0.9429404623465408,4.0,899.988842590388,10.247886615941317,0.8500000041637182,30.06,0.2,14.672058860834497,175525922.85817182,242.92782145687423,1117.7342706381949,12.778408813910389,7.752200245791187,0.20956420400173076,7.328602535361521,1070.060828285361,1683.6164075834254,156.8654414143401,14.671370487800766,1117.8231627408534,1070.0916956859476,7.328346552678255,12.77758254090788,True,128.18399544404343,0.21051569540874224,True,0.0006883730337303717,114.7438260128308,-0.0009514914070114788,156.87280145884878,0.75
0.9310834175269741,4.0,899.9996531273962,6.0988292777850415,0.8500038106285611,30.06,0.2,14.679407752250254,173319540.85483873,239.75433795611278,1124.795502390492,12.794926214404956,7.583815449213979,0.30866289499924465,6.946697625717038,1074.7188715917168,1662.4566066410314,154.81613908431967,14.678319788736372,1124.8910628953188,1074.7488152650953,6.9464651563898805,12.789346027417984,True,126.51278261511585,0.30955953542348735,True,0.0010879635138820731,113.24155534099692,-0.0008966404242427006,154.8276141245905,0.75
0.9343894809415582,4.0,899.9871375059663,6.141901302780267,0.8500047581174117,30.06,0.2,14.723565079181501,173935152.62889495,239.88344987541905,1124.7101998930223,12.792540420791587,7.586227546730214,0.3060327335323527,6.962513945992097,1074.5034099914023,1668.3486646354315,154.89985441145058,14.722494363765245,1124.8067122275124,1074.5343787800348,6.962256600236956,12.787033352584753,True,126.58119439396853,0.30694635852989005,True,0.0010707154162563626,113.30225548145052,-0.0009136249975373323,154.911119734975,0.75
0.9330303675971702,4.0,899.9776129783387,6.9942504834504176,0.850035960747577,30.06,0.2,14.670054528678817,173688531.4463513,240.41176566062552,1123.2744106581563,12.791679764666306,7.619853203248258,0.28426505660285456,7.025738354530787,1073.7457051631704,1665.9051603664232,155.24310675535145,14.669059144624036,1123.3738256710467,1073.7758236071754,7.025518102214631,12.788369195294928,True,126.86216156493671,0.285417849175364,True,0.0009953840547805015,113.5496040956888,-0.0011527925725094423,155.25364093559813,0.75
0.9587307369448045,4.0,899.9991341032775,16.566215612082697,0.857380042108744,30.06,0.2,14.672562408748767,180014747.7186074,248.11961582647456,1108.4058658749968,12.769177368039033,7.9756562424617385,0.1252697470916463,7.810080749897482,1064.5232645353317,1711.8211082064945,160.61848307345633,14.67255992175073,1108.48017591848,1064.5506912962144,7.809405391007326,12.763449951752783,True,131.45146110346133,0.12548413591904464,True,2.4869980368436018e-06,116.66815472301323,-0.00021438882739835408,160.6185102982797,0.75
0.9430497573181171,4.0,899.9871105664156,9.935970984420262,0.8500313593944655,30.06,0.2,14.686736843481441,175552743.47348213,242.71789185082903,1118.263440611462,12.778842001821898,7.739652333868317,0.21549180623153324,7.302942943428759,1070.3634202364922,1683.8115533161204,156.73155748360048,14.686019456388074,1118.3490665088,1070.3943410868692,7.302699937445745,12.77736649748273,True,128.07570200265786,0.2163731867994559,True,0.0007173870933669946,114.64218984817117,-0.0008813805679226683,156.7392135538376,0.75
0.9408587856027673,4.0,899.9613382562015,9.503924955481894,0.8500001325712311,30.06,0.2,14.674243397775351,175138450.58601055,242.35299292470964,1118.991633782878,12.781190181511771,7.72208977293289,0.22457578026047098,7.260054179875938,1070.8849627544955,1679.8634072206896,156.49524058522476,14.673488577946088,1119.0766342371792,1070.915752732723,7.259815295957692,12.78392054585347,True,127.88256788206031,0.2258785362972595,True,0.0007548198292628427,114.47042504264932,-0.0013027560367885327,156.50329086652982,0.75
0.959115500246029,4.0,899.9153950813775,22.189996617420615,0.8927592620477341,30.06,0.2,14.686959306497938,187518162.8030103,253.3894460433859,1104.9964542772457,12.761274873658524,8.059092283103205,0.10327239142058083,7.7892747290675945,1065.3462513847269,1712.3973098458675,165.94466216520155,14.687660279067412,1105.031787778442,1065.3614294790275,7.78846921115824,12.75979299132008,True,136.78987222714855,0.10340611364312591,True,-0.0007009725694739899,116.59957381623735,-0.00013372222254508237,165.93674241120274,0.75
0.9608280904989546,3.9996,899.9994857132396,14.719289429142943,0.8500000897593728,30.06,0.2,14.723196129673711,178855676.4829039,246.66680322135184,1110.1165591295426,12.765727021145985,7.935328059579675,0.13698665200555313,7.774286832402341,1064.799511112236,1715.4129030479103,159.28362459935758,14.722902789450247,1110.1947314610818,1064.8320122702933,7.773654676633125,12.761260814122613,True,130.1584916279434,0.1373239538455517,True,0.00029334022346461097,116.50831159340845,-0.00033730183999858276,159.2867981782844,0.75
0.9597452614944044,4.0,899.9596714169583,22.948410606496203,0.8964398017351993,30.06,0.2,14.68728772805085,188414868.96289912,254.11874648937436,1104.307390791548,12.761706423876017,8.0756483736995,0.09940733520842085,7.807460348639801,1065.1938782103964,1713.584407892848,166.61529931000916,14.688052091311391,1104.3365115563838,1065.2088410742542,7.806575873457857,12.754279675845787,True,137.44033084430373,0.09925366567961347,True,-0.000764363260541856,116.67841564507063,0.00015366952880738194,166.60662868352685,0.75
0.9411089162440736,4.0,899.8642871714869,9.204716596105317,0.8500000936791556,30.06,0.2,14.689039478755028,175185003.74790084,242.16453136201068,1119.4706508551365,12.781561653206376,7.710759957164772,0.23027938095289946,7.238550559145767,1071.137863749351,1680.1821785175616,156.37698645747656,14.688273995338157,1119.559017172053,1071.1691559035617,7.238279639459389,12.783637682946452,True,127.78779750493148,0.23159388576871584,True,0.0007654834168704383,114.3767338570792,-0.0013145048158163808,156.38513608689874,0.75
0.9291958830778485,4.0,899.9360726728235,5.150478069355765,0.8500054863305495,30.06,0.2,14.690842260605226,172968520.62675896,239.07680979259493,1126.3950324379587,12.7979615222037,7.546091899316114,0.33641070999058476,6.865341123592453,1075.7272970604627,1659.0055512593137,154.38090595180145,14.68966814561524,1126.480469026686,1075.7572520883534,6.865054511547597,12.790273123393364,True,126.15902083026936,0.3369117952795597,True,0.001174114989986208,112.91778896232557,-0.0005010852889749673,154.39324530038638,0.75
0.9423052337730746,3.9999,899.9630766915873,8.871604390764439,0.8500003343081167,30.06,0.2,14.720181767617161,175407744.8350539,241.9655864231058,1120.0515799033485,12.781312003390536,7.697158346789177,0.23710291260314845,7.2139376431736215,1071.4263890227596,1682.4087189949048,156.246091978953,14.71936935424809,1120.1432525370267,1071.4576649668024,7.213708593387051,12.782633196851906,True,127.67997387869715,0.23842406769926872,True,0.0008124133690703417,114.28561254440865,-0.001321155096120269,156.25471574610862,0.75
0.9587482767553465,4.0,899.9147032585254,15.264685330422449,0.8500011234283393,30.06,0.2,14.67173235113618,178468741.53883898,246.99909565965876,1109.2045462666854,12.76812055431815,7.9567120773401285,0.13086241640602075,7.8133638613815695,1064.3560338862078,1711.739534575063,159.49718244271818,14.671547915951342,1109.2863328290098,1064.3898915401146,7.812531767453476,12.7630059787141,True,130.33151640647063,0.1311750389395352,True,0.00018443518483834964,116.66757925318814,-0.00031262253351443947,159.49918747262322,0.75
0.9585783004829889,4.0,899.9634115311641,22.59225732930443,0.894508854254768,30.06,0.2,14.674758340439087,187780418.45201495,253.73050901597975,1104.6222470530267,12.762149974703583,8.0679641167678,0.10126825665251313,7.796998767600315,1065.2891408090406,1711.500848563087,166.25883782088823,14.675489631013512,1104.653687535418,1065.304196622395,7.79615634470103,12.760328119462816,True,137.09478221368687,0.10136289571927386,True,-0.0007312905744250031,116.63572680229288,-9.463906676072942e-05,166.25055301921753,0.75
0.9367902418879518,4.0,899.8553699272908,6.751389613830774,0.8500054256730397,30.06,0.2,14.73061741745078,174382187.50730374,240.37366768327178,1123.636958204597,12.789583856399908,7.611768044282492,0.2884160429360672,7.02309006201718,1073.750716512874,1672.4719554363314,155.2208237100609,14.729586782708779,1123.7362627523303,1073.7813441265077,7.0228802826598615,12.785633700738433,True,126.84541718636054,0.2895074285431085,True,0.0010306347420012685,113.52825049691124,-0.0010913856070413064,155.2316845696327,0.75
0.9578933650665703,4.0,899.8622363549888,14.299057756788843,0.8500032249927729,30.06,0.2,14.701110104847345,178310042.59165055,246.28157571789265,1110.8051881367571,12.767174344142646,7.918615822125933,0.14257469661361286,7.729100626479252,1065.3188921023402,1710.1478193706394,159.03572452839174,14.70076982523387,1110.8842148286487,1065.3507876123342,7.72853853809585,12.76853403869836,True,129.9567821798071,0.1432798520103363,True,0.0003402796134750474,116.32479353808554,-0.0007051553967234447,159.03940573798243,0.75
0.9588163022501492,4.0,899.9917979944076,19.299729205634062,0.8730933433933208,30.06,0.2,14.671254358184887,183330258.9144432,250.57267363018946,1106.600082891107,12.764164881527627,8.019934050836177,0.11313763889725328,7.813314933605324,1064.7533512098905,1711.9626559556368,163.05650353186263,14.67172852084716,1106.6429422767023,1064.7754856782196,7.8124529257943855,12.759031054027623,True,133.8801199389901,0.11315950159442958,True,-0.000474162662273514,116.69255369119935,-2.1862697176300294e-05,163.05123385244445,0.75
0.9528950091817222,4.0,899.5374316033804,11.783099608054913,0.850035396670042,30.06,0.2,14.73794226273152,177386321.69539154,244.35992573238593,1114.9817143792231,12.769288991765427,7.818900367706682,0.17892506761690283,7.503961871422142,1067.9407908626706,1700.7947443186429,157.80808318211095,14.737379103313822,1115.0794709582258,1067.972102038312,7.503627554738941,12.771160724397316,True,128.9623968500115,0.1800285477049045,True,0.0005631594176982446,115.39752888237444,-0.0011034800880016793,157.81411350185843,0.75
0.9410000132332705,4.0,899.9930572017157,9.13724674926172,0.8500001110546002,30.06,0.2,14.691684907155851,175164735.31325823,242.1040736428933,1119.6158306444486,12.781743876288846,7.707315546112877,0.23207120482539811,7.2299492041159175,1071.2415923633307,1680.1517434867628,156.33352958492,14.690952543151173,1119.7050839324932,1071.273998907817,7.22960743102248,12.783654865113032,True,127.74971641225652,0.23339036932467114,True,0.0007323640046781321,114.35435723063678,-0.0013191644992730234,156.34132302441657,0.75
0.9587146113046884,3.9963,899.9878565849472,19.746439175841065,0.8768256764285296,30.06,0.2,14.674551497947151,184094439.24898103,250.96517813123157,1106.5662841103704,12.763480309162633,8.020871539661044,0.11286831256536968,7.800699962434374,1065.083120030001,1710.3610101534416,163.5505298679078,14.675018899410501,1106.6099630356598,1065.1020000501724,7.799991780496428,12.759774861853911,True,134.40803272860043,0.11296281481651818,True,-0.00046740146335011445,116.55714540263114,-9.450225114850108e-05,163.5453207600003,0.75
0.9582142956345249,4.0,899.9914601942394,21.595506774001116,0.8882304296862867,30.06,0.2,14.670716435317127,186391609.4979754,252.74435306666192,1105.29463421407,12.76142621781354,8.051872809819688,0.10511973946461307,7.794507578408978,1065.2192681270067,1710.8877755617923,165.27992436416505,14.671368388474612,1105.3363330297236,1065.235453828244,7.793717537381737,12.760253785261147,True,136.11906579046195,0.10530696220243188,True,-0.0006519531574848969,116.62528727619997,-0.00018722273781880683,165.27257980258736,0.75
0.9589351496994594,4.0,899.9975888283057,14.07092198186011,0.8500523450185146,30.06,0.2,14.726530942578824,178514284.23108473,246.14345009152362,1111.216272643544,12.766021318323203,7.909014153730883,0.1455103215885276,7.710470667578758,1065.5262159109723,1712.186088752878,158.94439611392826,14.726237412963012,1111.2982420304504,1065.5598801142708,7.709811621636005,12.767640657037427,True,129.88063357238872,0.14626849089940153,True,0.0002935296158117495,116.2628165191349,-0.0007581693108739129,158.9475642611079,0.75
0.9589816839149151,4.0,899.8457424269893,24.094679066710356,0.9033382314450683,30.06,0.2,14.672186431494058,189713732.5126141,255.22531696755073,1103.453592003969,12.761950181017399,8.096244266635999,0.09490067581524358,7.813667837693357,1065.2348315889235,1712.0662985213455,167.70940855905488,14.673119675892575,1103.4953061838964,1065.251565540833,7.812508753512974,12.75528740783323,True,138.52862778753797,0.09484979557167342,True,-0.0009332443985172745,116.69668918001275,5.088024357016718e-05,167.69874185220772,0.75
0.9476590535320755,3.9996,899.9334659669031,11.116994548681248,0.8500051386760075,30.06,0.2,14.698972889189935,176405341.96438226,243.68182638311552,1116.2380721516108,12.77377124292102,7.788357786384747,0.19247026011498636,7.4202576043444,1068.966467299262,1691.8153242610372,157.35868647658938,14.698360774899532,1116.334000007737,1068.9976543116416,7.41996537150359,12.774623196168834,True,128.58966141042936,0.19355425875434717,True,0.0006121142904031984,115.09216497268616,-0.001083998639360817,157.36523969039237,0.75
0.9585827242609632,4.0,899.9768373103467,17.080023982271577,0.8604027601590215,30.06,0.2,14.67089807495398,180621505.5244036,248.5709278191192,1108.0883931535407,12.769046979449891,7.983293957835166,0.12309991436364104,7.808469183998876,1064.5946349379617,1711.5283300981446,161.07483582697066,14.671005598909506,1108.1566743548246,1064.6208965064022,7.807753188276736,12.763741450447691,True,131.9085050636707,0.12329054795698502,True,-0.00010752395552593441,116.66242275544849,-0.00019063359334398067,161.0736553077917,0.75
0.9339151534360689,4.0,899.9752477816695,6.6834461818291935,0.850000220242488,30.06,0.2,14.694705328062156,173845929.19251972,240.23073636438968,1123.789546918224,12.791727806859075,7.607825639342156,0.29175740500770714,7.004609677934457,1073.995012854268,1667.4849259839523,155.12432105576184,14.693759323183667,1123.888442182255,1074.0275643363093,7.004222738127947,12.787609756333158,True,126.76367665116803,0.2928327678730851,True,0.0009460048784895037,113.46705971322166,-0.0010753628653779601,155.13430817759115,0.75
0.9369210183917274,4.0,899.9632784524607,7.871258316888138,0.8500002376383311,30.06,0.2,14.687531260377508,174405466.87404367,241.12035103286112,1121.7655843407892,12.787110031213032,7.65593872732245,0.26128884988063633,7.112003726702117,1072.6782893015788,1672.8326910864491,155.699289039997,14.686620589590127,1121.8641945636955,1072.708878054208,7.111787193327867,12.786005236279916,True,127.23349056530958,0.2625776476954207,True,0.0009106707873804964,113.88686046755154,-0.0012887978147843593,155.70894345935645,0.75
0.9591018916320985,4.0,899.8433166123003,24.675372449719063,0.907393134655966,30.06,0.2,14.675082740852597,190589206.44839147,255.82853434668672,1103.10279835326,12.759768178563757,8.10513167775029,0.09296001223494886,7.811252412988342,1065.324493232928,1712.2776970616267,168.3190943337025,14.675951624211283,1103.1466319319923,1065.3385760619808,7.810254627190069,12.755392180422433,True,139.14104272313546,0.09301086441297055,True,-0.0008688833586862899,116.68749162355127,-5.0852178021684735e-05,168.30912907463374,0.75
0.9303305289336105,4.0,899.9965282632307,5.471929100518537,0.8500007731457238,30.06,0.2,14.694278765920957,173178773.11176524,239.31757584378778,1125.859815999394,12.796645958574594,7.558756104275059,0.3266660714378362,6.893935216134618,1075.3689214235842,1661.1123182641354,154.5339496077423,14.693118552613083,1125.9496159428904,1075.3986207500252,6.893701368684792,12.78960157370286,True,126.28271174188042,0.3273162141565821,True,0.0011602133078749688,113.03486410190736,-0.0006501427187458608,154.5461520781853,0.75
0.958019914682433,4.0,898.4788264859576,14.297813229069327,0.8500056636175424,30.06,0.2,14.687962119868256,178334111.19573703,246.4104165665132,1110.4723439186873,12.767299822339291,7.926541580994144,0.14012166322912412,7.75912917974035,1064.9680687139246,1708.544244515578,159.16834901969295,14.687599412830437,1110.5499108473643,1064.9988066244332,7.7585422176109,12.768791453264075,True,130.09087232357405,0.14081173502091185,True,0.0003627070378193764,116.31954424293914,-0.000690071791787733,159.1722796470722,0.75
0.9598191128636931,4.0,899.9977103310202,17.445530317409172,0.8625623220802616,30.06,0.2,14.687671805708586,181308407.1891675,248.94037238702273,1107.851342892812,12.767711125144556,7.989224527168016,0.12129165491276044,7.81249040217382,1064.5784874626784,1713.7644117846758,161.43002181267602,14.6878407710116,1107.9143198218321,1064.6037608528698,7.8117698929941835,12.762948345871443,True,132.25838346918584,0.12147106472316162,True,-0.00016896530301480084,116.68198891783689,-0.0001794098104011821,161.4281647614609,0.75
0.9585896919474084,4.0,899.993589023767,18.930341718437198,0.8718658309491729,30.06,0.2,14.67552375719098,183029240.44137406,250.25243944213167,1107.0116668802953,12.765214330776164,8.009846185545726,0.11576269084060645,7.798072333542267,1064.9075358917821,1711.5580441704212,162.7824074101355,14.675897377104826,1107.0509549773506,1064.928461826483,7.797369958800532,12.759057241581226,True,133.62232821393843,0.11571332117178572,True,-0.0003736199138462126,116.63011122819324,4.936966882072846e-05,162.7782632854207,0.75
0.95909265744487,4.0,899.9658339536891,22.71186920720996,0.894508854254768,30.06,0.2,14.676083265761786,187881178.2600422,253.84395917193942,1104.4107576047218,12.761937386577848,8.073109619214964,0.100066479808048,7.81002588875333,1065.137641458391,1712.4224571032805,166.33308726078883,14.676824950311893,1104.4413746897383,1065.1528453767633,7.809156474573471,12.759994894216659,True,137.15586518404035,0.10015032511967688,True,-0.0007416845501069247,116.68809398789907,-8.384531162887454e-05,166.3246817179408,0.75
0.9587615460756271,4.0,899.7761910398091,13.837593084798094,0.8501300557021295,30.06,0.2,14.732408513930398,178498282.96661186,245.99256449525072,1111.5680048214506,12.765842123560146,7.9006583552157785,0.14827785690062745,7.693588411906969,1065.7203233720231,1711.581348319706,158.8590852663809,14.732037355639882,1111.6525362573004,1065.7523693438102,7.693063171733493,12.767721401689403,True,129.817862733123,0.14908787712605556,True,0.00037115829051614924,116.17470176212771,-0.0008100202254281152,158.863087555073,0.75
0.94513324695164,4.0,899.4582752931288,10.268185678872207,0.8500424421966222,30.06,0.2,14.695800105961832,175942887.9075953,243.05857520866115,1117.566206569809,12.776849055381284,7.756443757373393,0.2071912521865117,7.349244580876643,1069.8006033212325,1686.837864867853,156.9708229577545,14.695130161536486,1117.6554833317132,1069.8318337592839,7.3489316426238736,12.776138637931659,True,128.28075353647765,0.2081463257495734,True,0.0006699444253452924,114.7778216721835,-0.0009550735630617091,156.97797918751405,0.75
0.9302727884335464,4.0,899.5743578637428,5.720486087556014,0.8500004729909777,30.06,0.2,14.679089733492098,173167963.70802766,239.5131753424559,1125.3373342622726,12.796307117051402,7.570961820768581,0.31794167831649406,6.922131589203689,1075.0215663203733,1660.4643534766697,154.67492666916854,14.677956195314305,1125.429083772888,1075.0509605484992,6.921881246593174,12.789851174163498,True,126.40527162229603,0.31868523857328096,True,0.0011335381777932696,113.10790372015987,-0.0007435602567869015,154.68687178824328,0.75
0.9582701197486233,4.0,899.9694676679931,23.86267768067991,0.9022265849471219,30.06,0.2,14.667189173591211,189339676.80151653,254.96318334993984,1103.7154300473926,12.762823699751458,8.089751858871168,0.09636285446492565,7.802012599285469,1065.355019643046,1710.953848192626,167.4743420350038,14.668007258556752,1103.7552781591116,1065.3692999704008,7.801085271939501,12.75570725405193,True,138.30368083016407,0.09628356951506854,True,-0.0008180849655410327,116.65950251977577,7.928494985710854e-05,167.46500141777355,0.75
0.932259399784828,4.0,899.999947307618,6.590605041869219,0.850002115471389,30.06,0.2,14.675763905342855,173538101.79754528,240.11650498836067,1123.9585834592929,12.793079503635413,7.603642495069341,0.29496140749655725,6.990492273042702,1074.1778488111258,1664.556332011562,155.0499110406226,14.674729292631628,1124.0569522157173,1074.2080336903848,6.990261867088337,12.788732167116658,True,126.70331206091114,0.2960136938132755,True,0.0010346127112264014,113.41319292744953,-0.001052286316718276,155.0608425273736,0.75
0.9526539708317286,4.0,899.9998543146673,13.297320264681607,0.8500233687178307,30.06,0.2,14.675498624469256,177338941.79170254,245.37708587102685,1112.5614748346663,12.769678101984777,7.876301086232996,0.15743977347955707,7.620004795059011,1066.6039345365525,1700.970995551145,158.44796139574206,14.675070104229242,1112.6527313067368,1066.6352699992788,7.61956896924601,12.771879018147411,True,129.47536721325793,0.15837855162582654,True,0.000428520240014052,115.90171865776892,-0.00093877814626947,158.452588164675,0.75
0.9586249801686113,4.0,899.9676601352814,23.504281069711237,0.8992042505236106,30.06,0.2,14.667079510476244,188775295.21426877,254.59600758700063,1103.8342802766992,12.762821704817332,8.086878527268635,0.0970032387905221,7.813287118129639,1065.1770974175215,1711.5874376040426,167.0741135871671,14.667882797780177,1103.870647133408,1065.1919313991655,7.8123518287795815,12.755326647018085,True,137.8925968122956,0.09688933477380247,True,-0.0008032873039329758,116.70341077470502,0.00011390401671962369,167.06496376533454,0.75
0.9430497573181171,4.0,899.8507261717165,9.640236799211154,0.8500001298320514,30.06,0.2,14.69735576331234,175546293.78748092,242.52500222439392,1118.7222692830776,12.779375088182206,7.728753699069024,0.22080835516770353,7.281989577295861,1070.6097273421537,1683.623091467024,156.61041058388443,14.696615476054886,1118.8049436812344,1070.6407938552472,7.2817379049302,12.782449880616905,True,127.97865949391364,0.22209325104379424,True,0.0007402872574537867,114.54634273048028,-0.001284895876090708,156.61829924991974,0.75
0.9382133171348186,3.9999,899.9907250137293,8.38669216040602,0.8500845240461861,30.06,0.2,14.684996331888312,174663342.98015985,241.50715357794246,1120.9146632352245,12.785167016710565,7.6762187924264715,0.24941109766521843,7.1569325874231025,1072.1360611485336,1675.13870391516,155.9535722530217,14.684139657718056,1121.010404077631,1072.1667098235876,7.156714128595748,12.78531901419463,True,127.44314642350184,0.2507335806981175,True,0.0008566741702562553,114.06400715444062,-0.0013224830328990855,155.9626705999608,0.75
0.9639241044399459,4.0,899.9878565849472,19.61599478696649,0.8768256764285296,30.06,0.2,14.751095143595544,185094777.31225675,251.1163346540115,1106.624271569292,12.75942790482624,8.020213094087246,0.11245300110987212,7.809746225144329,1064.825484770835,1721.0826162466947,163.61015632490955,14.751579462754272,1106.66851965713,1064.8451527290426,7.808999926582105,12.755287926215614,True,134.43701627699002,0.11253009240146623,True,-0.00048431915872804154,116.67931837702147,-7.709129159411132e-05,163.60478472836488,0.75
0.9337929243007754,3.9999,899.7455069128621,7.144684573566972,0.8500068358449919,30.06,0.2,14.671793365717894,173824529.42620203,240.55247782578917,1122.9580663013312,12.790879530786443,7.627382693295356,0.27934603624546933,7.04597267908139,1073.4971793464895,1666.930575847821,155.3414950425203,14.670813005386451,1123.0574271584392,1073.5272702357843,7.045740940594097,12.787965094097336,True,126.94631659062132,0.28052429262464273,True,0.0009803603314431086,113.60616123516785,-0.0011782563791734035,155.35187556059458,0.75
0.9591134330399196,3.9999,899.8413764148216,22.189996617420615,0.8927592620477341,30.06,0.2,14.686062883992962,187517758.6403295,253.39509411603822,1104.9807280069126,12.761299476516719,8.059467221685956,0.10318957015265,7.7909283920164185,1065.3303638741954,1712.2574441084932,165.95211547531125,14.686755544043052,1105.015984602596,1065.345346460932,7.790134482334303,12.759828012638703,True,136.79800392605142,0.10332325793092993,True,-0.0006926600500900548,116.5970901899868,-0.00013368777827993394,165.94428880452114,0.75
0.9372139395269907,4.0,899.9988737216612,7.615508104937305,0.8500016588046703,30.06,0.2,14.70245789556672,174460285.08918422,240.95427215306907,1122.2053472026432,12.787420003997832,7.645594203243771,0.26731557345149326,7.091632287931555,1072.9214417181424,1673.4027008461626,155.59085642017573,14.701517990956035,1122.3047880453105,1072.9520983133984,7.091426062392977,12.785677971770946,True,127.14451265448577,0.2685749797867204,True,0.0009399046106857156,113.8097594985833,-0.0012594063352271423,155.60080373061126,0.75
0.9427316972734733,4.0,899.9867884280304,9.848473793726102,0.850004007588741,30.06,0.2,14.68581986181444,175487888.3095403,242.64706135983553,1118.4072311944244,12.779224427192563,7.736197181895857,0.21722661255008455,7.294956293342223,1070.4594254433136,1683.2436583841047,156.68436021908323,14.685097469227271,1118.4917760834592,1070.4904344614506,7.294707944719354,12.777557871592148,True,128.03642459201276,0.21808489364651426,True,0.0007223925871695513,114.61063676782277,-0.0008582810964297138,156.69206787104707,0.75
0.959042848452974,4.0,899.9988161434119,16.21158983941092,0.8552348977258634,30.06,0.2,14.675741622629502,179622811.68117598,247.81769837467576,1108.6045315846595,12.76888120813367,7.970947510852824,0.12660791027038024,7.813569477564499,1064.444356115157,1712.3783857060157,160.30704151634097,14.675690638423331,1108.682193569152,1064.47352656525,7.81285224115325,12.76309829517199,True,131.13727814054118,0.12684539520421712,True,5.098420617066779e-05,116.68042023413457,-0.00023748493383687896,160.3075984323633,0.75
0.9589330738882342,4.0,899.8419630479121,20.50573676288729,0.880631617466694,30.06,0.2,14.672629163697923,184935649.5297203,251.7224182913496,1105.8176022747484,12.76145332145443,8.039263560943677,0.10820240310099909,7.8133445179119185,1064.8762435618598,1711.976307959792,164.21375050966873,14.673202429124267,1105.8639798799695,1064.895039662929,7.812516912406259,12.759395558938598,True,135.03891855846837,0.10838342732040626,True,-0.0005732654263432835,116.68349973288124,-0.00018102421940717484,164.20733486413042,0.75
0.9382133171348186,3.9999,899.9823930931946,8.667158822306147,0.8500864166759015,30.06,0.2,14.673372750721107,174663731.85094124,241.6980139964998,1120.4400270118385,12.784632065489346,7.687445773574687,0.243238706243243,7.179893869631237,1071.8616167718367,1675.1279255052789,156.07721191694947,14.672544469017396,1120.533721865886,1071.892200243871,7.179668807021061,12.785442213082671,True,127.54414416163604,0.2445685259899167,True,0.0008282817037112977,114.15386983486377,-0.001329819746673705,156.08602265180667,0.75
0.9310511265478748,4.0,899.9583452380365,5.887753394908621,0.8500005602140654,30.06,0.2,14.687080336501174,173312867.19494036,239.61711551425185,1125.143020098087,12.795379002457011,7.575647321299989,0.31435879603843747,6.93057022529517,1074.9155751872893,1662.352248469852,154.7286177470095,14.685996432091319,1125.236934612672,1074.9462245767636,6.93027885372431,12.789285815833942,True,126.4417832099539,0.3151768276635397,True,0.0010839044098549522,113.17533230429795,-0.0008180316251022446,154.74003753945482,0.75
0.9275498716498147,4.0,899.4097399228309,5.011730246089161,0.8500092586385251,30.06,0.2,14.668077024934993,172662884.16106564,238.97837003975977,1126.5095534804566,12.799381623144743,7.543180633184974,0.33919902361693594,6.858909985284274,1075.8143724916267,1655.3936658823388,154.33569688627213,14.666860085508933,1126.5917071811532,1075.8428709339114,6.8586474439867375,12.791493160478312,True,126.131937058707,0.3396176330446426,True,0.0012169394260599375,112.84643298105277,-0.0004186094277066621,154.34850243519634,0.75
0.9532243370383273,4.0,899.5726628724199,13.465957305690587,0.8500191931231207,30.06,0.2,14.671384558365068,177444245.23218903,245.55415370963956,1112.1713321804762,12.769499395519329,7.885621113557885,0.1541402979824385,7.645639287600033,1066.3030116764467,1701.4310772045542,158.57713372716987,14.670964356238352,1112.260607046897,1066.3340340000545,7.645177926119723,12.771644668929254,True,129.58850526857393,0.1550394752412919,True,0.0004202021267154521,115.96564844106564,-0.0008991772588534119,158.58167565415044,0.75
0.9585924828175202,4.0,899.99361579586,20.455692804400524,0.880631617466694,30.06,0.2,14.672033868379492,184869964.62156385,251.65649706961403,1105.9441101278078,12.761720550829713,8.036167725166251,0.10898089307019117,7.8041464707523645,1064.9836874026576,1711.5630272577946,164.16540469898786,14.672577237837253,1105.990321090796,1065.0018040229813,7.803390439439937,12.759588949831825,True,134.99670772476307,0.10915900481589254,True,-0.0005433694577607895,116.65978934485096,-0.00017811174570137034,164.15932516261955,0.75
0.9303305289336105,4.0,899.9965282632307,5.552492365753157,0.8501267833012809,30.06,0.2,14.692004872354918,173204446.36387095,239.373337685779,1125.748619683242,12.796494877630208,7.561366909758327,0.324758431388353,6.898387399550477,1075.31672350565,1661.1123182641354,154.5765894188141,14.69085282724103,1125.8391747063265,1075.346181758729,6.898167565006378,12.789635028846355,True,126.32091187286805,0.3254426414277224,True,0.0011520451138871124,113.05242581291095,-0.000684210039369415,154.58871119327168,0.75
0.9605300456189255,4.0,899.9961783477462,19.006135131483813,0.8718658309491729,30.06,0.2,14.697600654112563,183399723.72704753,250.3831009037979,1106.855603580196,12.763650055862229,8.01388230465123,0.11451955738039916,7.813265627678165,1064.72308346728,1715.03378768974,162.86709260843102,14.698101192156505,1106.8963866269337,1064.7470611409356,7.812307037652764,12.757637799146536,True,133.69053690971,0.11448616341769843,True,-0.0005005380439424556,116.69256399408789,3.339396270073125e-05,162.8615462337741,0.75
0.9519691248151483,4.0,899.9641652895732,13.213977380399557,0.8500011343844677,30.06,0.2,14.669312518215127,177206820.59993458,245.29744989977573,1112.6939707749946,12.770111258894746,7.873070101499074,0.15868232169143434,7.611329463131238,1066.707671259054,1699.7004460731578,158.39662663542995,14.668877957062335,1112.7859801075288,1066.7389555106822,7.610897291690859,12.772349314135116,True,129.43351986330813,0.15963741396986225,True,0.00043456115279205676,115.8639300364676,-0.0009550922784279103,158.4013190884499,0.75
0.9521306711444687,4.0,899.9666909052781,12.939489099055713,0.8500026923364061,30.06,0.2,14.68311309122265,177237216.9247189,245.10893988389645,1113.1510032432939,12.769782001411084,7.862260383082045,0.16252863264095735,7.588920985788144,1066.9648330658442,1699.9921026486716,158.27489664897263,14.682655460228002,1113.2450372672515,1066.996197346411,7.588511643290941,12.772112947045413,True,129.33424655234575,0.1635308277631793,True,0.0004576309946475732,115.77469333155071,-0.0010021951222219383,158.2798297823951,0.75
0.9605300456189255,4.0,899.9995205659663,18.422865136179993,0.8709980036041255,30.06,0.2,14.716852246898501,183217173.51155025,249.92266489809225,1107.6848072909802,12.764872468247246,7.993737438447887,0.11979978547510312,7.775208681046494,1065.1415323499643,1715.03378768974,162.5211391378278,14.717191846176469,1107.724522060618,1065.1628868774176,7.774547194537984,12.762719520575253,True,133.38421930516648,0.11995230719674077,True,-0.0003395992779680057,116.53844559292577,-0.0001525217216376551,162.51738896170164,0.75
0.9382892891141322,4.0,899.9906622826668,7.39677269449,0.850007970932812,30.06,0.2,14.726268123097926,174661756.04888883,240.84090310464848,1122.5703138607132,12.787116238163701,7.637115695849065,0.27214478040905443,7.078019406136407,1073.0780402076316,1675.3117564614354,155.51828050651034,14.725311211104861,1122.6701956176616,1073.1090766143764,7.077803785950105,12.78482205718887,True,127.08566432574935,0.27337060099128624,True,0.0009569119930645797,113.75523877889913,-0.001225820582231807,155.5283867314739,0.75
0.9477274056874777,4.0,899.931443648335,11.780390942939984,0.8500356689418279,30.06,0.2,14.672605473513725,176424402.1564713,244.15210538339068,1115.12298935034,12.773055197709056,7.814874290869113,0.18139565392154888,7.474794425564397,1068.3167461532842,1692.0860661417596,157.65999926786995,14.672048366099947,1115.2204227317302,1068.3477004805573,7.474472506384464,12.774808796697847,True,128.83418896327825,0.18250185476880115,True,0.000557107413778013,115.31791642011243,-0.00110620084725227,157.6659857226755,0.75
0.9281750998738194,4.0,899.991820065259,5.3617466373234235,0.8500038339417985,30.06,0.2,14.668571673598448,172778167.3768282,239.1812673202448,1126.0511222703458,12.79831688301027,7.554013844650548,0.3308314105583676,6.877379595067156,1075.5867861851475,1657.2529122031049,154.44638571009727,14.667431440154436,1126.1390023058293,1075.616855199418,6.877079748851958,12.791071753836238,True,126.21123596310636,0.33142772235721396,True,0.0011402334440120399,112.97003135713845,-0.0005963117988463384,154.458392238644,0.75
0.959093069940404,4.0,899.9614870820579,20.096573247150264,0.8784585004159211,30.06,0.2,14.678416587262372,184510067.51928,251.34274573827986,1106.165214709293,12.761987435277359,8.030795060996375,0.11028949249651179,7.806930227202331,1064.9131660359071,1712.4199475691216,163.84591302191293,14.678926848779552,1106.2111152147668,1064.932011932137,7.806175800585464,12.759099560450787,True,134.67562042712126,0.11043302862540783,True,-0.0005102615171796998,116.6671253111586,-0.0001435361288960324,163.8402174921904,0.75
0.959093069940404,4.0,899.9893903134423,20.176288497603956,0.8784585004159211,30.06,0.2,14.675202385481798,184510067.51928,251.40030830296166,1106.038059322002,12.761874861082125,8.033877133780877,0.10953355302006966,7.81331369748701,1064.840676227853,1712.4568235547683,163.8824271910338,14.675751047211893,1106.0845368638527,1064.8603808041012,7.81248124156531,12.759126804180472,True,134.70476394727925,0.10968579634548296,True,-0.0005486617300949348,116.69554435568242,-0.00015224332541330377,163.87630034847933,0.75
0.9370276530307501,4.0,899.9621209807385,7.732613630575208,0.8500051643904835,30.06,0.2,14.694723593959395,174426327.64121628,241.03050122042816,1122.0000828552165,12.787316424802492,7.650414256745254,0.26450429612420856,7.101116742391403,1072.8084739998844,1673.0230827060816,155.64153122677945,14.693804658773638,1122.0991515985797,1072.8392634293655,7.100890389068537,12.7858696401605,True,127.18649484194108,0.26577760686002166,True,0.0009189351857568084,113.84400637848708,-0.0012733107358131046,155.65126488546966,0.75
0.9623085940932795,3.9997,899.9397833411233,20.671699341899714,0.8829127169035327,30.06,0.2,14.726364279776794,186067362.56380603,252.03737611997497,1105.8919246025112,12.758750802009097,8.037964758090883,0.10813047510296263,7.808877265857422,1064.9552717519675,1718.015328249661,164.5404575521847,14.726951726129098,1105.937249007092,1064.9730069747916,7.808095735542239,12.756927854632497,True,135.36941803612532,0.10831558144408979,True,-0.0005874463523038997,116.66795808384964,-0.00018510634112715862,164.5338941646356,0.75
0.9370272390965849,4.0,899.9903924958246,8.066626199932411,0.8500051635589393,30.06,0.2,14.681288488290324,174426250.41733867,241.25341975895824,1121.4426461194714,12.786637476212691,7.663584248930395,0.2568384184209857,7.127613168790602,1072.4904693683607,1673.0583712249531,155.78450608564356,14.680396822452442,1121.5404478230403,1072.521026463638,7.127397824698606,12.786008306242774,True,127.3025998987071,0.2581451003669347,True,0.0008916658378819164,113.95081986025114,-0.0013066819459490175,155.79396820876104,0.75
0.9465352536033523,4.0,899.5935083183292,10.455606066556943,0.850034243376979,30.06,0.2,14.70837519410392,176202181.32196522,243.22177273461097,1117.2723563874101,12.775506093968948,7.763617320367253,0.20362279219311252,7.367494444837697,1069.5773364114282,1689.5165745918202,157.0710311182415,14.707703420351978,1117.363784312595,1069.6083499495733,7.367216744272964,12.775174653245907,True,128.3599798151718,0.20461797657085856,True,0.00067177375194305,114.86179291943915,-0.000995184377746039,157.0782053311611,0.75
0.9464249291450325,4.0,899.9680256123263,10.898632651486796,0.8500306731865488,30.06,0.2,14.6922689763331,176180903.9102139,243.4924973777301,1116.618254310331,12.774894932072375,7.7791708574252425,0.19667478340934022,7.39587881705904,1069.2472863935113,1689.8047232975441,157.23260487816708,14.691687258400304,1116.7129562490657,1069.2796537850513,7.395500458583723,12.775356784444844,True,128.4843945215238,0.19773615550759596,True,0.0005817179327962663,115.0081028562063,-0.0010613720982557417,157.23883050931954,0.75
0.9519691248151483,4.0,899.9645328455667,12.99265723924255,0.8500000502461376,30.06,0.2,14.678659625292953,177206594.58058143,245.14108390828545,1113.0627764920682,12.769936367468345,7.864330024533032,0.16180501721078058,7.592802512464582,1066.921086112231,1699.7004460731578,158.29559752897805,14.678205565314482,1113.1564641668506,1066.9524072138595,7.59239017286731,12.772253754087286,True,129.3511033309517,0.1627988515750337,True,0.00045405997847147717,115.78998057733375,-0.0009938343642531267,158.30049429209302,0.75
0.947581231223589,3.9997,899.9652769217896,11.547874172790124,0.8500946752493248,30.06,0.2,14.68096732602049,176409435.85267892,243.97962371076727,1115.5391687146632,12.773368943065389,7.804963026143614,0.1854772765294517,7.453527327726499,1068.5769048804227,1691.7557854909885,157.55365388591827,14.680397082524431,1115.6361969477916,1068.6079679098802,7.453212159161944,12.774844867933586,True,128.7499982321009,0.18658211931284774,True,0.0005702434960586089,115.22962547866638,-0.0011048427833960373,157.5597738802143,0.75
0.9370272390965849,4.0,899.9624894829196,8.00484758701667,0.8500051635589393,30.06,0.2,14.683538123399806,174426250.41733867,241.21400420807032,1121.5402724378187,12.786765194552988,7.6612752062942455,0.25816804562195417,7.123175252318438,1072.5435377103013,1673.022343644208,155.7600252563932,14.682700514848804,1121.638327557366,1072.575666221162,7.122840072917006,12.785988174221481,True,127.2826263229247,0.2594680181722239,True,0.0008376085510022335,113.93137788514562,-0.0012999725502697568,155.76891094666027,0.75
0.9515963454058254,4.0,899.7028294597748,12.65030818751585,0.8500035491089946,30.06,0.2,14.685362450121984,177137931.8075216,244.91054999903625,1113.5750399527703,12.770081517382467,7.852129774009811,0.16633895343267396,7.568146855685304,1067.206587408058,1698.6937823711237,158.15611400159443,14.684879134822086,1113.670530006251,1067.2377723920697,7.56774988715998,12.772441320342399,True,129.24222220685235,0.16737954971976962,True,0.00048331529989731337,115.6683277921839,-0.0010405962870956575,158.16131930624607,0.75
0.9464249291450325,4.0,899.9814047313154,10.695803189102463,0.8500020070662971,30.06,0.2,14.700668598536177,176174962.45052674,243.3501384142448,1116.9564460401052,12.775173468324786,7.771133647014267,0.2002339313241534,7.379284842560375,1069.4414286117599,1689.8208548372204,157.13870982288717,14.700018012469295,1117.049972976636,1069.472623597025,7.379014537221582,12.775264929674442,True,128.407249691623,0.20127105532243114,True,0.0006505860668823971,114.9428887226218,-0.0010371239982777392,157.14566438954768,0.75
0.9382133171348186,4.0,899.9823930931946,8.572441144124003,0.8501185308628292,30.06,0.2,14.677600502520761,174670330.21979424,241.6353426246216,1120.6038956290074,12.784795447754304,7.683572394277675,0.24534711266876605,7.17160480348058,1071.9578314999953,1675.1592025504124,156.0376046498731,14.676767756546635,1120.6982798067088,1071.9885260491885,7.1713736957969925,12.78538760187738,True,127.51225983995921,0.2466751283765236,True,0.0008327459741259702,114.12308278466237,-0.0013280157077575627,156.04645807654305,0.75
0.9585827242609632,4.0,899.9912825952196,17.056531302697522,0.8604027601590215,30.06,0.2,14.672069240091345,180621505.5244036,248.55226349139392,1108.1310227872636,12.769052104306114,7.982270372589397,0.12338054039581693,7.8061415570824675,1064.6211334287525,1711.5456033942637,161.06227271094514,14.672172842510447,1108.1993919772433,1064.6473313360814,7.805434313832747,12.763727647708286,True,131.8980110925256,0.1235712395654563,True,-0.00010360241910234436,116.65425239886832,-0.0001906991696393745,161.06113542601412,0.75
0.9382892891141322,4.0,899.8452685035853,8.18631270319889,0.8500105101495061,30.06,0.2,14.692282451545443,174662277.81346276,241.3856257974884,1121.2008876976515,12.785522700610347,7.669447141946986,0.25320483695821283,7.145005810773909,1072.2726544000989,1675.1242459583668,155.87520979424693,14.69140781481339,1121.297874298083,1072.3034466329677,7.144772840624531,12.785201156153322,True,127.37932072884581,0.2545144208488168,True,0.0008746367320533466,114.00630506864258,-0.0013095838906039825,155.88448965263905,0.75
0.9366666038331349,4.0,899.9917501889653,7.412395396953096,0.8500094685255338,30.06,0.2,14.70322406553168,174360001.755813,240.80142685616482,1122.551053270462,12.788232266266565,7.637366074878486,0.27241421001459576,7.073167939623438,1073.1476247195449,1672.4144584107903,155.4928687999399,14.702263420534983,1122.6508289478259,1073.1782080253356,7.072962915767918,12.785978501272716,True,127.06498465711489,0.2736443818466292,True,0.0009606449966970132,113.73644219904993,-0.0012301718320334443,155.50302869451957,0.75
0.9417254023480327,4.0,899.9192785920468,9.596271786395954,0.850328147630868,30.06,0.2,14.68437122893134,175367417.25377667,242.45408421307553,1118.8849875569072,12.780381628970654,7.724743909523067,0.22305355215251668,7.266731236325875,1070.8057353882,1681.3491651220609,156.5796634304489,14.683669615926704,1118.9677106452202,1070.837253282654,7.266423742473909,12.783350163904503,True,127.96097042358711,0.22434131504662996,True,0.0007016130046366698,114.49311378948842,-0.0012877628941132813,156.58714509756604,0.75
0.9281750998738194,4.0,899.991820065259,5.3617466373234235,0.8500031870835862,30.06,0.2,14.668566587488785,172778035.8915666,239.18125421272651,1126.0509903627092,12.79831691751766,7.554016902222347,0.3308291961179366,6.877389768002002,1075.5866492170371,1657.2529122031049,154.44634322200534,14.667426299286673,1126.1388708889956,1075.616718027225,6.877089974041614,12.791071764595943,True,126.21118415201352,0.3314255108862177,True,0.0011402882021123162,112.970070060713,-0.0005963147682810921,154.45835032805394,0.75
0.9595441049773035,4.0,899.9667151357976,21.28596456614397,0.8855365919409419,30.06,0.2,14.682381670415886,186084208.07810417,252.47864784525797,1105.3416919171636,12.760435430056782,8.050918440467154,0.10526729388278745,7.812069193451565,1064.967833044916,1713.228499029201,164.96414215297378,14.683013077931903,1105.385992465694,1064.984905908364,7.811255804930964,12.759173118188553,True,135.78680082100848,0.1054661727501431,True,-0.0006314075160176458,116.69184702424948,-0.0001988788673556452,164.95704826845048,0.75
0.9585829296632362,4.0,899.9929989760676,23.22283546290478,0.8980909259311027,30.06,0.2,14.67175868957525,188533297.9038232,254.33526201522685,1104.1392913750765,12.76275397390347,8.07951879230038,0.09862963837562581,7.8027937885448475,1065.2797313482708,1711.545970139197,166.8434006260071,14.672541118290427,1104.172066387419,1065.2945193162172,7.8018952853129555,12.755245445362613,True,137.6721049280294,0.09849369959814905,True,-0.0007824287151763087,116.66315708719745,0.00013593877747676564,166.83450352587053,0.75
0.9586249801686113,4.0,899.9721023546915,23.504281069711237,0.8992042505236106,30.06,0.2,14.66712707146206,188775295.21426877,254.59518201038657,1103.8353511086502,12.762821194149279,8.0868527313377,0.09700868612426368,7.813192208252718,1065.1782003285605,1711.5874376040426,167.07357181715938,14.66793050035725,1103.8717209585548,1065.193036905807,7.812256937019874,12.755325483527784,True,137.89214836237778,0.09689476430707512,True,-0.0008034288951908053,116.70303364800878,0.00011392181718855587,167.06442044197271,0.75
0.941203820911688,3.9999,899.9823255726166,8.395170013873216,0.8500864166759015,30.06,0.2,14.725680467992396,175220462.96980608,241.60713084771456,1120.883698800318,12.783007757194484,7.677331846453885,0.2480853903292485,7.1691220562833,1071.969996948574,1680.4673044039512,156.01852385312105,14.724829121492617,1120.9791847400113,1072.0012903249938,7.168894031625503,12.783203008838308,True,127.49635922821624,0.24940182765952001,True,0.0008513464997790265,114.11077161949832,-0.0013164373302715082,156.02754438728732,0.75
0.9541908083977876,4.0,899.7761910398091,13.799887703774761,0.850328147630868,30.06,0.2,14.674671690673362,177688716.07242873,245.8132907183249,1111.712869073018,12.769177728106474,7.896601789618316,0.15025821493716224,7.668576702783243,1066.0403116569025,1703.42166629087,158.7540176628246,14.67429268577853,1111.7979784178353,1066.0714224308308,7.668087642421646,12.771030677385637,True,129.73761072992997,0.15108205777613934,True,0.00037900489483178035,116.07567998839494,-0.0008238428389771013,158.75811793198622,0.75
0.9382892891141322,4.0,899.9906622826668,8.818095076330398,0.8500045031897964,30.06,0.2,14.667720017793313,174661043.48841253,241.80173027908333,1120.1689304186793,12.784287778199499,7.693869476403947,0.23975977407249088,7.193504992724517,1071.6938502028106,1675.3117564614354,156.13853137551519,14.666905070476393,1120.261592116021,1071.724523888732,7.193273479585513,12.785439606716208,True,127.59122078570533,0.2410915411906024,True,0.0008149473169201116,114.210509493378,-0.0013317671181115043,156.14720700794078,0.75
0.9341289942843983,4.0,899.9112552577604,7.299401701477446,0.8500031801368945,30.06,0.2,14.671876302738854,173886340.63199863,240.6544587514206,1122.731880451871,12.790276151002058,7.632774460140933,0.27589783436106485,7.0562997723240795,1073.3677499574255,1667.7845151605702,155.40030580188076,14.670914209696488,1122.8315051347884,1073.3980822459775,7.056070529290117,12.787742816390258,True,126.99058209416016,0.2771091815057062,True,0.0009620930423661633,113.66387665726045,-0.0012113471446413282,155.41049668370695,0.75
0.958269668863277,4.0,899.9430715391052,18.661411640889618,0.870715646294807,30.06,0.2,14.674125184635269,182726760.9219501,250.0115794183348,1107.255920052256,12.766126553425055,8.0038105589115,0.1173939267943511,7.791242731839108,1064.9676209290903,1710.9144898292761,162.56610302867355,14.674473951813171,1107.2942803351418,1064.9890585276069,7.790543580089783,12.764507655614116,True,133.4144399719247,0.11756091011918306,True,-0.0003487671779023316,116.5971394464101,-0.00016698332483196243,162.5622393316741,0.75
0.9604333428877646,4.0,899.9125471150866,16.712078461157848,0.8586737621952657,30.06,0.2,14.697477128610677,180606545.86038226,248.3295695572562,1108.3529360393077,12.767877650348089,7.977161169282656,0.12462479191906327,7.812235288362226,1064.509982511409,1714.7480347071262,160.82740746667207,14.697524464091572,1108.4249188933138,1064.537148754821,7.811531951056268,12.762257213208747,True,131.65959607320747,0.12482722198969369,True,-4.733548089497219e-05,116.66997348404874,-0.00020243007063042162,160.82688949899037,0.75
0.9589816839149151,4.0,899.9660823019259,24.094679066710356,0.9033382314450683,30.06,0.2,14.673474515186548,189713732.5126141,255.21368155786578,1103.482592268887,12.76193658876123,8.095545148670762,0.09504522382015308,7.811098276725174,1065.2646952832126,1712.2243182025563,167.69737876789966,14.67430141553926,1103.524391427131,1065.2787882601685,7.810159661601941,12.755255855409676,True,138.51747190576742,0.09499468386157878,True,-0.0008269003527114904,116.69620965209836,5.053995857430549e-05,167.68792898097453,0.75
0.9593957936161682,4.0,899.9902325681284,13.59214520267164,0.8500053602073325,30.06,0.2,14.752687948088704,178590165.45016077,245.81712882540614,1111.9998021313747,12.765009774174445,7.890518488368027,0.1515719241738464,7.672827228971124,1065.9526332099815,1712.997335461758,158.73143934854272,14.75229428276245,1112.0876150541967,1065.9850048264498,7.672332396343695,12.767099251829977,True,129.70633731394574,0.15244034863345826,True,0.0003936653262535117,116.1107915114604,-0.0008684244596118551,158.73567510080335,0.75
0.9465352536033523,4.0,899.9936418524853,10.455606066556943,0.8500000517471396,30.06,0.2,14.712322468187764,176195093.79601246,243.18658573816555,1117.3618565096974,12.775448279490838,7.761516009881973,0.20455550104372117,7.3596639763305784,1069.6711432605446,1690.034892931635,157.03253545552124,14.711653682258941,1117.4536653716727,1069.7025335874814,7.35939696183317,12.775076435583584,True,128.32035182165734,0.20555585140968113,True,0.0006687859288234677,114.86623391650821,-0.0010003503659599677,157.03967409216594,0.75
0.957957626496725,4.0,899.9992166970619,13.465957305690587,0.8500191931231207,30.06,0.2,14.739111551080969,178325354.68646547,245.67759740572404,1112.2290384156609,12.765926848815806,7.884892840556734,0.153689522821095,7.655904487892295,1066.156415184137,1710.440713552397,158.64178586997278,14.738702775483413,1112.3183067363684,1066.1885092890327,7.655434503444364,12.768092136832061,True,129.63344395480314,0.15458711040339618,True,0.00040877559755614357,116.0441534509209,-0.0008975875823011847,158.64618577489009,0.75
0.9515721916786356,4.0,899.7028294597748,12.65030818751585,0.8500032711580658,30.06,0.2,14.68503636074346,177133377.71247795,244.90972957592913,1113.5752012846176,12.770099385567365,7.852122715389488,0.16634535068271905,7.568053504180304,1067.2078207115217,1698.650665574389,158.15556922625103,14.684545895605083,1113.6706912019333,1067.238819416908,7.567671431740891,12.772458847307735,True,129.24183232087452,0.167386043150652,True,0.0004904651383768055,115.66789725505461,-0.0010406924679329521,158.1608516363233,0.75
0.9585178550892229,4.0,899.9694676679931,23.86267768067991,0.9022265849471219,30.06,0.2,14.670382551528384,189388625.55652285,254.97358382247256,1103.710242478876,12.76264287578015,8.089910252853166,0.09630674768333396,7.803209542590233,1065.340012188932,1711.396169961402,167.48117365779493,14.67120573734121,1103.7501378708275,1065.3543884888943,7.80227223655243,12.755520288147661,True,138.3092761138114,0.0962274812595919,True,-0.0008231858128269209,116.66430770866117,7.926642374206372e-05,167.47177646655248,0.75
0.9382892891141322,4.0,899.9906622826668,8.18631270319889,0.8500105101495061,30.06,0.2,14.693789589581009,174662277.81346276,241.3736281467983,1121.2356824242413,12.785499311027717,7.668636128237839,0.2536521008575389,7.142013618140599,1072.3093955939637,1675.3117564614354,155.86241201797762,14.692968344156501,1121.3328183762626,1072.3416773950335,7.141681292381791,12.785166306771623,True,127.36579186503512,0.25496383645488596,True,0.0008212454245075662,114.00783628176318,-0.0013117355973470413,155.87112375611824,0.75
0.9464249291450325,4.0,899.9814047313154,10.747528052234122,0.8500020070662971,30.06,0.2,14.698505897088417,176174962.45052674,243.38594434583717,1116.869584437285,12.77510006545033,7.773197805388985,0.19931381970400583,7.383557217467709,1069.3913050200763,1689.8208548372204,157.16183082019208,14.697859779083627,1116.9634479489353,1069.4224798145854,7.383285013721632,12.775287649177345,True,128.4261050091598,0.20035792503273922,True,0.000646118004789642,114.95983933667736,-0.0010441053287333912,157.16873965522555,0.75
0.9472883174132937,4.0,899.975385867278,11.50663852456664,0.8500002320702906,30.06,0.2,14.678343148988343,176335312.08867848,243.94233698280422,1115.5884493856154,12.773580443084356,7.803758481599548,0.1860256756310562,7.449952398532915,1068.6087929913563,1691.3624155639095,157.52101553002427,14.677795337519646,1115.6856244566443,1068.6406732850235,7.449580002659401,12.774996876577228,True,128.71871229913938,0.18713028389020245,True,0.0005478114686976454,115.22362468366484,-0.0011046082591462392,157.52689460224758,0.75
0.9626438262496587,4.0,899.8470734728699,20.671699341899714,0.8829127169035327,30.06,0.2,14.72995276984706,186132181.44162437,252.06310825955794,1105.8575210128593,12.7584818777194,8.038842387119118,0.10788589458601544,7.812154123595745,1064.9055457283484,1718.604307095302,164.55751673043727,14.730531003353677,1105.902833814008,1064.9230821590356,7.811384280746986,12.756657794417976,True,135.38367165004436,0.10807054407448669,True,-0.0005782335066175648,116.67943660951357,-0.00018464948847124463,164.55105717579409,0.75
0.9474170834289841,3.9996,899.9474237191611,11.329893944273934,0.8500881107982398,30.06,0.2,14.687569476813712,176377514.7611427,243.8225514224456,1115.9022169720308,12.77371004926092,7.79631096479131,0.1891243767139572,7.435357805078301,1068.793201375164,1691.4015773046247,157.45351773167425,14.686976582460463,1115.9986977601534,1068.8241992154824,7.435061079584969,12.774886617997328,True,128.66903382846843,0.19022124546802655,True,0.0005928943532484965,115.15351759397717,-0.0010968687540693356,157.45987392765767,0.75
0.9581982117943925,4.0,899.8386893356397,21.066929356745263,0.8852292557015817,30.06,0.2,14.67105527311503,185758707.06561157,252.26107846225872,1105.6528687672228,12.76140499539057,8.043241390565235,0.10722737262031054,7.7936400754532675,1065.1799597614602,1710.6643639581384,164.8100908485919,14.671651676920277,1105.6969882341343,1065.1965653471568,7.792889152000439,12.760120974189997,True,135.6542470639573,0.10742801841372121,True,-0.0005964038052468368,116.60683139830141,-0.0002006457934106698,164.8033913053169,0.75
0.9324921124059683,4.0,899.9776129783387,5.620817122027532,0.8500286903159274,30.06,0.2,14.718450302266683,173586847.68316537,239.4819513954359,1125.603005969838,12.794886833915562,7.565038302799543,0.32144599561109544,6.91363325291187,1075.1132942447323,1664.9441175839395,154.6423071024732,14.71730336981039,1125.694901062795,1075.1433152389118,6.913409838377029,12.788146097086665,True,126.37227320697615,0.32216220524751343,True,0.0011469324562938255,113.10967818845977,-0.0007162096364179971,154.65435851411266,0.75
0.9581966563158146,4.0,899.9898339805972,21.066929356745263,0.8852292557015817,30.06,0.2,14.672655325842864,185758405.5166357,252.24642908674528,1105.689345227981,12.76138438881591,8.042366183867536,0.10743196243565305,7.79040122488296,1065.2176486324593,1710.856280629095,164.79516808616617,14.673256202437287,1105.733597688917,1065.2343557629122,7.789651183338514,12.760082996707752,True,135.63919303779284,0.1076329543197263,True,-0.0006008765944223171,116.60723604895244,-0.00020099188407325663,164.78841964819094,0.75
0.9477274056874777,3.9996,899.931443648335,11.818816864857006,0.8500356689418279,30.06,0.2,14.670689551663243,176424402.1564713,244.17385355425523,1115.0672645838736,12.773085201686444,7.8161889473297705,0.18087099768304044,7.478308279633935,1068.2893218804552,1691.9373504512844,157.67805467787593,14.670135473072326,1115.1645882764171,1068.3202415559222,7.477985565199561,12.774880013325383,True,128.85098812796488,0.18197608984391836,True,0.0005540785909161627,115.32286542629035,-0.001105092160877924,157.68401004444462,0.75
0.9585833650663783,4.0,899.998562578573,23.22283546290478,0.8980909259311027,30.06,0.2,14.671823870847106,188533383.53855315,254.33501283444488,1104.1406235866957,12.762753016854202,8.079486776188642,0.09863647139712578,7.802677053958054,1065.281086950548,1711.5579745835441,166.84292649006713,14.672600458771552,1104.1734104421755,1065.2957613017152,7.801790411021335,12.755243688174753,True,137.67161067249506,0.09850059421121272,True,-0.0007765879244452378,116.66340216194982,0.0001358771859130553,166.8340958671414,0.75
0.9588163022501492,4.0,899.9917979944076,19.281502605954152,0.8730933433933208,30.06,0.2,14.672053113741937,183330258.9144432,250.55903230037998,1106.6306193143582,12.764200659834579,8.019192997097079,0.11332468509399007,7.811727637267287,1064.7713940364597,1711.9626559556368,163.04762663595042,14.672528463353338,1106.6732774812558,1064.7935799617953,7.810863855702328,12.759023126772647,True,133.87282082902834,0.11334323074846123,True,-0.00047534961140094367,116.68621147135164,-1.854565447115264e-05,163.042344340799,0.75
0.9595441049773035,4.0,899.9667151357976,21.28596456614397,0.8855365919409419,30.06,0.2,14.682381670415886,186084208.07810417,252.47864784525797,1105.3416919171636,12.760435430056782,8.050918440467154,0.10526729388278745,7.812069193451565,1064.967833044916,1713.228499029201,164.96414215297378,14.683013077931903,1105.385992465694,1064.984905908364,7.811255804930964,12.759173118188553,True,135.78680082100848,0.1054661727501431,True,-0.0006314075160176458,116.69184702424948,-0.0001988788673556452,164.95704826845048,0.75
0.9588200276267238,4.0,899.9994857132396,14.694283717920761,0.8500000897593728,30.06,0.2,14.697975446786007,178481880.7467212,246.58405612877183,1110.170935323229,12.767119399004212,7.93377615004805,0.13771293710940585,7.76348774491976,1064.922033060732,1711.9805374061493,159.22607899081302,14.697676358658507,1110.2483147193425,1064.9542747851076,7.762867933362022,12.76268078319376,True,130.10940086572856,0.138047610781957,True,0.00029908812750001346,116.47465526304327,-0.00033467367255113345,159.229319137667,0.75
0.9296469123667466,3.9999,899.9998975872007,5.000525530232494,0.8500069141820721,30.06,0.2,14.703810149361736,173052769.7973244,238.9851545488751,1126.666919658397,12.797870348167246,7.539798582908897,0.34102006983045474,6.853791975273318,1075.8699994076512,1659.8555217454855,126.09907231001154,14.702590443568372,1126.7504756433593,1075.8992946227834,6.853563505562725,12.789886947172068,True,126.10953330799857,0.3414528875514342,True,0.0012197057933640565,112.87562124087653,-0.0004328177209794726,126.10953330799857,1.0
0.960925026922574,3.9999,899.8788565727898,23.716228868397227,0.9016009500578603,30.06,0.2,14.702668965755215,189732587.90289563,254.94625592907352,1103.7891972841808,12.761039334984659,8.088293282658025,0.09645371216307295,7.812305351698315,1065.2162995939395,1715.5412488814222,138.26395471715188,14.703489999570351,1103.8282321229647,1065.2307419302772,7.811363478882545,12.753684873316551,True,138.25623414317653,0.0963603354074264,True,-0.0008210338151357632,116.69002178589699,9.337675564655146e-05,138.25623414317653,1.0
0.9601001787883511,3.9999,899.9816432773131,17.723704296475024,0.8642277430528474,30.06,0.2,14.69142427766116,181711669.89092475,249.20085296443915,1107.675546192688,12.767068223425014,7.993561154390356,0.12005585723775365,7.8133066367942074,1064.5992393257636,1714.2047124242936,132.52021805616795,14.69163709035306,1107.7338650800525,1064.6237157535468,7.812583700343239,12.762854068017896,True,132.51829846176452,0.12022979006230795,True,-0.00021281269190076557,116.68255450267463,-0.00017393282455430148,132.51829846176452,1.0
0.9588230570864242,3.9999,899.9941021097316,23.21470223824964,0.8973404113479015,30.06,0.2,14.669962884072868,188422933.42163372,254.31271558790192,1104.030564426801,12.762611581390921,8.082172178770037,0.09804088314580887,7.813670588666224,1065.1457899829054,1711.9409548190822,137.61569540131842,14.670748452891154,1104.0632934299092,1065.1608605355957,7.812750399593231,12.755085077593314,True,137.60832654760512,0.09790474889303118,True,-0.0007855688182853982,116.7043890402968,0.00013613425277769764,137.60832654760512,1.0
0.9582414057456033,4.0,899.9803010752494,18.548387493287688,0.8693241005223803,30.06,0.2,14.66887316634312,182429353.00924534,249.88440723014045,1107.2130616875536,12.766529519179151,8.004767161406733,0.11717757165977562,7.800977011249855,1064.8338310728989,1710.922465092421,133.24814991911308,14.669202030641433,1107.2553896867767,1064.8559257837828,7.800259552586336,12.764490783888272,True,133.24516267009756,0.11734957769410441,True,-0.0003288642983125811,116.6392445600429,-0.00017200603432879213,133.24516267009756,1.0
0.9603558485844138,3.9999,899.9816624396559,23.57947184958916,0.90049120095229,30.06,0.2,14.694966959118867,189386807.9749921,254.76787923370716,1103.881457355895,12.76152770104301,8.085973753545044,0.09702106577844558,7.810373140835744,1065.2245200871753,1714.6611964234826,138.08430987328333,14.695781747374829,1103.919076753551,1065.2391516219152,7.809437603999485,12.754044346654727,True,138.07665397066097,0.09691429367963933,True,-0.000814788255961929,116.69122526304619,0.00010677209880624594,138.07665397066097,1.0
0.9587873689097642,4.0,899.9937989261972,16.046094158720692,0.8558365575941574,30.06,0.2,14.68399280949855,179701293.36850914,247.70416087145063,1108.990611385131,12.768906415912111,7.961692631066143,0.1292622211579077,7.789333473011306,1064.7314694888735,1711.9151167423693,131.1203992916307,14.683939445197389,1109.0669818482331,1064.7601782115623,7.78865793656195,12.763207290969245,True,131.12087580874672,0.12949973574138665,True,5.336430116109625e-05,116.58328506270391,-0.00023751458347895382,131.12087580874672,1.0
0.9593297074263654,3.9997,899.9711403084647,19.050925201637448,0.8717937859167764,30.06,0.2,14.6789232594737,183155400.044244,250.36699221131605,1106.7867721206194,12.764489841183023,8.015384840701397,0.11426924759849494,7.813644417096595,1064.734718584544,1712.7385791868296,133.68686868240277,14.679312784151536,1106.8277338351006,1064.755923437742,7.812902600805832,12.75860624903104,True,133.68332121834774,0.11424408629291859,True,-0.0003895246778355954,116.6836709929683,2.5161305576351656e-05,133.68332121834774,1.0
0.9341959954161485,4.0,899.9833281037995,7.349815162474858,0.850000692246399,30.06,0.2,14.671465288106663,173898303.77785382,240.68393090070046,1122.6631341219447,12.790111395055863,7.63441031514969,0.27486826613012366,7.059183698249983,1073.3328888699907,1667.9898257091133,126.99454862330386,14.670511876216487,1122.762827058288,1073.363350086364,7.058950312289014,12.78770038592361,True,127.00280178540662,0.27609002623496426,True,0.0009534118901761701,113.68112911529384,-0.0012217601048405968,127.00280178540662,1.0
0.9578707105815255,4.0,899.9890091442405,21.141995105256164,0.8856322320737,30.06,0.2,14.667946071541746,185779749.52086243,252.30360960452833,1105.6353761513608,12.761598997160368,8.043627631964618,0.10715476100575573,7.789791986246158,1065.2330017589063,1710.2784230395891,135.70388836899602,14.668553642617463,1105.6793848144223,1065.2496266545938,7.789037204503043,12.76035276103217,True,135.69826751778982,0.1073562347056318,True,-0.0006075710757169617,116.60534208673852,-0.00020147369987606745,135.69826751778982,1.0
0.960987778061577,3.9999,899.9705672604175,15.480171164642194,0.8519015545766921,30.06,0.2,14.707122278448324,179285571.6319257,247.27418219048906,1109.1860461131484,12.766763349640902,7.957401065940431,0.1303405770265086,7.810865752553722,1064.407036105849,1715.7747948653416,130.61133256016936,14.706939711345964,1109.2668486769542,1064.438346458979,7.810169597579588,12.761412445563241,True,130.61295392620397,0.13063196548306985,True,0.00018256710236030926,116.66122826428509,-0.00029138845656126455,130.61295392620397,1.0
0.9609168601082645,3.9998,899.08578040173,22.601965296468503,0.8955366037171362,30.06,0.2,14.70217446456396,188454807.31075504,253.9485865502125,1104.518558078006,12.760587335533977,8.070752168341578,0.100432591277506,7.813536692480528,1065.1064222572545,1714.4377747325552,137.33741594651755,14.702888068508301,1104.5473733476017,1065.120761070791,7.8126927928424905,12.758831181042641,True,137.33075028183532,0.10051470117688845,True,-0.0007136039443409459,116.61783626837718,-8.21098993824404e-05,137.33075028183532,1.0
0.9597172910492822,3.9999,899.8590398044948,20.736677018999444,0.8822686442984184,30.06,0.2,14.684456772415373,185430952.60511476,251.97520873938458,1105.6961085214389,12.760608309120776,8.042344385999879,0.10735101063657199,7.813475262840001,1064.900418073994,1713.3588539704606,135.2968133091232,14.685029516175213,1105.7420781591907,1064.9181191880514,7.81269455872125,12.758895936897414,True,135.29153647903826,0.10754379054262035,True,-0.0005727437598395113,116.68367226034633,-0.00019277990604836537,135.29153647903826,1.0
0.9308361001527187,3.9999,898.7643992635965,5.852218800323857,0.8500001932652983,30.06,0.2,14.673254792174728,173272765.76006624,239.68011505435913,1124.9215400548944,12.795818797429773,7.580722362021788,0.31099942611527953,6.951234805303426,1074.6607272376689,1660.3934779525127,126.52229823255875,14.672125911208898,1125.0135168400752,1074.689454549658,6.950965882679168,12.789716068428628,True,126.5320329237066,0.31177656641036083,True,0.0011288809658296373,113.14808213065254,-0.0007771402950813022,126.5320329237066,1.0
0.9597305707321286,4.0,899.98939203945,19.90138437494348,0.8774543737644176,30.06,0.2,14.688378873426794,184421664.35172564,251.18807456040875,1106.3193458075239,12.761916494606133,8.027097786570092,0.11115698427410199,7.806646310145851,1064.8961911902134,1713.599203861373,134.5244714066598,14.688902060075373,1106.364748625496,1064.9161285075277,7.805838024494897,12.75854582803272,True,134.51967993844394,0.11127593282001456,True,-0.000523186648578644,116.66839462196481,-0.00011894854591257276,134.51967993844394,1.0
0.9582285646990385,4.0,899.9992764725541,18.695083419006444,0.8701218902848343,30.06,0.2,14.668366240018454,182594323.8290079,250.01368960960465,1107.110843683581,12.766157107826754,8.007291185970846,0.11650256244035022,7.801498106585162,1064.841509744517,1710.924608901178,133.3732552963811,14.668714413912687,1107.1501089673652,1064.8632885106804,7.800776304577631,12.764546350885995,True,133.37008957344366,0.11667457600864353,True,-0.00034817389423302814,116.64360003616099,-0.00017201356829331382,133.37008957344366,1.0
0.9587002912698233,4.0,899.9922470098701,21.694809119192797,0.8881306715187613,30.06,0.2,14.671911160459647,186465200.7790196,252.8369369156966,1105.1021051943237,12.76116003816374,8.056564497204203,0.10398177403430797,7.806943668066351,1065.0730969101078,1711.7596395917735,136.16777085606876,14.672570042752636,1105.1438262051786,1065.0893912159688,7.8061323695579,12.759935019026695,True,136.1616561445471,0.10416482925044432,True,-0.0006588822929884941,116.67528077114952,-0.00018305521613634634,136.1616561445471,1.0
0.9609133889374859,4.0,899.917254056513,19.35193553207269,0.8746338878764564,30.06,0.2,14.706769705560356,184055419.62515572,250.74385036155982,1106.725524720158,12.762367718612529,8.017243387940063,0.11356584292956616,7.806424891906588,1064.8444335509903,1715.6097092262794,134.08942905939998,14.707204606201449,1106.768259151043,1064.8645373550262,7.805697070944697,12.75748141043889,True,134.08546395656614,0.1135990371562123,True,-0.00043490064109263926,116.65838640499368,-3.3194226646146574e-05,134.08546395656614,1.0
0.9529983254269799,4.0,899.9749030256203,13.09319439052294,0.8500003604242873,30.06,0.2,14.68829765611424,177398242.35239244,245.24621478885436,1112.8882016264038,12.769246872707912,7.868605965978311,0.1601146158338815,7.605180085518972,1066.7717284431358,1701.5539480783862,129.40202454192763,14.68785591087561,1112.9811276888229,1066.803256658924,7.604751246518358,12.771547469474593,True,129.40591637805113,0.1610903769133852,True,0.0004417452386302756,115.84029841080323,-0.0009757610795037008,129.40591637805113,1.0
0.9586921180628569,3.9999,899.9557969760186,16.99291385238481,0.8597916575561579,30.06,0.2,14.671219928469734,180513816.72671098,248.49556887022234,1108.1200238032764,12.769062725760536,7.9825322957121685,0.12331329014028625,7.811174189020483,1064.5559524793132,1711.6565343590403,131.8279336834889,14.67131200386631,1108.1895687516828,1064.5825531976639,7.8104530324964925,12.763651783119228,True,131.82710634716952,0.12350754589189178,True,-9.207539657651864e-05,116.66846252305282,-0.0001942557516055321,131.82710634716952,1.0
0.9341959954161485,4.0,899.9833281037995,6.646307652328206,0.850000692246399,30.06,0.2,14.700207077317069,173898303.77785382,240.2133465904322,1123.8535383380256,12.7916092146913,7.606354587921999,0.29263776282857934,7.002487857777035,1074.0188864445204,1667.9898257091133,126.74624936274216,14.699175159765069,1123.9523676942379,1074.0493532582234,7.002264023535036,12.78739308577078,True,126.75514725517122,0.29370503131815134,True,0.001031917551999939,113.45819933526097,-0.0010672684895720042,126.75514725517122,1.0
0.9601302481238844,4.0,899.9953481311245,22.178180265767374,0.8918279408602581,30.06,0.2,14.694956842621934,187520732.93451726,253.38426165136633,1104.8649309168327,12.760543017231894,8.062399011056005,0.10243328073275801,7.804344273692162,1065.154055190806,1714.3200795537673,136.72382515512064,14.695664686248673,1104.9013188090646,1065.169688658941,7.803508443429161,12.759022754884349,True,136.71723960146753,0.10257026993873997,True,-0.0007078436267384802,116.6670220498988,-0.00013698920598195774,136.71723960146753,1.0
0.9601020799635203,3.9996,899.9566689779845,22.412177126270198,0.8942869939721148,30.06,0.2,14.700621179738542,188032270.5760635,253.64176575699446,1104.867826967755,12.760873209760538,8.062269017301109,0.1024244651566624,7.791758783661635,1065.3502670443509,1714.0600432957315,137.04396881095977,14.701366046078643,1104.9002021292488,1065.365791744606,7.7908933415199115,12.759177265992449,True,137.0370252766541,0.10253077084255673,True,-0.0007448663401010691,116.60474048034035,-0.00010630568589432843,137.0370252766541,1.0
0.9306872873643187,4.0,899.9718553489326,5.843783734583364,0.8500034423943751,30.06,0.2,14.68395085677967,173245726.86902225,239.57601162071063,1125.2223664671144,12.795714277200723,7.573741649975464,0.31580851547980154,6.9254046496765875,1074.9813065350688,1661.7181646479805,126.41040783630713,14.6828276996603,1125.3158468895197,1075.0109597379496,6.9251835050837345,12.789519748138396,True,126.42007755064472,0.3166104526838304,True,0.001123157119369722,113.15593407006591,-0.0008019372040288797,126.42007755064472,1.0
0.9598107459577906,4.0,899.9932201718888,15.205624049262513,0.8500330840996023,30.06,0.2,14.68939077387083,178673235.68054482,246.98767356507267,1109.3156630889637,12.767227569590723,7.954213840710622,0.1314591390022941,7.810617812354996,1064.381213398758,1713.7423567493329,130.3223616313946,14.689140388631232,1109.3973703165484,1064.4136555451462,7.8099195738795455,12.762173222723028,True,130.32458305449214,0.1317764186783698,True,0.0002503852395978612,116.66309051058053,-0.00031727967607569907,130.32458305449214,1.0
0.9503260466537589,3.9999,899.9879505080675,11.770344381031677,0.8500030650092123,30.06,0.2,14.708335893482836,176901367.2512847,244.22488675893948,1115.1282837655688,12.771147184044072,7.815092891033807,0.18086393616410681,7.483725248329229,1068.1986302693028,1696.76987602024,128.8637821235696,14.707783158175712,1115.2261413016047,1068.2301480462568,7.483391946666219,12.772922382647986,True,128.86862497183728,0.18197267463003622,True,0.0005527353071244079,115.3562617871022,-0.0011087384659294042,128.86862497183728,1.0
0.9471012089140172,4.0,899.986607633841,11.079741232883894,0.8500052278334068,30.06,0.2,14.69384925049281,176301518.49980152,243.6389713018012,1116.308968741545,12.77416574730637,7.786610816841154,0.19331342334728258,7.41353254111077,1069.0356975173872,1691.0494747845096,128.55343816773873,14.693231729354508,1116.404773055672,1069.0668492502887,7.413247201081553,12.774942838326867,True,128.55884095910093,0.19439476698638997,True,0.0006175211383023793,115.08013034270027,-0.0010813436391073905,128.55884095910093,1.0
0.9506501059876264,4.0,899.9568514153876,12.732092658143197,0.8500164849259148,30.06,0.2,14.672023735550132,176964484.1588959,244.91411071041728,1113.5105934244034,12.770772462984006,7.853535976881485,0.16595196942226778,7.565574815352649,1067.2443041563874,1697.3376009547958,129.22880161142993,14.671547589569503,1113.6058563645977,1067.2755160556223,7.565184923238542,12.773099330060223,True,129.23299556398288,0.16698581051236436,True,0.00047614598062928337,115.6811151464344,-0.0010338410900965767,129.23299556398288,1.0
0.936972271524156,4.0,899.9860007804496,7.491539883003883,0.8500001424393201,30.06,0.2,14.704066797106995,174414987.98013955,240.8650829168571,1122.4126627423611,12.787851840830701,7.640669185424802,0.2703346757805746,7.080978602851606,1073.0512286485782,1672.9642542272577,127.08946714255912,14.70312032140613,1122.5123408299173,1073.0820084389266,7.080760379004038,12.785798136596537,True,127.09764820139948,0.27157649462996125,True,0.0009464757008643687,113.76743471545761,-0.0012418188493866777,127.09764820139948,1.0
0.9418457625429509,4.0,899.9711704121435,9.968708535354274,0.8500000156715852,30.06,0.2,14.668555838830885,175322149.70094663,242.7023476300487,1118.206259034342,12.7796685386468,7.74085068006255,0.21516437683328268,7.3017710207342965,1070.3846723199158,1681.6413344880004,128.0597507060675,14.667846025555171,1118.2918635977173,1070.4155391767795,7.301515406899302,12.778253167175018,True,128.06594783351056,0.21604954046441652,True,0.0007098132757139552,114.63639979653814,-0.000885163631133834,128.06594783351056,1.0
0.9408148489701236,4.0,899.9976783129144,8.780998519748636,0.8500093194545698,30.06,0.2,14.704009612479226,175132164.71935126,241.85568612501777,1120.220467368875,12.782538594717241,7.6929736336334,0.2396618994032995,7.19990877961721,1071.6005724682832,1679.8322830505417,127.61254243005746,14.703191794567616,1120.3131934845424,1071.631709771647,7.199676749844218,12.78363109531792,True,127.61964046866048,0.2409879737644533,True,0.0008178179116100637,114.23604565635729,-0.0013260743611538117,127.61964046866048,1.0
0.9418196943048662,4.0,899.9976783129144,8.532461242562997,0.8500093194545698,30.06,0.2,14.728086420272644,175319216.12364644,241.71820516483612,1120.6348286977245,12.78229027131074,7.68329619032162,0.24466164666487572,7.183464039675525,1071.7898420524903,1681.6264422675451,127.54000208525268,14.727237195048705,1120.72950369337,1071.8210537423377,7.183250304060793,12.782809265339854,True,127.54735649839873,0.24598256579508845,True,0.0008492252239395981,114.1708486664374,-0.0013209191302127332,127.54735649839873,1.0
0.9500660818609362,4.0,899.9621078145556,10.731321164449037,0.8500016833615351,30.06,0.2,14.748336981103263,176852687.83691028,243.494916538089,1116.866026360031,12.772444073117006,7.773759927772886,0.19838344542813668,7.396941028344541,1069.2097814150761,1696.294855465312,128.47890777461015,14.747692077445164,1116.9606904522147,1069.2415831853673,7.396661161454447,12.77264703420729,True,128.48452604472166,0.19943260787800282,True,0.0006449036580988832,115.01039049336734,-0.0010491624498661367,128.48452604472166,1.0
0.9582680670962221,4.0,899.9857525171401,22.061074062324444,0.8905828561435131,30.06,0.2,14.667209799043672,186895744.1113921,253.17987233290293,1104.8926981082639,12.76177042791898,8.061505530087903,0.10283841495907124,7.802901203287249,1065.1609884390778,1710.987903208293,136.52592610518536,14.667881677923033,1104.9310792855556,1065.1763643331917,7.802110732424704,12.7603812051634,True,136.51967238101105,0.10299324227064802,True,-0.000671878879360932,116.66019995189188,-0.00015482731157677454,136.51967238101105,1.0
0.9300948620020212,3.9999,899.9959882716942,5.3000026552531665,0.8500024490016617,30.06,0.2,14.697882315448908,173135245.63527706,239.19607840922149,1126.1548809499952,12.797111425283454,7.551819183538527,0.331844374111422,6.879423471118409,1075.5519109622244,1660.6553218262297,126.21005183852846,14.696758872705255,1126.2425703041586,1075.5830028952735,6.879075903148668,12.789704818461995,True,126.21969952807295,0.33241641777660724,True,0.001123442743653058,112.97637888114853,-0.0005720436651852623,126.21969952807295,1.0
0.9308933225316237,4.0,899.965512494072,6.179068414280607,0.8500003036709131,30.06,0.2,14.673125607487163,173283440.06753984,239.80537042301674,1124.6512217040308,12.794900158590819,7.587179206683778,0.30641256231651104,6.9531759109657605,1074.6409154203436,1662.0860351289846,126.53120651339393,14.67204692880862,1124.747231155668,1074.6708238582069,6.952941375445161,12.789523305209537,True,126.5405089996318,0.30733589732441424,True,0.0010786786785441649,113.26486142338494,-0.0009233350079032032,126.5405089996318,1.0
0.9583822762316495,4.0,899.9775623230063,16.72990728496378,0.8585445192810413,30.06,0.2,14.669447846777134,180193723.19932505,248.25890238545307,1108.341846038254,12.76939006418651,7.977152713602248,0.1248653467290201,7.805500773231505,1064.5975029897747,1711.173986763056,131.6100683845878,14.669494668444564,1108.41403449735,1064.6246417397201,7.804797700986688,12.76376601679161,True,131.60964831539036,0.12506941752142595,True,-4.682166743030791e-05,116.64925407006271,-0.0002040707924058499,131.60964831539036,1.0
0.955365232927026,4.0,899.9619638089874,12.461559082686483,0.8500164849259148,30.06,0.2,14.746768685337072,177842209.8345352,244.88133953290927,1113.9225178707143,12.767210119754386,7.844396599274084,0.16862227376417094,7.561878516597533,1067.2556597548073,1705.7562212201387,129.2115099168662,14.746272547233522,1114.019236122559,1067.2875899567307,7.561499074732203,12.769554024263863,True,129.2158572360468,0.16968697433432753,True,0.0004961381035499812,115.66548229686248,-0.0010647005701565904,129.2158572360468,1.0
0.9584032111623354,3.9999,899.9989089024067,17.361739308424344,0.8627695158977426,30.06,0.2,14.674188104826827,181084432.8247009,248.83075782902625,1108.0493704181924,12.768808655105873,7.984273403455649,0.12279506778164458,7.796086072234081,1064.780520319262,1711.1989949565182,132.2179011086161,14.674353537388182,1108.1124355477482,1064.8055791194956,7.795386797109501,12.76396845525952,True,132.21641053896465,0.12297324596022419,True,-0.00016543256135470585,116.6143472900616,-0.0001781781785796105,132.21641053896465,1.0
0.9608251457073745,4.0,899.9174740439149,19.161737868091254,0.8733683898413336,30.06,0.2,14.704758554136374,183772234.04501787,250.56109344291,1106.8294355400517,12.76295533267999,8.01463774982075,0.11426487811818345,7.807872353814076,1064.8073634207333,1715.4521602274879,133.90143161222048,14.705173801284102,1106.8710133849565,1064.8280307281711,7.807137873585264,12.757483038402501,True,133.89765048128623,0.1142630641514201,True,-0.00041524714772833704,116.66344296162376,1.8139667633532142e-06,133.89765048128623,1.0
0.9418268560278865,4.0,899.9588829250938,9.817495722113,0.8500007034942261,30.06,0.2,14.674446880591146,175318772.17050526,242.59855109017755,1118.4577359953244,12.779940640085194,7.7348792321643,0.21805569607790198,7.289535813245588,1070.5293581385474,1681.5841351686315,128.00587520589983,14.673720394242686,1118.5415639585506,1070.5601817349243,7.289289971907261,12.778203297121669,True,128.01221269348724,0.2189023169320742,True,0.0007264863484603978,114.58633839669031,-0.0008466208541722253,128.01221269348724,1.0
0.936734228870655,4.0,899.9860007804496,7.765064900385529,0.8500001424393201,30.06,0.2,14.689549584618783,174370676.95001525,241.04186868642338,1121.9512457707094,12.787455035984072,7.651532075277437,0.2639172964705354,7.102230762227817,1072.7971330319933,1672.5392290025084,127.18274595649298,14.688634021968936,1122.050247249656,1072.8278879498807,7.102005188411778,12.786085854374287,True,127.19067343101027,0.26519536857148607,True,0.000915562649847601,113.85119525541312,-0.0012780721009506557,127.19067343101027,1.0
0.9587002912698233,4.0,899.9922470098701,21.57326508237135,0.8869860287595185,30.06,0.2,14.669219613130167,186224880.23974863,252.70779982535575,1105.1185586714828,12.761112455183694,8.056176282628886,0.10409386050965133,7.812401245217791,1064.9924495922596,1711.7596395917735,136.01722699763647,14.669872376778546,1105.1615443875223,1065.0091768625778,7.811575645141058,12.75989891837813,True,136.01117465450375,0.10428497541677922,True,-0.0006527636483788513,116.696625170852,-0.0001911149071278928,136.01117465450375,1.0
0.9337883867553901,4.0,899.9520476537905,6.856211511623656,0.8500000210393559,30.06,0.2,14.68565374903088,173822291.1611015,240.34390445750415,1123.4918781246088,12.791450731023513,7.614818949297195,0.28727390293431215,7.018522512185542,1073.8270971319828,1667.225670541264,126.81639665749995,14.684646906846984,1123.5911669319476,1073.8574990351171,7.018292092250411,12.787780438122708,True,126.82509173192527,0.28839389829908196,True,0.0010068421838962394,113.51881272557888,-0.0011199953647698102,126.82509173192527,1.0
0.9468455866302194,3.9999,899.9987555413143,10.611142212044776,0.8500173241054063,30.06,0.2,14.710142551882427,176256443.01999584,243.3032238992915,1117.104966133413,12.774997477320925,7.767659253463513,0.20171224996664822,7.373423794515547,1069.5111506733067,1690.5632173911906,128.37821814706294,14.70952445863545,1117.1979810368493,1069.5434281387038,7.373079392149237,12.77493246925004,True,128.383612591317,0.2027375176643203,True,0.0006180932469774802,114.91961130797452,-0.0010252676976720831,128.383612591317,1.0
0.9350838712061352,4.0,899.9586238527922,7.056268635209669,0.8500007180979824,30.06,0.2,14.695506852445812,174063584.98237884,240.51649901130023,1123.1502353004773,12.790111360534317,7.623032669627367,0.2817028036157193,7.039313091853124,1073.5667146973217,1669.5448773927797,126.90729218663647,14.694519238819964,1123.2499510770049,1073.597307545535,7.03908615230569,12.7869507866549,True,126.91582158245718,0.2828673634522667,True,0.0009876136258473167,113.60067742884304,-0.0011645598365473964,126.91582158245718,1.0
0.9428500443548996,4.0,899.9750285772495,10.13050234586329,0.8500002033155473,30.06,0.2,14.675563132268714,175509132.90452665,242.84563629637768,1117.9287814337013,12.778667184794095,7.747568712412896,0.21176048407382791,7.318884511187965,1070.175943246921,1683.4414714578147,128.13511675547818,14.674866108685169,1118.0164705310578,1070.2068607450487,7.31862776841309,12.777599563597468,True,128.14120288925258,0.21268658689644884,True,0.0006970235835446204,114.7044334071251,-0.0009261028226209278,128.14120288925258,1.0
0.9512768245504492,4.0,899.9750285772495,12.047048369461775,0.8500019598413165,30.06,0.2,14.709410694423447,177078122.49354628,244.45254849942958,1114.6516637554578,12.770293637649281,7.8265418310669475,0.176145398957217,7.510775160115054,1067.8745517765005,1698.487333031437,128.98311411377068,14.708874632999953,1114.7494215344032,1067.9059573321215,7.510436879719309,12.772342893934706,True,128.98781487256318,0.17724509098832628,True,0.0005360614234941607,115.4647336268664,-0.0010996920311092673,128.98781487256318,1.0
0.9609137728936855,4.0,899.9566689779845,22.60031981908374,0.8942869939721148,30.06,0.2,14.702985731720208,188191237.4899518,253.82582923704703,1104.5256140479778,12.760484331910709,8.070600545576777,0.10046211735127973,7.81201358425888,1065.101285226956,1715.662858222012,137.1377708027222,14.70372597311873,1104.556850577949,1065.116521844889,7.811147565441841,12.758594223114414,True,137.1308667666,0.10055195569982685,True,-0.0007402413985229117,116.69496247044702,-8.983834854711659e-05,137.1308667666,1.0
0.9554813695587772,3.9999,899.9596805484603,14.297853877092667,0.8500007110247254,30.06,0.2,14.670070725161583,177860528.13719112,246.18644462281145,1110.8570917992115,12.768955268836056,7.9170543940085985,0.1433909714081794,7.717060203850877,1065.475978776128,1705.9240384371,129.9004313924076,14.669730231831903,1110.936688463524,1065.5076265491318,7.716508566326584,12.770278944168822,True,129.90344646015,0.14410244952268686,True,0.0003404933296806689,116.28299816266144,-0.0007114781145074467,129.90344646015,1.0
0.941058742576399,4.0,899.9902285988521,9.479372389333607,0.850002384082456,30.06,0.2,14.678311723959244,175176136.07564703,242.34039231314955,1119.0391107320938,12.781084186800946,7.720992056682466,0.22508173037138318,7.258181889051439,1070.9060368560174,1680.2606494399101,127.86805509624472,14.677553946290079,1119.1244021442785,1070.9368628613151,7.257946374986418,12.783761121131825,True,127.87465671100328,0.226385930970866,True,0.0007577776691647387,114.46573560214627,-0.0013042005994828298,127.87465671100328,1.0
0.929544504937936,4.0,899.9837466309065,5.607692584758417,0.8500006926954982,30.06,0.2,14.677665799560698,173032440.27301866,239.38436299277984,1125.6280518247966,12.796947240354083,7.56408835681729,0.3230450247489102,6.9021771968692835,1075.273275013628,1659.6846747235484,126.30884421558963,14.676520353450668,1125.719050434798,1075.3027951191875,6.901945436730345,12.790218214400499,True,126.31870213632185,0.3237508429997089,True,0.0011454461100299795,113.065660856458,-0.0007058182507986843,126.31870213632185,1.0
0.9590425372410499,3.9998,899.932712645498,15.023495677440291,0.8500063682836756,30.06,0.2,14.686017953008129,178524619.00090137,246.83186047019169,1109.611009963172,12.76754000076054,7.947089245453711,0.13366420149878738,7.793823794147281,1064.5825027405847,1712.213359229975,130.24386740708482,14.685744753999364,1109.6911107039753,1064.6146544958608,7.793162920326713,12.762706137064566,True,130.24629033462912,0.13398723893209669,True,0.0002731990087649905,116.58557013556256,-0.00032303743330930335,130.24629033462912,1.0
0.9604251036067121,4.0,899.7655482758657,16.0532572663818,0.855754683591305,30.06,0.2,14.702196871691973,179991026.19624302,247.78693629367157,1108.8890445434192,12.767747043612895,7.964335738778573,0.12831884321003745,7.803053700521307,1064.5625025425288,1714.5370389489242,131.16919175440873,14.702133018436724,1108.9655481466732,1064.591086230651,7.802378235421773,12.762058939526622,True,131.16976143908448,0.12855631588180605,True,6.385325524860264e-05,116.61717485458709,-0.00023747267176860154,131.16976143908448,1.0
0.9348899358291674,4.0,899.9711704121435,6.877394604533745,0.8500064284441924,30.06,0.2,14.700310424586753,174028653.5094502,240.3904747091493,1123.4579327789975,12.790628097772908,7.615758167556198,0.2863675046506208,7.023824887273472,1073.7556008161487,1669.2218851655846,126.84036338811514,14.699309716189411,1123.5574034414965,1073.7863341180887,7.023588091318808,12.787006562751493,True,126.84899850222696,0.28749248572754754,True,0.0010007083973420094,113.54147620692233,-0.0011249810769267676,126.84899850222696,1.0
0.9597305707321286,4.0,899.98939203945,19.935426877391563,0.8774543737644176,30.06,0.2,14.686878262116956,184421664.35172564,251.21373935171803,1106.2621615542407,12.761862809575398,8.028483938802776,0.11081408751065097,7.809625240861554,1064.8622987922863,1713.599203861373,134.53821625697043,14.687373127585179,1106.3078204053988,1064.8815130938817,7.808872159517169,12.758560553310506,True,134.5336832259918,0.11093765446061846,True,-0.0004948654682230824,116.68005612572622,-0.00012356694996748518,134.5336832259918,1.0
0.9601833460058553,4.0,899.9978938180953,16.33194862984799,0.8579842528097991,30.06,0.2,14.70634892509803,180414546.59388205,248.01722739172934,1108.8864619002488,12.767965522380354,7.964357989913644,0.12827604245620525,7.787144992500867,1064.7848833838602,1714.414886237988,131.44071373971425,14.706363277497639,1108.9598622666333,1064.8125749685892,7.7864692805734315,12.762265497728723,True,131.4405854626132,0.12849012147015867,True,-1.435239960834167e-05,116.57664192911614,-0.00021407901395342765,131.4405854626132,1.0
0.9407987641560399,4.0,899.9740624770988,7.9964268580162035,0.8500001479358201,30.06,0.2,14.735915399033171,175127280.91319466,241.32438152814734,1121.538752085897,12.784089528186344,7.661790275245323,0.2569454986155144,7.1365689874058535,1072.3572268925525,1679.77194585284,127.33268841873586,14.735013449885379,1121.6368081773367,1072.388423316831,7.136359696351459,12.783307009579646,True,127.34048261656241,0.25823983992912897,True,0.0009019491477921804,113.98389891158493,-0.0012943413136145554,127.34048261656241,1.0
0.9584032111623354,4.0,899.9644899955249,17.481034376602928,0.8627695158977426,30.06,0.2,14.668725929520955,181084432.8247009,248.9221454325082,1107.8399656143954,12.768707079164333,7.98931682064455,0.12142250647124675,7.807008855956733,1064.6529077340945,1711.180377444595,132.26713492468846,14.66889945255687,1107.9024941835949,1064.6779958023242,7.806290017853362,12.76401449987703,True,132.26557029505292,0.12160263595037553,True,-0.000173523035915224,116.65657513745526,-0.0001801294791287794,132.26557029505292,1.0
0.941058742576399,4.0,899.9959709635009,9.01718567349874,0.8500019813506869,30.06,0.2,14.697503904662696,175176053.07706198,242.02436434360877,1119.8189282770568,12.781921992374603,7.7025123103117,0.23455922280761765,7.2202747074384455,1071.3562892484395,1680.2677569951754,127.70102291812219,14.69670742485389,1119.9094133230883,1071.3873893080254,7.220039747046285,12.783560606921563,True,127.70794360337351,0.23588226640353446,True,0.0007964798088053726,114.31642074023526,-0.0013230435959168119,127.70794360337351,1.0
0.958691594286693,3.9999,899.956033842989,13.38352502285066,0.8500009565723482,30.06,0.2,14.751737233716858,178458155.19882816,245.64613676598591,1112.3480225088801,12.765310585848061,7.882171252604582,0.15452330486240218,7.653242918830243,1066.1848191596293,1711.6555992049105,129.6153553002805,14.751323641179495,1112.4380227945194,1066.2170655672487,7.652772351720133,12.767545597201583,True,129.61898941102092,0.15543638334982882,True,0.00041359253736317214,116.027147354965,-0.0009130784874266384,129.61898941102092,1.0
0.939813315796017,4.0,899.9815602869596,8.129345322753325,0.8500000682291102,30.06,0.2,14.71693776108024,174943825.81940573,241.38293167577513,1121.3203694807041,12.784525648313533,7.666826717908087,0.25431046817019415,7.1435005491745445,1072.280970996762,1678.0194482801194,127.36332545594485,14.716055874790262,1121.4177763056882,1072.3121343649395,7.143277798523459,12.784063057143394,True,127.37095793379905,0.25561651167527855,True,0.0008818862899779845,114.01197374197608,-0.0013060435050843977,127.37095793379905,1.0
0.9574967398736112,4.0,897.3807423239965,13.960430395070375,0.8500001556623293,30.06,0.2,14.683565072383397,178235567.95590073,246.25011171854734,1110.7733463428688,12.767333045652611,7.91934728336566,0.14250483936832864,7.752021389892024,1065.0458003904823,1706.1627399734632,130.0547101547687,14.683153034798984,1110.8544606084113,1065.0754795091927,7.751462111600363,12.769304775528745,True,130.0583597406912,0.14326336386614494,True,0.00041203758441277216,116.19175197785614,-0.0007585244978162986,130.0583597406912,1.0
0.9308745166112478,3.9999,899.9887128149898,6.298635585186493,0.850000138255738,30.06,0.2,14.668170015044641,173279905.67165625,239.88066312933756,1124.4564282675326,12.794674369751633,7.591756045503669,0.3033028057912844,6.9622963456514935,1074.533471531831,1662.0399321921714,126.5713729801592,14.66709613145525,1124.553144978515,1074.5631539953606,6.9620804228284765,12.78959648854636,True,126.5806401806406,0.3042660672482704,True,0.0010738835893917553,113.30002294869696,-0.0009632614569859976,126.5806401806406,1.0
0.9594065359936285,4.0,899.9853675344102,20.253681813305086,0.8791585480099166,30.06,0.2,14.68087278144816,184717457.00756958,251.49296676732513,1106.0199713047223,12.761485317110175,8.034383543339029,0.10936364838437447,7.811515248881687,1064.8708054784638,1713.0206397446816,134.80912478829907,14.681399910638154,1106.0663804624717,1064.8895099077724,7.81074758597705,12.758917004677524,True,134.80428452611795,0.1095236517429909,True,-0.000527129189993758,116.68868224120718,-0.000160003358616434,134.80428452611795,1.0
0.9301399570472874,4.0,899.9954631898711,5.180287442523469,0.8500004706239284,30.06,0.2,14.70341622036881,173143236.9939886,239.11982343776486,1126.3556182068016,12.797257949730977,7.547132314017574,0.3353187536072653,6.8700068741143205,1075.6637614848464,1660.7721798966795,126.16837358381913,14.702215845218209,1126.441848551374,1075.693196450792,6.869783134576194,12.789607206152933,True,126.17867470999197,0.3358382858330731,True,0.0012003751506011184,112.9411487277729,-0.0005195322258078061,126.17867470999197,1.0
0.9590521422859472,3.9999,898.9254009250067,13.516078501027991,0.8500017184217235,30.06,0.2,14.739790986735878,178525430.36034793,245.84538245933012,1111.8746331129646,12.765351126080606,7.893438913662152,0.15068782682973555,7.687874343019029,1065.7797729952738,1710.9370843580841,129.76930743915304,14.739369589723369,1111.9622189662095,1065.8110880262805,7.687374099438646,12.767601425546419,True,129.7730175298823,0.15155991185834544,True,0.00042139701250931694,116.07236492944782,-0.0008720850286098869,129.7730175298823,1.0
0.9558906638886152,4.0,899.9944386182541,13.653327980661242,0.8500001576080952,30.06,0.2,14.703371435415082,177936601.42845827,245.7400094745145,1111.931677533065,12.767687169531623,7.891657276396494,0.1516820549116949,7.663616059449658,1066.0813661638144,1706.7430491127263,129.6616626402774,14.702980130933229,1112.019237026221,1066.1132394943095,7.6631261934785675,12.769681401612067,True,129.66511345019921,0.15254300377022306,True,0.0003913044818535383,116.07489602431528,-0.0008609488585281655,129.66511345019921,1.0
0.9609023608570161,4.0,899.9686442682925,15.421606732035862,0.8519271884595154,30.06,0.2,14.708764131138816,179275030.1281765,247.23153226429878,1109.2864868907213,12.76672919277082,7.955002607587964,0.13104776461024112,7.8050864455053395,1064.4701748798184,1715.6663996251439,130.5890744528341,14.70862062721115,1109.3669534570035,1064.5025450564897,7.804312249141096,12.761435975972887,True,130.59034853866234,0.13134103612053827,True,0.00014350392766537823,116.64118372563644,-0.0002932715102971495,130.59034853866234,1.0
0.9472737126690619,4.0,899.962272440644,11.189230647307907,0.8500000478357991,30.06,0.2,14.69130179215053,176332555.23321286,243.72153331955124,1116.1172068691162,12.773914038580987,7.7911896823689055,0.19131915142507214,7.42386970712333,1068.9134048113222,1691.3092217444887,128.5983641359909,14.690772621149232,1116.2134763973245,1068.946538678812,7.42342080632007,12.774872070364705,True,128.60299633110205,0.19240785133895003,True,0.000529171001296902,115.1185369884492,-0.0010886999138778886,128.60299633110205,1.0
0.9594065359936285,4.0,899.9853675344102,20.24588227870255,0.8791585480099166,30.06,0.2,14.681217015671823,184717457.00756958,251.48706994786667,1106.033077026307,12.761494825767766,8.03406621539099,0.10944102067407695,7.810831540400232,1064.8785846432645,1713.0206397446816,134.80596388451536,14.681739601484708,1106.0794353011224,1064.8971834486708,7.810073272797228,12.758913630423763,True,134.80116556455258,0.10960026554889507,True,-0.0005225858128845573,116.6859043833141,-0.00015924487481812355,134.80116556455258,1.0
0.9408875117924348,4.0,899.9710865673504,8.85762714544071,0.8500004551569341,30.06,0.2,14.701489482128896,175143864.3618298,241.91234573002188,1120.082683801486,12.782346987365539,7.696242366928736,0.23790562143933908,7.207128110104514,1071.513747646802,1679.930402470298,127.64294435321456,14.700672059152836,1120.1747025963302,1071.5447017087517,7.206906821032394,12.783619214972948,True,127.65004187059516,0.2392309019995573,True,0.0008174229760591345,114.26230385942672,-0.0013252805602182172,127.65004187059516,1.0
0.9584776615992827,3.9999,899.9755255653165,20.547299692972377,0.8818349201164821,30.06,0.2,14.674850074393015,185100398.3613808,251.75905270909686,1105.9916368560866,12.761641944884104,8.035037408586174,0.109243932934206,7.794864621148678,1065.113059999266,1711.3077995052683,135.14404193693048,14.675403254476846,1106.0372010446902,1065.130704041503,7.794124597077552,12.759715917017878,True,135.13894776737675,0.10942787711368841,True,-0.0005531800838305401,116.62010494172011,-0.0001839441794824065,135.13894776737675,1.0
0.9581485650447954,3.9996,899.9812161965588,16.497983559353518,0.8577268411930921,30.06,0.2,14.669947445606823,179978206.43006307,248.05424976180922,1108.5931784578368,12.76961669953637,7.971086222919741,0.12661746887721037,7.797228447386621,1064.6921437283263,1710.6048816287803,131.4481822914686,14.669962744627847,1108.666767509424,1064.7196643876784,7.7965402887269555,12.763905999694108,True,131.44804520669618,0.12682972766658307,True,-1.529902102426206e-05,116.60620455511304,-0.00021225878937269904,131.44804520669618,1.0
0.9472956221817443,3.9999,899.990147103188,11.753385435358798,0.8500030650092123,30.06,0.2,14.66820519412994,176337259.55967847,244.1121395298789,1115.1816904990876,12.773396172651745,7.813422387225412,0.1820576969665376,7.470179349515853,1068.3764844655532,1691.359172005787,128.80429173111406,14.66765028704554,1115.2791373203183,1068.4075646418994,7.469851379041785,12.775108920009826,True,128.8091646598098,0.18316482511364607,True,0.0005549070843997583,115.30297487006911,-0.001107128147108477,128.8091646598098,1.0
0.9413627387929978,4.0,899.9746085182467,9.313612324365689,0.8500037676463276,30.06,0.2,14.689181310024487,175233009.57121173,242.23783232380833,1119.3129016023468,12.78116307551729,7.714539612443925,0.2282817560411023,7.24609095063807,1071.0473649981493,1680.7789080316054,127.8149198035187,14.688411662712276,1119.4001001550414,1071.078368748851,7.245851720911106,12.783477759974305,True,127.82161708377923,0.22959340733488356,True,0.0007696473122109637,114.4162152400291,-0.001311651293781274,127.82161708377923,1.0
0.9400146552544293,4.0,899.9996492925237,8.38162032701236,0.8500296197688272,30.06,0.2,14.709710103823047,174987388.13058862,241.5593766736983,1120.9033029081043,12.78387768234039,7.676716282402449,0.24870700194012538,7.163954250399656,1072.0355303011052,1678.403530902562,127.4576357789987,14.708908998020675,1120.9991343739841,1072.068061317432,7.163619535653121,12.78402508141468,True,127.46457762979082,0.25002556901012585,True,0.0008011058023722484,114.09479904390747,-0.0013185670700004704,127.46457762979082,1.0
0.9612900077598368,3.9998,899.8507222908679,17.589529746067516,0.8641727233257753,30.06,0.2,14.710976356826095,181925278.04649287,249.1552226614686,1107.8441548622186,12.766379550404979,7.989638743256435,0.12098406368699659,7.810631429914533,1064.6238939554248,1716.1171821116102,132.49966286136677,14.711184021471587,1107.903059042422,1064.6485035134895,7.809908823763904,12.761965265094203,True,132.49779248196865,0.1211530806704764,True,-0.000207664645492045,116.65743017949995,-0.00016901698347981942,132.49779248196865,1.0
0.9341959954161485,4.0,899.9546134979591,7.147283849450634,0.8500061142053534,30.06,0.2,14.679488973405732,173899413.03514495,240.5507055222925,1122.9997430612354,12.79054263681318,7.62646962478868,0.2797872029767216,7.04334553000577,1073.5240985350597,1667.9534324543379,126.92594409659813,14.678514574191373,1123.0994271814573,1073.5545758359294,7.043111909011415,12.787618911035942,True,126.93436978160763,0.28097090539352876,True,0.0009743992143587121,113.61633574068487,-0.001183702416807153,126.93436978160763,1.0
0.9326670799318652,3.9999,899.9999228593142,5.628124888868998,0.8500105326181604,30.06,0.2,14.72060494750504,173615709.8013724,239.488544693744,1125.593980193028,12.794762123248377,7.565270372692453,0.3212272486929598,6.914764302294487,1075.1014513685936,1665.2479365890913,126.36493717030929,14.719451123009582,1125.6860101623022,1075.1313462326805,6.914557091734161,12.788033832799437,True,126.3748426320453,0.3219471053326323,True,0.0011538244954572008,113.11370206169869,-0.0007198566396725004,126.3748426320453,1.0
0.9512477086361688,4.0,899.9883520255377,12.084456331075451,0.8500040338320304,30.06,0.2,14.707598859605481,177073134.68356845,244.47669825994691,1114.5928948540686,12.770300629161335,7.8279339564543235,0.17560330110989927,7.513462933759912,1067.8436753162234,1698.4530512041604,128.99537004198922,14.70706615181233,1114.6905912615919,1067.8750748105963,7.5131227904764994,12.77237699004016,True,129.0000424109167,0.1767010737071422,True,0.0005327077931518431,115.47665584903021,-0.0010977725972429186,129.0000424109167,1.0
0.9428291512708503,4.0,899.9750285772495,10.314022502914874,0.8500002033155473,30.06,0.2,14.667652417400918,175505243.71017686,242.97122615732832,1117.6206913498743,12.778386940054954,7.754882248026991,0.20833658961056337,7.333891846235746,1069.9991623994533,1683.4041672392214,128.20138301309615,14.667036623856749,1117.710178645826,1070.0316839893153,7.33350012031776,12.777695139726749,True,128.20676553078104,0.2093000905074069,True,0.0006157935441688522,114.76446062654728,-0.0009635008968435221,128.20676553078104,1.0
0.9306872873643187,4.0,899.9718553489326,5.762499953902938,0.8500034423943751,30.06,0.2,14.687248418783186,173245726.86902225,239.52222232469356,1125.3602826505887,12.795871031866652,7.570505995935015,0.3180987569745284,6.918904486821884,1075.0607502727473,1661.7181646479805,126.38202633516791,14.686119079502395,1125.4530513059772,1075.0904777353792,6.918676777922912,12.789483977168473,True,126.39174491268682,0.31886895586296815,True,0.001129339280790731,113.13047741200674,-0.0007701988884397659,126.39174491268682,1.0
0.9574967398736112,3.9999,899.6834800319327,14.82707048869093,0.8500001556623293,30.06,0.2,14.67129177096965,178235567.95590073,246.66059817432233,1109.8902365716513,12.768386178445764,7.9402572144393275,0.13591983542106278,7.776092943815762,1064.7889763055582,1709.1628046898786,130.16350770872134,14.670993019796772,1109.9680761377383,1064.8206601398813,7.775465233770479,12.763812667675635,True,130.16615827917295,0.13624617191810182,True,0.0002987511728793635,116.49443989514938,-0.00032633649703903145,130.16615827917295,1.0
0.9598107459577906,4.0,899.9987631702646,14.524118097594872,0.850004036995768,30.06,0.2,14.718409246870515,178667130.10638976,246.4967663822772,1110.444046374079,12.76610084881228,7.927434680302898,0.13954454175532355,7.753144127457536,1065.0332162720006,1713.7496059332707,130.06097653646526,14.718092398665824,1110.5201631948717,1065.0654836482645,7.752550014788814,12.76187217128918,True,130.06377646364328,0.13988613075703218,True,0.00031684820469024544,116.43298991863392,-0.0003415890017086365,130.06377646364328,1.0
0.9418268560278865,4.0,899.9559439849912,9.653771587765094,0.850004094802142,30.06,0.2,14.681232483920528,175319471.65220857,242.48693354778428,1118.7330665121804,12.780224345968692,7.728347000952258,0.2212579537438161,7.276119955954576,1070.6881492390992,1681.5841351686315,127.94722191183207,14.680495261358121,1118.8159203343905,1070.7191170516385,7.275870138780317,12.783299046558035,True,127.95364714320958,0.22254755165707332,True,0.0007372225624067141,114.5332864045747,-0.0012895979132572233,127.95364714320958,1.0
0.941058742576399,4.0,899.9964518739397,9.11518162781847,0.8500019820907131,30.06,0.2,14.693452364850376,175176053.22957322,242.0910997137172,1119.6538609565275,12.781741215174089,7.706422466048931,0.23252095238185114,7.22827187147092,1071.2611896761118,1680.2677569951754,127.7362350248231,14.69266471902258,1119.7433298446383,1071.2922431531827,7.228036752130771,12.783602790524785,True,127.74308272158197,0.2338414202743191,True,0.0007876458277955578,114.34801699213523,-0.0013204678924679525,127.74308272158197,1.0
0.958487134666455,4.0,899.8379555916363,13.991598789651889,0.8500015727713076,30.06,0.2,14.721853545635735,178420224.87156805,246.08439055684477,1111.304937996696,12.766258181225512,7.906856273893595,0.14628157968458863,7.706120541017058,1065.5770114423383,1711.1730911638078,129.8508547551602,14.721490795592729,1111.3879810204555,1065.6090785491679,7.705583163354655,12.767974616206361,True,129.85405439056404,0.14705896250085154,True,0.0003627500430063435,116.23033616628072,-0.0007773828162629115,129.85405439056404,1.0
0.9348899358291674,4.0,899.9711379161656,6.517194073856713,0.8500064476798119,30.06,0.2,14.71503847476657,174028657.44771335,240.14987453778983,1124.068363689509,12.791401248705366,7.601383359198,0.29570839041466357,6.994820135969363,1074.1071975529555,1669.2218851655846,126.71341373424006,14.713984648697494,1124.1668226998725,1074.1375954555162,6.99461201411864,12.78684847815245,True,126.72248903925656,0.2967397532130503,True,0.0010538260690768908,113.42738549853327,-0.0010313627983867257,126.72248903925656,1.0
0.9585411757821842,4.0,899.8393132313531,13.880934843974345,0.8500011987027047,30.06,0.2,14.727310919208307,178430205.98016378,246.00701355356514,1111.4891050621065,12.766055686719271,7.902500882778156,0.1477012157638924,7.696976162400709,1065.6811234381973,1711.2695699789194,129.80999840486126,14.726964155343257,1111.5735295416719,1065.7138522174519,7.696399648916487,12.767886987733142,True,129.8130549354737,0.14850410582744308,True,0.00034676386504983725,116.19395861809144,-0.000802890063550693,129.8130549354737,1.0
0.9294061507765448,3.9999,899.9558253973086,5.42900063342864,0.8500049579547165,30.06,0.2,14.682639030543147,173007554.12218553,239.26362922031595,1125.9281310477918,12.797376117193417,7.557038650630055,0.328220449563991,6.887988843663259,1075.4513752806977,1659.3691353847696,126.24790146640782,14.681468610477534,1126.017082792707,1075.4806737340662,6.887763147124357,12.790256398567239,True,126.25796606423779,0.3288487145938428,True,0.0011704200656126318,113.00566315607816,-0.0006282650298518044,126.25796606423779,1.0
0.9398783375217649,4.0,899.9842798593306,7.881529848381215,0.8500007791083353,30.06,0.2,14.728095185021125,174956075.76664066,241.21686354979138,1121.7399546815961,12.7849791335789,7.656920399595236,0.25998089029676014,7.123539639364125,1072.5198056150941,1678.1355433795734,127.27575152559133,14.727242345370996,1121.8385440625843,1072.5524366295688,7.123211491500352,12.783908140872613,True,127.28312193512596,0.2612655890258768,True,0.0008528396501290558,113.93374161466542,-0.0012846987291166845,127.28312193512596,1.0
0.9586921180628569,3.9999,899.983878862542,16.87797472111315,0.8597916575561579,30.06,0.2,14.676488607277701,180513816.72671098,248.40868989619102,1108.318278734959,12.769076178032735,7.977774796769857,0.12462680172961751,7.800708045035003,1064.6749006930545,1711.690699424038,131.7806090775098,14.676565910150037,1108.388087156593,1064.7013263470415,7.800018206723775,12.763594935892574,True,131.77991497647403,0.12482128133894882,True,-7.730287233620459e-05,116.62877491971699,-0.00019447960933130504,131.77991497647403,1.0
0.9318963625629125,4.0,899.9947404859131,6.517243453170414,0.8500042021378295,30.06,0.2,14.673667180171813,173470949.043883,240.05713672545824,1124.0831456978565,12.793489258354901,7.600665566266798,0.29703264177912764,6.983333644780626,1074.2673017181037,1663.9012173499138,126.66345013576205,14.672622026975183,1124.1811557712351,1074.297331927255,6.983108270430144,12.788957328387319,True,126.67247256607901,0.29806386210726027,True,0.001045153196630011,113.38466415937923,-0.0010312203281326315,126.67247256607901,1.0
0.9472737126690619,4.0,899.9765499018483,11.56535518384234,0.8500000957038335,30.06,0.2,14.675697197949882,176332565.16343912,243.9827754513567,1115.4905160730855,12.773540814868586,7.806083713999463,0.18506570760151034,7.454741527167894,1068.553036720703,1691.33985014552,128.7351093723788,14.675176646511826,1115.5878001186102,1068.5854581207034,7.454321901604791,12.775032758356282,True,128.73967580779052,0.18617139291177492,True,0.0005205514380559606,115.24309964356618,-0.001105685310264587,128.73967580779052,1.0
0.9399639899314324,4.0,899.9980298233542,9.266103330515925,0.8500104116825586,30.06,0.2,14.67230577685557,174974002.61335975,242.1592473725428,1119.4080049730808,12.782256864194556,7.712107567260958,0.22982775349122084,7.236234644028339,1071.1740997575632,1678.3130675714456,127.77279079944884,14.671530065156405,1119.4959925420985,1071.2048455875245,7.2360017248533,12.784443977614966,True,127.77954638991677,0.23114585720342914,True,0.0007757116991644608,114.37970098262603,-0.0013181037122083072,127.77954638991677,1.0
0.9351118773610736,4.0,899.9556134522162,7.6160332095476875,0.8500016079740027,30.06,0.2,14.672958992721682,174068980.49463204,240.8934471724991,1122.2031131340875,12.78891573671089,7.64537860385887,0.26798599657460875,7.084674187321663,1073.0192184117968,1669.5948809635318,127.1062497986285,14.67203085390826,1122.3024281779467,1073.0497413369937,7.08444260691385,12.787175642573315,True,127.11429041993317,0.26924677100464556,True,0.0009281388134230184,113.77915675256592,-0.001260774430036804,127.11429041993317,1.0
0.9500736027195996,4.0,899.9622125040981,12.360747788625934,0.85000095630753,30.06,0.2,14.67986553478486,176853936.55482334,244.632478479619,1114.13397287812,12.77112686460854,7.83867075560638,0.17163884183165962,7.532380967501187,1067.6319350919623,1696.3082835774221,129.07908464519227,14.6793558575197,1114.2308513541568,1067.6630760335302,7.53202355951737,12.77335518701931,True,129.08356635920546,0.1727155700137462,True,0.0005096772651587145,115.54891212041355,-0.0010767281820865948,129.08356635920546,1.0
0.9407987641560399,4.0,899.4423673117147,8.384403231934927,0.8500000131550914,30.06,0.2,14.714341459176321,175127253.1440436,241.63124458420043,1120.7553916638708,12.783401871916025,7.680269469151376,0.24660286016885186,7.17911432840456,1071.8450898093888,1679.08121347435,127.51936141682819,14.713475887565082,1120.8506237142487,1071.8757677401916,7.178878748481312,12.783604266191517,True,127.52686318867117,0.24790930582239976,True,0.0008655716112393463,114.10438139552926,-0.0013064456535478997,127.52686318867117,1.0
0.9572392255679695,4.0,899.9987631702646,14.767869524146825,0.8500002060480202,30.06,0.2,14.673878435301017,178187642.88934466,246.58180649086398,1110.0653291288495,12.768412655923687,7.936066176806158,0.13721364928819535,7.763156641156867,1064.9361673025103,1709.1581361323074,130.10556991386073,14.673611279310302,1110.1428386620355,1064.9688673995265,7.762479531804105,12.763882251034463,True,130.10793868878372,0.13754262581384838,True,0.00026715599071458485,116.47386780208026,-0.0003289765256530297,130.10793868878372,1.0
0.949996682850247,4.0,899.9619426309068,12.360747788625934,0.8500010169275636,30.06,0.2,14.678829304790176,176839630.71626747,244.62994981342075,1114.134581287899,12.771183765142835,7.8386460493495065,0.17166072362082288,7.532076202249546,1067.635975560263,1696.1709470477247,129.07775475558944,14.678323781572438,1114.2314567049955,1067.667206723973,7.531710432367459,12.7734109907354,True,129.0822002088233,0.17273743131139413,True,0.000505523217738002,115.54774960459744,-0.0010767076905712492,129.0822002088233,1.0
0.9351118773610736,4.0,899.986727725394,7.721465355705076,0.8500016079740027,30.06,0.2,14.66896295145431,174068980.49463204,240.9623176933256,1122.0325013384702,12.78869458585531,7.6494089795706515,0.2655828439981867,7.092563830444366,1072.9244422051665,1669.6425199260418,127.14087541062419,14.668125990492038,1122.131598861536,1072.9570615816058,7.092173319375579,12.787214029297836,True,127.14813004898062,0.2668564974869726,True,0.0008369609622711494,113.81418764434497,-0.0012736534887858864,127.14813004898062,1.0
0.9453725452507417,3.9999,899.9746491969074,10.449728372416795,0.8500069141820721,30.06,0.2,14.696551650239131,175980079.39324728,243.14518477899165,1117.3786882812858,12.776326271120183,7.760960945849025,0.20503689544119086,7.354997020827824,1069.7372073648764,1687.8949159694532,128.29545974556933,14.695878354826956,1117.4700580994993,1069.7682757176378,7.354738985326274,12.775932716961556,True,128.3013376347546,0.20603287144071714,True,0.0006732954121755341,114.84384714423706,-0.0009959759995262774,128.3013376347546,1.0
0.9418268560278865,4.0,899.9559439849912,9.58462632535305,0.8500063151783412,30.06,0.2,14.684117070920346,175319929.62080482,242.43963292722978,1118.8498526008846,12.780345533048676,7.725577063519381,0.22262990792060475,7.270418812099798,1070.7557043302859,1681.5841351686315,127.9224217767717,14.683371634559588,1118.9336125833818,1070.786659872916,7.270174515530596,12.783269308109583,True,127.92891606343295,0.22392439723286328,True,0.0007454363607575232,114.51071686379683,-0.0012944893122585344,127.92891606343295,1.0
0.9582414057456033,4.0,899.9803010752494,18.548387493287688,0.8693241005223803,30.06,0.2,14.66887316634312,182429353.00924534,249.88440723014045,1107.2130616875536,12.766529519179151,8.004767161406733,0.11717757165977562,7.800977011249855,1064.8338310728989,1710.922465092421,133.24814991911308,14.669202030641433,1107.2553896867767,1064.8559257837828,7.800259552586336,12.764490783888272,True,133.24516267009756,0.11734957769410441,True,-0.0003288642983125811,116.6392445600429,-0.00017200603432879213,133.24516267009756,1.0
0.9468455866302194,4.0,899.9645623449162,10.730437252856294,0.8500173241054063,30.06,0.2,14.704867183024472,176256443.01999584,243.3892580834818,1116.8941795308795,12.774816798245554,7.772668029614401,0.1994707739139892,7.383913641585527,1069.38447895996,1690.54482439251,128.42427381323276,14.704221551623778,1116.988002206987,1069.4157424041832,7.383638219569592,12.774979771626455,True,128.42991265262958,0.2005131575110517,True,0.0006456314006939579,114.95934543085221,-0.0010423835970624906,128.42991265262958,1.0
0.9455543270100228,4.0,899.9752878516239,10.426380158953478,0.8500037035147376,30.06,0.2,14.700053687493517,176013253.0274598,243.13694881577496,1117.4140526284818,12.776215812198956,7.760146536463189,0.20537281275177877,7.353740511251171,1069.7473328477731,1688.2699185681856,128.2890744842323,14.699380326511369,1117.5053159385693,1069.7785137337078,7.353478535438132,12.775777386014662,True,128.29495125286297,0.20636532654992637,True,0.0006733609821480968,114.84199756291198,-0.000992513798147604,128.29495125286297,1.0
0.958106774627628,4.0,899.9865967318867,13.246836002190172,0.8500058907890062,30.06,0.2,14.750211822098205,178350327.72271442,245.52842546248658,1112.5880998971168,12.765589361678929,7.876406467340001,0.1566043005234214,7.638540594757166,1066.3543305548837,1710.6999154602725,129.55043571610426,14.749820346119272,1112.679491252925,1066.387404114025,7.6380176241621065,12.767891383073184,True,129.55387412297657,0.15754546892356158,True,0.00039147597893318675,115.97455133951001,-0.000941168400140191,129.55387412297657,1.0
0.958679684609617,4.0,899.9814736083301,21.35053035288852,0.8856388657186138,30.06,0.2,14.669176068480098,185938043.36607864,252.4953213772088,1105.269004419049,12.761070148648542,8.05255562601645,0.10496561658266577,7.811989053969258,1064.9754239721306,1711.705003970328,135.80812667863967,14.669857565451748,1105.313286720759,1064.9936521163904,7.8110766918454475,12.759840608778571,True,135.8018176312175,0.1051649301663155,True,-0.0006814969716497643,116.69350374599131,-0.00019931358364973228,135.8018176312175,1.0
0.9331692912280726,3.9999,899.9828684972641,6.382407809672309,0.8500005739104872,30.06,0.2,14.696628897811388,173707161.11659187,240.00533123170857,1124.3061481471857,12.79290150910408,7.595573788454985,0.30006607119925227,6.97757293315336,1074.3318734667646,1666.1211317880952,126.63775943187814,14.695571030763249,1124.4037205283119,1074.3621964948932,6.977343769618266,12.788015854669707,True,126.64687550586211,0.3010566326582432,True,0.0010578670481393715,113.35845572584645,-0.0009905614589909018,126.64687550586211,1.0
0.959334242578254,4.0,899.9555716126608,20.59017067346772,0.8818349201164821,30.06,0.2,14.683967441397742,185265820.55825475,251.8279638101079,1105.89790221675,12.760982100954726,8.037414965195733,0.10858004828388783,7.802899053304227,1065.0131030198597,1712.8426868683837,135.1808319158042,14.684526084586503,1105.9437379056578,1065.030827720534,7.802144780127643,12.759085756564643,True,135.17568923359804,0.10876586496936957,True,-0.0005586431887607546,116.65227457650985,-0.00018581668548174612,135.17568923359804,1.0
0.9473005367681616,4.0,899.9997945368822,11.50900199257362,0.8500040338320304,30.06,0.2,14.678696476530474,176338375.3885317,243.94211512260844,1115.5909959479457,12.773565732658865,7.803700860731325,0.18604588021254168,7.449625056396222,1068.6127457808611,1691.4125294219266,128.71304610232465,14.678116961204774,1115.6882004222427,1068.6438270915048,7.449317522715861,12.774982993579448,True,128.7181278974235,0.18715137197068007,True,0.0005795153257004415,115.22398722518494,-0.0011054917581383994,128.7181278974235,1.0
0.9296469123667466,3.9999,899.9569153841081,5.4692213760476704,0.8500082421867494,30.06,0.2,14.684413833986536,173053040.1655813,239.29717241897566,1125.86022435142,12.797140505442135,7.5586583662231845,0.3269590983555347,6.891997531462542,1075.4006475579254,1659.7989930432682,126.2658310383804,14.683253380708924,1125.9496963076508,1075.430156378046,6.891762659318794,12.79010426594001,True,126.27581013454387,0.32760520373671964,True,0.001160453277611495,113.02136228443179,-0.0006461053811849249,126.27581013454387,1.0
0.9428291512708503,4.0,899.9750285772495,10.250423142785731,0.8500002033155473,30.06,0.2,14.670295432445588,175505243.71017686,242.92745221909286,1117.727482343505,12.778488108123021,7.752346029935545,0.20951905121593983,7.328661464254043,1070.0607981326345,1683.4041672392214,128.1782861241745,14.669695521023888,1117.816371840551,1070.0938913343225,7.328228864142256,12.77766724678276,True,128.18352792471148,0.2104695230104371,True,0.0005999114217001278,114.74392429438137,-0.000950471794497254,128.18352792471148,1.0
0.9332325553396963,4.0,899.9828684972641,6.336184239126177,0.8500004644420898,30.06,0.2,14.699467055086085,173718915.20226377,239.9776603700096,1124.3821096700271,12.792942159642125,7.593796791495556,0.30123818884473086,6.974018595177382,1074.3712685896162,1666.2696211127677,126.62187577806208,14.698403755856626,1124.479489853774,1074.4015972518512,6.973789146049427,12.787937763805342,True,126.63103574843599,0.3022146719406225,True,0.001063299229459247,113.34662462157361,-0.0009764830958916559,126.63103574843599,1.0
0.9609133889374859,4.0,899.9885469594517,19.35193553207269,0.8746338878764564,30.06,0.2,14.707537971359889,184055419.62515572,250.73764802833747,1106.7427306988345,12.762355548882645,8.016831794364755,0.11366758574437043,7.804896240097589,1064.8621872561262,1715.7111260995766,134.08242473803594,14.707976228316072,1106.7855246117397,1064.882379276402,7.804166272494024,12.757462841760667,True,134.07842945313533,0.11370084916365579,True,-0.00043825695618338045,116.65921857520215,-3.326341928536203e-05,134.07842945313533,1.0
0.9588282918708255,4.0,899.9857525171401,22.061074062324444,0.8905828561435131,30.06,0.2,14.67447016774871,187005007.5103452,253.2025499179481,1104.8821206626696,12.761368515400934,8.061833930289474,0.10270983901976939,7.8055303290267215,1065.1278588326584,1711.9881847008492,136.53815487468268,14.675202035445066,1104.9204453667512,1065.1446915213285,7.80462017163943,12.759963645500372,True,136.53134557388864,0.10286306072896764,True,-0.0007318676963556925,116.67120434405945,-0.00015322170919825073,136.53134557388864,1.0
0.9586781665218809,4.0,899.9814456008279,21.35053035288852,0.8856388657186138,30.06,0.2,14.669156058375815,185937748.92960745,252.4952659727541,1105.2690250351911,12.76107124055182,8.05255493018566,0.10496592794289145,7.811982614524385,1064.9755058714798,1711.702293452502,135.80809687858172,14.669784136704681,1105.3133085065238,1064.992424023984,7.8111769370646,12.759841752648635,True,135.8022823334092,0.10516563417086318,True,-0.0006280783288659109,116.6929836393449,-0.00019970622797173265,135.8022823334092,1.0
0.9407987641560399,3.9999,899.4423673117147,8.147692711131665,0.8500000078281461,30.06,0.2,14.724056352316753,175127252.04652208,241.46926576648548,1121.1577496326267,12.783883951621604,7.67075165840339,0.2519006448062678,7.159906835520053,1072.0779528757669,1679.0436617141172,127.43522368337915,14.723169444732244,1121.2544132064693,1072.1087422137252,7.159670257713077,12.783514429055696,True,127.44290024153075,0.25319434954007314,True,0.0008869075845083785,114.02636552495473,-0.0012937047338053564,127.44290024153075,1.0
0.9398783375217649,4.0,899.9563388147612,7.881529848381215,0.8500001239040931,30.06,0.2,14.727800047992073,174955940.90563127,241.2195358976062,1121.7331402951208,12.784983777018045,7.657079075100889,0.25989112799832853,7.124124286937051,1072.5126060202256,1678.105154094769,127.27820395213651,14.726888389775272,1121.8316905393717,1072.5436899432148,7.123911233921825,12.783914851446161,True,127.28608302457745,0.2611761146099905,True,0.0009116582168005039,113.93345287302874,-0.0012849866116619868,127.28608302457745,1.0
