feed_per_tube_fraction,steam_to_carbon,inlet_T,excess_air,specific_firing_factor,inlet_P,catalyst_activity,H2_net_kmol_h,Q_comb_W,fuel_MJ_per_kmol_H2,T_wo_max_K,sigma_hot_MPa,log10_t_r_hot,life_rate_per_kmol_H2_rel_base,CH4_slip_dry_pct,T_out_K,process_heat_MJ_h,fuel_total_MJ_per_kmol_H2,H2_net_kmol_h_phys,T_wo_max_K_phys,T_out_K_phys,CH4_slip_dry_pct_phys,sigma_hot_MPa_phys,converged_phys,fuel_MJ_per_kmol_H2_phys,life_rate_per_kmol_H2_rel_base_phys,feasible_phys,disc_H2_net_kmol_h,disc_fuel_MJ_per_kmol_H2,disc_life_rate_per_kmol_H2_rel_base,fuel_total_MJ_per_kmol_H2_phys,alpha_credit
0.9879635503647614,2.7585,899.9288872445558,5.003415959677343,0.9000663023871461,30.06,0.2,14.761288185049937,194739248.5196079,227.6692235433356,1170.3486419145434,12.905346043183782,7.266900473415674,3.5046513884135893,7.416391000149124,1119.4953768839594,1274.1990711653618,227.6692235433356,14.761321651456907,1170.3465077886349,1119.494180844135,7.415669020042072,12.903399819820054,True,141.34858637257855,3.501170726043507,True,-3.346640697010628e-05,86.32063717075704,0.003480662370082044,227.66870737878952,0.0
0.9588268244210196,3.9989,896.4749740678324,18.022811503612697,0.8826440592358336,30.06,0.2,14.758316387546614,185337731.54457396,250.2099809002103,1109.5845474673667,12.760533102193216,8.951804482409063,0.07241495385748412,7.63960379777083,1066.9241700511848,1706.9166520411493,250.2099809002103,14.758984512890429,1109.5926345337596,1066.9405209710933,7.638623628718828,12.759389161928382,True,134.54593760646574,0.07241131103937927,True,-0.0006681253438145518,115.66404329374456,3.642818104845902e-06,250.19865412976964,0.0
0.9879635503647614,2.7705,899.6404420986316,5.2304814307075755,0.9002577071047326,30.06,0.2,14.763001544603366,194780661.0364048,227.97262203076295,1169.466737024735,12.903941790959157,7.289965922330065,3.3229895050069382,7.426331873502386,1118.788005478338,1278.6245172059528,227.97262203076295,14.763020215608272,1169.4666721655678,1118.7870691824687,7.425662108912495,12.902166907764933,True,141.36237866524473,3.3203516227893988,True,-1.8671004905712607e-05,86.61024336551822,0.0026378822175394667,227.97233371049498,0.0
0.9908003746384605,2.8388,899.9943315445369,5.002334998317253,0.885223897346612,30.06,0.2,14.76887905925659,192077881.40402868,228.02491070043405,1164.625882435496,12.895574581102258,7.417324603012112,2.4774073403763883,7.576639005333058,1113.5042000435121,1309.6950278750442,228.02491070043405,14.768888009127288,1164.6296332056693,1113.5024034799064,7.575921337521596,12.896718271990608,True,139.34544696158602,2.479229906997416,True,-8.949870696994822e-06,88.67946373884803,-0.0018225666210276437,228.02477251850286,0.0
0.9596833531034689,3.9689,899.728013734208,17.344071080634276,0.8769639663387054,30.06,0.2,14.769783182538,184309523.20635802,248.886051670263,1111.1603407169641,12.764013340498307,8.905835580682073,0.08043773934128662,7.622431905174533,1068.0479778467413,1701.2481288310405,248.886051670263,14.770367911565264,1111.1777348875958,1068.0645278099219,7.621624525189525,12.767239510129086,True,133.69639154014973,0.0806496377903288,True,-0.0005847290272651406,115.18966013011325,-0.00021189844904218047,248.87619877426442,0.0
0.9595808128565748,4.0,899.974718411777,15.312285114599321,0.8624351316957204,30.06,0.2,14.775531813775126,181236664.21338668,247.37708353386256,1111.4374740665817,12.761645334286657,8.89837503219178,0.08179964212733427,7.631354846850303,1066.6530335971122,1713.3065654672073,247.37708353386256,14.775862770625501,1111.4642542955912,1066.6774930727167,7.6304838720307675,12.762202311149785,True,131.41847839482088,0.08196404656711315,True,-0.000330956850374875,115.95860513904168,-0.00016440443977887298,247.37154266347872,0.0
0.9893744801076797,2.9025,899.9847991857237,5.000087786542183,0.8774302791930437,30.06,0.2,14.755813196317487,190112812.3991965,228.37688534541678,1160.9757187171615,12.889251736135787,7.514062794515457,1.9844657787600797,7.628640849818674,1109.8136978826483,1332.9636685223957,228.37688534541678,14.755816569665214,1160.984864631433,1109.8117218965533,7.6279566453009355,12.890150568545973,True,138.04203788890047,1.986362552739532,True,-3.3733477273756307e-06,90.33484745651631,-0.0018967739794524263,228.37683313585973,0.0
0.9888490429234562,2.8817,899.6540260871807,5.001839321859377,0.880908170509742,30.06,0.2,14.751939219507495,190765001.74025103,228.28128835279438,1162.2912186398148,12.891794642706671,7.479077418104708,2.1515082945291018,7.598258873448184,1111.1870310999582,1323.6809578000257,228.28128835279438,14.751943975789823,1162.2984490457563,1111.1851344748106,7.5975712675518015,12.892794524999758,True,138.5519587307021,2.153409353486908,True,-4.75628232798897e-06,89.72932962209228,-0.0019010589578063453,228.28121475095182,0.0
0.9960907049823717,2.8404,899.928436758289,5.0018191736550826,0.8829673139932127,30.06,0.2,14.82068331673771,192611218.9407499,228.12335429505055,1164.0372206774862,12.893040596526275,7.433178385660948,2.3802520287594713,7.633486617337656,1112.6889974956684,1317.2523596508668,228.12335429505055,14.820711730084662,1164.040737651169,1112.6876477153517,7.632720446471976,12.894209220665669,True,139.2437602924921,2.381994405638218,True,-2.8413346951694507e-05,88.87959400255843,-0.0017423768787465654,228.12291695114078,0.0
0.9863914312623091,3.0287,899.9973574650495,5.000211011304465,0.8678804704129766,30.06,0.2,14.77032785618735,187476687.66215613,229.33417240750833,1155.076915438048,12.876403494204395,7.672203679216089,1.3774496801422147,7.63948773296066,1103.8631710006468,1378.662118706048,229.33417240750833,14.77033240853991,1155.0913333464107,1103.8607251161072,7.638945305219329,12.876930700389309,True,135.99414967931708,1.3789901822599246,True,-4.552352558917505e-06,93.34002272819126,-0.001540502117709952,229.33410172460304,0.0
0.9797018154531455,3.249,899.43890959772,5.001807687704319,0.8540558469250265,30.06,0.2,14.780065693282548,183239141.44483393,231.26488648584152,1145.709031400593,12.85442082379122,7.927009507301243,0.7655678473944069,7.630306851527516,1094.3785555760392,1454.8336993299054,231.26488648584152,14.779992251647588,1145.7237145211614,1094.3759956160566,7.630191496323251,12.854074971940408,True,132.8333927415631,0.7661491519703917,True,7.344163496014744e-05,98.43149374427841,-0.0005813045759848201,231.26603563876955,0.0
0.987466190894735,3.0024,899.9240358466188,5.031854088086739,0.8715799565565056,30.06,0.2,14.785498344625768,188480981.47688058,229.22132617225276,1156.5535265195258,12.878775387913176,7.632630766031102,1.5073108459545592,7.614530102739861,1105.3723903205957,1369.7124514204745,229.22132617225276,14.785527059491907,1156.5665295331705,1105.37019890801,7.613928919404582,12.879492290428493,True,136.58215085108293,1.5089890119473865,True,-2.8714866138201955e-05,92.63917532116983,-0.0016781659928273296,229.22088100315796,0.0
0.9583631604759877,3.6106,899.9928705375332,5.01068073312957,0.8500253163540716,30.06,0.2,14.7894456060592,178402130.62489235,234.87030305906126,1135.608221097661,12.822685601199321,8.208071786241476,0.4005399843335474,7.274459802912351,1084.4473690064492,1562.150172018208,234.87030305906126,14.789083941667128,1135.620425013734,1084.451090637238,7.2747033045780505,12.821067064320031,True,129.24745082871888,0.4005604709096744,True,0.00036166439207185874,105.62285223034237,-2.0486576126965694e-05,234.8760467701462,0.0
0.9917097913261516,2.9575,899.7381268878089,5.001111769162395,0.8743451097920378,30.06,0.2,14.81676148261022,189891511.61757475,228.94103052175174,1158.4969113502668,12.881860790222747,7.580709330073542,1.6951453292940362,7.633578480877047,1107.1795084527919,1357.612732635481,228.94103052175174,14.816780554115052,1158.5076006422544,1107.1772216194665,7.632948195486533,12.882735227485773,True,137.3140340951629,1.6969099649277342,True,-1.9071504832268715e-05,91.62699642658885,-0.0017646356336979974,228.94073583897946,0.0
0.9596883936300311,3.7468,887.1696387195731,5.378286023417596,0.8504265877929715,30.06,0.2,14.778793443148507,178733161.43657136,237.86305113110112,1128.8017211750403,12.807110576455555,8.39914215961138,0.25815968253291993,7.445025194831559,1077.3401550870244,1600.3307421746365,237.86305113110112,14.778307959905792,1128.815200159519,1077.3461188181154,7.44500083502505,12.805610683950968,True,129.58169253506247,0.25821139295991413,True,0.00048548324271457943,108.28135859603864,-5.1710426994200365e-05,237.87086518706062,0.0
0.9510798089126062,3.7664,899.6621794306194,6.159071285497412,0.8500078993478285,30.06,0.2,14.767271642326456,177042685.56052974,237.41101709908241,1129.8375834734395,12.806923461870872,8.370428950030124,0.2760198677081326,7.218259833300273,1079.4519403457016,1609.0270636631997,237.41101709908241,14.766750544941576,1129.8599244509019,1079.462848740904,7.218478174195598,12.806228615939592,True,128.45655589203062,0.27633476057775946,True,0.0005210973848797096,108.95446120705179,-0.00031489286962688157,237.41939499236202,0.0
0.9852124097452598,3.1046,898.7412017398968,5.027143325140394,0.8644435368336862,30.06,0.2,14.790365586104251,186511051.4130054,230.13403731719737,1151.7675035086836,12.868372097539007,7.7617974819462106,1.1191625426025884,7.638769018265735,1100.4999902402692,1405.4338520167353,230.13403731719737,14.790391168979042,1151.783036343866,1100.4976163230072,7.638318118881486,12.868738953553287,True,135.11019897174998,1.1204146735725233,True,-2.5582874791041377e-05,95.02383834544739,-0.0012521309699349281,230.13363925536152,0.0
0.987466190894735,2.9814,899.9240358466188,5.031854088086739,0.8715799565565056,30.06,0.2,14.763964667360515,188480981.47688058,228.9948639091013,1157.2147313077785,12.881249287968423,7.614667531010909,1.5732546678549035,7.636704371639719,1106.051861090984,1361.4329925087093,228.9948639091013,14.764055001779555,1157.2273444552975,1106.0516767685435,7.635934648001068,12.881959557319854,True,136.78078867959263,1.5749558110448656,True,-9.033441904016115e-05,92.21407522950867,-0.0017011431899620622,228.9934627955189,0.0
0.9882379045484672,2.871,899.921661780754,5.001835320259373,0.8831987997540052,30.06,0.2,14.753235564116313,191142843.71552813,228.21387767606114,1163.1657985784454,12.893168586932308,7.455923528619191,2.2691267297767324,7.565459530313078,1112.1129761300522,1318.9340565461255,228.21387767606114,14.75324737227068,1163.1719400322877,1112.1110966050446,7.564762172977645,12.894227537220909,True,138.81411923306126,2.2710393700466867,True,-1.180815436718774e-05,89.39975844299988,-0.0019126402699543021,228.21369501900753,0.0
0.9608022005194861,3.5935,896.9203934410419,5.4675135733245686,0.8500003494117001,30.06,0.2,14.758183465152701,178850911.7640107,235.26257185484621,1134.5139227765596,12.82368911919335,8.23793436517196,0.37471604282103516,7.397573102271985,1083.5863140731512,1555.7884290173758,235.26257185484621,14.757909096809788,1134.52807182607,1083.5885731521641,7.397758418938413,12.822580099662401,True,129.84629166162514,0.3748674061120488,True,0.00027436834291272305,105.41628019322107,-0.00015136329101361756,235.26694568596048,0.0
0.984674789000964,3.0825,899.9968444986367,5.0011751755757565,0.8644803704312453,30.06,0.2,14.774225974986654,186417216.98796776,229.77458915987572,1152.7607976566558,12.871081863389067,7.734793778777544,1.1922601847397734,7.633321001989035,1101.5352761108186,1397.4143786866393,229.77458915987572,14.774213876125017,1152.7763677411094,1101.5322515282767,7.632888567877044,12.87142721996518,True,135.1900914402454,1.1935860875889317,True,1.2098861636999914e-05,94.58449771963032,-0.0013259028491583447,229.77477732629765,0.0
0.9596224245451649,3.9906,898.2448448834007,12.881939341041814,0.8550889562342106,30.06,0.2,14.799203095020237,179700692.4651395,245.47669611728398,1113.9732440260236,12.765541134388247,8.825058663137277,0.09668799708824315,7.58061476698421,1067.4131999126507,1707.4949188077567,245.47669611728398,14.799112280177932,1113.998840177065,1067.4378802104854,7.580056199602178,12.768296951794154,True,130.10000368098738,0.09697697906681263,True,9.08148423057753e-05,115.3766924362966,-0.00028898197856948304,245.4782024865192,0.0
0.9588268244210196,3.9991,896.4749740678324,17.814644355739016,0.8826440592358336,30.06,0.2,14.767698622474908,185337731.54457396,250.05619093733637,1109.9348004783092,12.760621136560054,8.941716275278065,0.07406967876554862,7.621232651001438,1067.1295062258007,1706.9930570404752,250.05619093733637,14.768338842231739,1109.9449989388777,1067.1454032414224,7.620310581870307,12.764578408531095,True,134.4607156309036,0.07425513944342708,True,-0.0006402197568302626,115.59547530643277,-0.0001854606778784601,250.04535079373824,0.0
0.9600845184034676,3.9987,899.9110034436188,17.43545829653282,0.8753143204599918,30.06,0.2,14.78375358111679,184039720.72625118,249.2923994220737,1110.131106056584,12.759379916676597,8.936329674371034,0.07491265128920799,7.628036702017694,1066.9525317135606,1713.6232520628735,249.2923994220737,14.78443099485893,1110.1524769265882,1066.9732387865758,7.6270053416423425,12.762766784472161,True,133.37369232025833,0.07513529120265162,True,-0.0006774137421405868,115.91870710181536,-0.00022263991344363687,249.28097699416705,0.0
0.9580560569033674,3.9198,888.1789666998907,8.763347023007597,0.8500010872253936,30.06,0.2,14.753818483329276,178339878.8422418,242.33492809480697,1119.1411884396389,12.7826444548536,8.67480514619886,0.13707554300558253,7.57372194196022,1069.7594902105002,1664.5811251145576,242.33492809480697,14.753234775183122,1119.151655534829,1069.7747903313555,7.573474026870312,12.785078367014485,True,129.51630237600955,0.13733067728222056,True,0.0005837081461539384,112.81862571879742,-0.000255134276638036,242.34451601730547,0.0
0.9814170066940514,3.1363,899.9598774995031,5.020638713924468,0.86163709883134,30.06,0.2,14.760166138297366,185189361.5450744,230.21438188006877,1150.565556072321,12.866537290033271,7.794252068449179,1.0407016493519037,7.615432334053524,1099.401872982574,1413.8307931351671,230.21438188006877,14.760165416373509,1150.5817812590587,1099.399092654315,7.615052964022949,12.86667907665754,True,134.42747251592678,1.0418083539454277,True,7.219238575828513e-07,95.78690936414199,-0.0011067045935240216,230.2143931399192,0.0
0.9605221079522331,3.8882,899.8209999004202,11.657060637500749,0.8500447786536378,30.06,0.2,14.761539738144693,178808118.99122223,243.04456871165647,1117.6732792346945,12.780039825495841,8.716883086438447,0.12435258301792043,7.60967741927503,1070.4906092528208,1671.9107842714027,243.04456871165647,14.761246109757751,1117.6955070589033,1070.508056070961,7.609625970666068,12.780942477097778,True,129.78587719904854,0.12458825263916191,True,0.00029362838694169113,113.25869151260792,-0.00023566962124148272,243.04940331600727,0.0
0.9752081446083387,3.3615,896.3673832852356,5.001864946182962,0.8500088959005156,30.06,0.2,14.762487517828493,181534367.256712,232.56912548063775,1141.137306322728,12.844088582972855,8.052802632973247,0.5737297639410475,7.631291778021963,1089.7360461141805,1488.287734189718,232.56912548063775,14.762344472750227,1141.149222205459,1089.7339757129696,7.631394226750017,12.843264390757003,True,131.7548903794229,0.5739469825939207,True,0.0001430450782660131,100.81423510121485,-0.00021721865287327446,232.57137904333018,0.0
0.958067621295475,3.8516,892.5525914465346,8.379741821542934,0.8500885766886325,30.06,0.2,14.764059493764629,178360388.03089762,240.80821427212808,1122.3771542683753,12.791011833527353,8.581902769915509,0.16965278785742682,7.503585724610355,1072.9693966028972,1644.3026446270164,240.80821427212808,14.763571858389135,1122.3902641767736,1072.9813756335973,7.503587806587847,12.792969752379046,True,129.44050232586562,0.16995746431659187,True,0.00048763537549412206,111.36771194626246,-0.00030467645916504305,240.8161680793175,0.0
0.9882723499632813,2.9448,899.9613071915147,5.1223547983672475,0.8754715834546469,30.06,0.2,14.764237112547418,189477115.2375051,228.81345379103365,1158.9899179062224,12.8849057790393,7.56712415925724,1.7552314284492792,7.622570361190151,1107.9233392936546,1348.1441373384637,228.81345379103365,14.764244395456116,1158.9997938488984,1107.9212446365439,7.621939543021703,12.885831676841068,True,137.50191981365887,1.7570125270386927,True,-7.282908697447965e-06,91.31153397737478,-0.0017810985894135545,228.81334092189874,0.0
0.9744560136156808,3.4786,897.3168336834423,5.01723289306834,0.8501221267486615,30.06,0.2,14.866824752533292,181418522.348157,233.91198190347714,1138.2528528959895,12.82974226097073,8.134249304461981,0.4722826926465898,7.501842790585231,1086.6537750659038,1533.7585601750516,233.91198190347714,14.866617652861372,1138.2652487923833,1086.653645866672,7.502037188671615,12.828737342133355,True,130.74728412939072,0.47243981615383057,True,0.00020709967192011902,103.16469777408642,-0.00015712350724078616,233.91524041834862,0.0
0.9806767637291889,3.168,899.9777061570319,5.026511335200589,0.8584009065477786,30.06,0.2,14.754816907688294,184354659.18906617,230.4620839923379,1148.9788515548316,12.863311348749107,7.837358103309285,0.9427089475918689,7.63439027756425,1097.7854422714972,1425.1973621598042,230.4620839923379,14.754793379575272,1148.99475653519,1097.7828326779586,7.634083351358615,12.863282279478053,True,133.87029153832052,0.9436238495893876,True,2.3528113022308617e-05,96.5917924540174,-0.0009149019975187578,230.46245148904356,0.0
0.9813062267586536,3.1525,899.6741901975596,5.088467770258072,0.8603441201700455,30.06,0.2,14.758371586344468,184890592.742044,230.4224503460326,1149.6422622486875,12.864750712222795,7.819302892299415,0.9824901930449964,7.631389135676188,1098.5014910537798,1419.689507520857,230.4224503460326,14.758365418226738,1149.65836089785,1098.4988391284737,7.631045915437578,12.86487966871047,True,134.22696757971448,0.9835236129294217,True,6.1681177303540835e-06,96.19548276631812,-0.0010334198844252906,230.4225466488928,0.0
0.9607734401619932,3.6984,890.0202023084702,5.467932277758333,0.8500051752546678,30.06,0.2,14.776079913804196,178846573.48433784,237.10545284824835,1130.3708797638567,12.811922289200128,8.35464354215414,0.2860663559598191,7.445659326560871,1079.0916470292334,1587.275831952259,237.10545284824835,14.77567052768466,1130.3845403485366,1079.0960398524246,7.44574495312347,12.8106108230204,True,129.68706115515022,0.28615007386951385,True,0.00040938611953578175,107.41839169309813,-8.371790969474713e-05,237.11202227473092,0.0
0.9606200145448773,3.998,894.5178933979979,11.779779130307563,0.8510652362325966,30.06,0.2,14.794258278307405,179041021.5816256,245.05957969718884,1114.0176673373458,12.765827058033231,8.823732754122986,0.09701605409051546,7.626732693037349,1066.5305202487764,1707.1780558105377,245.05957969718884,14.79393066578955,1114.0472203952945,1066.5560874945725,7.626131125094774,12.767060320217778,True,129.66781466937155,0.09726315737274112,True,0.0003276125178555134,115.39176502781729,-0.00024710328222565803,245.06500655687495,0.0
0.9893579291798684,2.871,899.975185400531,5.000120791316536,0.8830952628269272,30.06,0.2,14.767535339748248,191337043.49368823,228.23897761569515,1163.1441673630566,12.892637806606324,7.456592272877458,2.263441453566128,7.570423615599751,1112.045906566875,1320.4874161296998,228.23897761569515,14.767601017813462,1163.1501000697208,1112.0452674816122,7.569619596108855,12.893714071138488,True,138.82009334117447,2.2653301949430795,True,-6.56780652139588e-05,89.41888427452068,-0.0018887413769514971,228.23796253582958,0.0
0.993071574696696,2.8388,899.9203691574378,5.001807687704319,0.8835391734100962,30.06,0.2,14.784304553835801,192151786.11064598,228.03816893265017,1164.2451069937076,12.894609407538168,7.427447007991958,2.4178071014237688,7.614246394429015,1113.019291575386,1312.616602499579,228.03816893265017,14.784311436923067,1164.2491534366422,1113.0175559186566,7.613518712787003,12.895736772884037,True,139.25363691663767,2.419612344639874,True,-6.883087266373877e-06,88.78453201601249,-0.0018052432161050902,228.03806276560792,0.0
0.9551079080383307,3.8556,898.5947993093738,8.577762118190742,0.850006027498018,30.06,0.2,14.780750354930968,177792121.20935673,240.40714374114032,1123.3741588773462,12.790891098562996,8.553933478102426,0.1807338904264261,7.382733084810273,1074.3004185946288,1648.4823907938346,240.40714374114032,14.780264618498487,1123.390130647309,1074.3157557063837,7.382850552422464,12.793119266970919,True,128.8823734591217,0.18111429057615863,True,0.00048573643248062126,111.52477028201861,-0.0003804001497325349,240.41504444598948,0.0
0.9608022005194861,3.6628,896.9247435739674,5.478457151262553,0.8500007130874494,30.06,0.2,14.815935089955081,178850988.28602552,236.1370010965837,1132.7974440918222,12.814859111092783,8.286975988158549,0.3333991608214355,7.338939935450319,1081.7018850563593,1582.3298918047908,236.1370010965837,14.81554014881184,1132.8131700870706,1081.7067775939954,7.339164082142675,12.81369550691232,True,129.3412571888257,0.33356210668496056,True,0.00039494114324156726,106.79574390775801,-0.0001629458635250547,236.14329585305143,0.0
0.9887913817772698,2.9247,899.9965349469791,5.001603171232324,0.8753198674547739,30.06,0.2,14.75459814010689,189543773.99561977,228.52413933737276,1159.8365527683072,12.8870493370846,7.54442286191243,1.8506287715306489,7.636917351575099,1108.6687884208434,1340.9556912836588,228.52413933737276,14.754598905294179,1159.8470093743385,1108.666675199895,7.636256998631502,12.887876193221334,True,137.64021394199858,1.8524880240281947,True,-7.651872895308998e-07,90.88392539537418,-0.0018592524975458158,228.5241274858973,0.0
0.9748295679601828,3.3615,899.9459249400265,5.001864946182962,0.8500088959005156,30.06,0.2,14.791678587466313,181463895.45778263,232.30854447272512,1141.9304191000983,12.843589048195255,8.031362214628714,0.6015751405461118,7.561144414642792,1090.582549966833,1491.9773002007173,232.30854447272512,14.791505610900796,1141.9428839001362,1090.5807850077183,7.561267369428124,12.842784249048693,True,131.44409189346564,0.6018296128739006,True,0.00017297656551740204,100.86445257925948,-0.0002544723277887462,232.31126116264298,0.0
0.9596340114090763,3.9954,899.974718411777,15.312285114599321,0.8626865928386626,30.06,0.2,14.774609751575314,181299558.1588197,247.32526575040706,1111.5785752616912,12.762252032838072,8.894206729020674,0.0825936786544014,7.63155410039639,1066.8092259790114,1711.6390171795658,247.32526575040706,14.774938415687169,1111.6048266147511,1066.8330792622746,7.630707566127872,12.762809004644522,True,131.47230880671054,0.08275676233628242,True,-0.00032866411185494826,115.85295694369651,-0.0001630836818810183,247.31976407341048,0.0
0.9888637307256969,2.8806,899.9870962664879,5.001839321859377,0.880908170509742,30.06,0.2,14.75383595389013,190767835.25527546,228.25062810900553,1162.3955813019827,12.891864657051684,7.47633091623938,2.164879313979902,7.593666138099733,1111.2949276861093,1323.6312314718423,228.25062810900553,14.75384825810862,1162.40290728151,1111.2930593567876,7.592961506170156,12.892862097047864,True,138.5361335065563,2.166800935045922,True,-1.2304218490299945e-05,89.71449460244924,-0.0019216210660197852,228.25043775557708,0.0
0.9586813811956723,3.6106,899.9936908606262,5.897526001529906,0.8511268743256087,30.06,0.2,14.765074043732278,178692638.57216436,235.50392312588193,1134.2785031413414,12.821867186297307,8.244773900834893,0.3686888698615978,7.332484248830578,1083.7690098502273,1562.6688778413202,235.50392312588193,14.764818398533109,1134.2961665543178,1083.7721350995387,7.332692552631964,12.821222890088354,True,129.6706761318496,0.3689984992484293,True,0.0002556451991697628,105.83324699403232,-0.0003096293868314892,235.50800075458739,0.0
0.9583515776301902,3.9999,899.9831486633816,14.123253827588929,0.8572073911401158,30.06,0.2,14.77086239251389,179907320.08842158,246.34059987319492,1112.5082250082544,12.76371271562836,8.867289333917387,0.08789706447376834,7.603831117624632,1066.8891713307296,1711.0846728974843,246.34059987319492,14.770977538066994,1112.5223128723628,1066.9154841032603,7.603087750123684,12.762678832862102,True,130.49768876509006,0.08793513421971037,True,-0.00011514555310299102,115.84291110810486,-3.806974594203205e-05,246.33867955177064,0.0
0.9587926886395454,3.8365,898.4747205928618,6.260154843204856,0.850077705381848,30.06,0.2,14.913298734795381,178493088.824399,238.70025692750187,1127.7545670041436,12.792512655936108,8.431200701015545,0.2376266462730728,7.220639522995724,1076.8690118674758,1647.382287942257,238.70025692750187,14.912657734746235,1127.7815904167585,1076.8856063535475,7.220780784464205,12.792181436968448,True,128.24179202034992,0.2380122108952574,True,0.0006410000491463563,110.45846490715195,-0.00038556462218458654,238.71051712921397,0.0
0.9739794024753614,3.4222,895.0295857513053,5.020686083470771,0.8500129553786061,30.06,0.2,14.787104397937258,181306503.58167174,233.37393482470466,1139.1914921842945,12.837584910370264,8.107068321084224,0.5054964349614408,7.597847507592333,1087.7174747335882,1508.3550567781162,233.37393482470466,14.786958453306225,1139.2031300186297,1087.716057678175,7.597972804476077,12.836632696902333,True,131.37046995610223,0.5056503276812557,True,0.00014594463103279054,102.00346486860244,-0.0001538927198149187,233.37623818363534,0.0
0.9598426842899689,4.0,899.8710522336868,14.50471335138846,0.8576474330271175,30.06,0.2,14.776498923147136,180279737.2419005,246.68939283245982,1111.9022752889468,12.76229889008129,8.884923650169146,0.08436734077362597,7.638049214408303,1066.4895701404866,1713.6369342345868,246.68939283245982,14.776674673348316,1111.9214252203963,1066.5161105041489,7.637218544845354,12.761751783706874,True,130.71740807760463,0.08445115761025074,True,-0.0001757502011798806,115.97198475485519,-8.381683662476991e-05,246.68645876837724,0.0
0.9700463070268401,3.5225,898.8943953274687,5.012780319446796,0.8500789987339613,30.06,0.2,14.861416976745607,180588386.96790993,234.203830027931,1137.5080986248606,12.826609656599254,8.155232031844832,0.4501707837263811,7.415695835733383,1086.017902191978,1545.7252009397587,234.203830027931,14.861175564943089,1137.5206367513426,1086.0193980522872,7.4158925956632995,12.825427628287379,True,130.19667025672388,0.4502893003401635,True,0.00024141180251824323,104.00715977120711,-0.00011851661378242673,234.2076345431604,0.0
0.9602684365271867,3.8663,886.4478811233201,5.2238583164725085,0.8500096553422215,30.06,0.2,14.876178598254741,178753509.9387087,239.37928258313303,1126.0320592021549,12.791323223128392,8.479460364021651,0.2131659379494523,7.36162979822761,1074.0620280590558,1645.8327825140418,239.37928258313303,14.87532914859886,1126.0494522227327,1074.075836135855,7.36145772872112,12.789562233101897,True,128.75117980802023,0.21324200176788224,True,0.0008494496558810738,110.62810277511281,-7.606381842995003e-05,239.39295224026694,0.0
0.9602369866819337,3.6876,890.7973608687709,5.374870368331232,0.8500074520189796,30.06,0.2,14.771849061146883,178747192.23048785,236.82822563987799,1130.9758153554876,12.813545385215694,8.337568210782528,0.29762299657967833,7.429104244959371,1079.6899469261346,1583.2423143877154,236.82822563987799,14.771452644682784,1130.9888973890102,1079.6942077255833,7.429195196555563,12.812138781058973,True,129.6520074397142,0.2976856073747297,True,0.0003964164640990475,107.17621820016379,-6.261079505137657e-05,236.83458131863654,0.0
0.9608022005194861,3.7016,896.9868890352965,5.181996599608692,0.8500078401982775,30.06,0.2,14.861385807453676,178852487.92102066,236.42086079804255,1132.3985194508793,12.810031858986207,8.29895145296722,0.3233395245823598,7.28001218449087,1080.9796418698925,1597.2649689533607,236.42086079804255,14.860889375417688,1132.4136702839887,1080.9867966099634,7.280237695624628,12.80851993689975,True,128.94764289588758,0.32343602039868474,True,0.0004964320359874819,107.47321790215497,-9.649581632492632e-05,236.42875850095328,0.0
0.987466190894735,2.9814,899.9240358466188,5.053288510916796,0.8715799565565056,30.06,0.2,14.762995658376827,188480981.47688058,229.00989460378423,1157.174671313899,12.881240864574945,7.6157276348459,1.569522082057682,7.638670455232931,1106.0283257535104,1361.4329925087093,229.00989460378423,14.763089980030744,1157.1871466590676,1106.0282779755082,7.63789344029074,12.881967401632517,True,136.7897296557754,1.5712171903228853,True,-9.432165391665137e-05,92.22016494800883,-0.001695108265203249,229.00843145534773,0.0
0.9797193506091462,3.2316,899.9979827298531,5.000097909132025,0.8545276338186905,30.06,0.2,14.772953671277552,183343645.63969505,231.0374061406017,1146.4219961808813,12.856391620971289,7.907411503095691,0.8012918365216077,7.628951576368948,1095.1269172669506,1448.7086939647972,231.0374061406017,14.772877901325357,1146.4369063591337,1095.1241919850743,7.628814083470411,12.856088938867122,True,132.97315637504934,0.8019266011119871,True,7.576995219515936e-05,98.06424976555235,-0.0006347645903793664,231.03859112929078,0.0
0.958067621295475,3.8621,892.7608028008124,8.907379966938487,0.8500881936403467,30.06,0.2,14.751939501928067,178360307.6620481,241.29518978194412,1121.285558702891,12.789169805478416,8.612982909293208,0.15806565860279237,7.535289274023106,1072.2345175404494,1648.5687453904043,241.29518978194412,14.75146940935604,1121.2930464831259,1072.2468795816503,7.535281937297017,12.791751590350442,True,129.54663995486735,0.1583381524040884,True,0.00047009257202645927,111.74854982707677,-0.00027249380129604206,241.30287925837757,0.0
0.9606298156745227,3.9993,896.430561796853,12.925409499344447,0.8559785012885688,30.06,0.2,14.80484333639314,180076476.45475948,245.8392476279024,1113.4343338436524,12.763952576845961,8.840767659701068,0.0932176352195915,7.606205085312793,1066.8236133726116,1710.220727909717,245.8392476279024,14.804764003687515,1113.4586732067346,1066.8477700848698,7.605565800647386,12.766815716100293,True,130.32229481520758,0.09349339259058075,True,7.933270562610062e-05,115.51695281269483,-0.0002757573709892408,245.8405649803883,0.0
0.987466190894735,3.0016,899.9240358466188,5.031854088086739,0.8715799565565056,30.06,0.2,14.784680406648642,188480981.47688058,229.21267403184922,1156.5786048728166,12.878869820324075,7.631948957965282,1.5097625840056024,7.6153713505773375,1105.3981932691122,1369.397043461931,229.21267403184922,14.784707188871113,1156.5915951801924,1105.3959586033207,7.614772775865991,12.879586514839863,True,136.58972487276472,1.511442299973953,True,-2.6782222471766204e-05,92.6229491590845,-0.0016797159683505924,229.21225881734745,0.0
0.9874648480608731,2.7844,899.9182991112372,5.001807687704319,0.9013629436635079,30.06,0.2,14.793327049923676,194921349.4197149,227.95405737139717,1169.7080335557246,12.902580861782413,7.283988410791299,3.3621360835474428,7.364878806300186,1118.8872522417596,1283.755893555198,227.95405737139717,14.793362061560012,1169.7054968304183,1118.8854427238803,7.364211890715872,12.900676511047093,True,141.17433351568437,3.358776093956526,True,-3.5011636336790275e-05,86.7797238557128,0.0033599895909168787,227.95351786965813,0.0
0.9770298938810413,3.2814,899.9952051410696,5.000652637912704,0.8508780804684352,30.06,0.2,14.754397554107403,182059461.14647803,231.44239607481802,1144.299007893537,12.852065902787684,7.965535002366661,0.7017995308453463,7.630738844465149,1093.0114757052195,1464.156038850787,231.44239607481802,14.754266561406112,1144.3121458601545,1093.0094275195383,7.630724975232484,12.851474830218539,True,132.20833957376766,0.7021905959943276,True,0.00013099270129046658,99.23405650105036,-0.00039106514898135103,231.44445088821922,0.0
0.9853605364052341,3.1372,899.9598774995031,5.006409730156343,0.8615798155470614,30.06,0.2,14.81315693405664,185921128.20337957,230.3275416554826,1150.515002277036,12.864326570200998,7.796038226868561,1.0327226600249801,7.629171568491612,1099.1757576804223,1419.8659328847787,230.3275416554826,14.813207295411658,1150.530906664568,1099.1742690139981,7.628701370355618,12.864548404372966,True,134.47540753111394,1.03383449733532,True,-5.036135501867989e-05,95.85213412436866,-0.0011118373103398138,230.32675859703588,0.0
0.9602727795010221,3.9737,894.5178933979979,11.834874930774527,0.851823261015132,30.06,0.2,14.774676949005128,179135713.8675269,244.78274752675205,1114.5897140670127,12.76944425275481,8.806681535653162,0.10103457705579369,7.637569341538263,1067.2425681360482,1697.274797388429,244.78274752675205,14.774371340631706,1114.6163977783783,1067.2646438564148,7.637099771444659,12.770702502311844,True,129.90814808687168,0.10127363762400152,True,0.00030560837342186176,114.87459943988037,-0.00023906056820782728,244.7878108662058,0.0
0.9598887851194456,3.8228,889.3165694754584,5.0197573769996495,0.850009367005082,30.06,0.2,14.875486277311914,178682777.39870057,238.43016440637004,1128.0595695013694,12.796788664258077,8.421851810423256,0.24341457279018705,7.318629275168912,1076.121168170874,1632.3063094523893,238.43016440637004,14.874724410837104,1128.0745163355095,1076.1329907359827,7.318596149452776,12.794846898090732,True,128.70546548593512,0.24344086827972705,True,0.0007618664748108017,109.72469892043492,-2.6295489540001382e-05,238.4423765283447,0.0
0.9788788170827438,3.2257,899.9979827298531,5.000097909132025,0.8545878461778407,30.06,0.2,14.756708106870128,183199256.89458182,230.9464243094351,1146.6092428873794,12.857570517578594,7.902137932333282,0.8119740279362327,7.6306118252006065,1095.359464411725,1445.1597908463325,230.9464243094351,14.756636163225094,1146.6241675382234,1095.356815634231,7.630455428463217,12.857256342299836,True,133.01467619734225,0.8126133064946377,True,7.194364503426698e-05,97.93174811209283,-0.0006392785584049543,230.94755025218984,0.0
0.9806630561386205,3.2971,899.9168102691724,5.003098742382895,0.8534049677910746,30.06,0.2,14.837195745556073,183279143.45105278,231.80662760609354,1144.3274527898802,12.847931349042305,7.965584625587763,0.6978034386745806,7.589024622325901,1092.872993310588,1475.655200504695,231.80662760609354,14.837108504497857,1144.3420353216868,1092.8705972075584,7.588992735227727,12.847524372353705,True,132.35092995436688,0.6983114869150128,True,8.724105821578121e-05,99.45569765172667,-0.0005080482404321573,231.8079906112564,0.0
0.9893744801076797,2.9025,899.9613707486741,5.05214077134798,0.8774957770688465,30.06,0.2,14.753761784187283,190127003.82348436,228.41719675444367,1160.885636461728,12.889232568781246,7.516431247881602,1.9739472476580762,7.632810269575191,1109.7641648241922,1332.9378673609945,228.41719675444367,14.753767482383697,1160.8942574907371,1109.7622909667136,7.632124778317557,12.890172161189863,True,138.07151586184432,1.9758072927841517,True,-5.698196414272161e-06,90.34568089259935,-0.0018600451260755158,228.41710853521064,0.0
0.9879635503647614,2.7605,899.008151110489,5.0340489040951715,0.9004895233148292,30.06,0.2,14.757738556025112,194830817.0242794,227.7774457142083,1170.118256641057,12.90521649919174,7.27287685865188,3.4575851658671195,7.425859524715112,1119.2820292574775,1274.0069532636385,227.7774457142083,14.757746426328026,1170.1163578494445,1119.2806602532248,7.425196583763088,12.903315945986611,True,141.44930934859875,3.454274904099373,True,-7.870302914270155e-06,86.32813636560957,0.003310261767746514,227.77732424054676,0.0
0.9510798089126062,3.7664,899.6621794306194,5.008390647176241,0.8504042973402725,30.06,0.2,14.818664285520056,177125248.75222117,236.64734678111756,1131.9083328267768,12.807685974363672,8.31295909050062,0.3139795823250161,7.116778356149951,1080.680194352644,1609.0270636631997,236.64734678111756,14.818074546732733,1131.9244523228942,1080.6923916816704,7.11694159777663,12.805728408775863,True,128.07133047955074,0.31403013259416523,True,0.0005897387873226023,108.57601630156682,-5.055026914912997e-05,236.65676501685888,0.0
0.9603488498342414,3.8515,892.5511494990429,8.622524153890396,0.8501068392885069,30.06,0.2,14.784440954972387,178788917.9301581,241.0489096534402,1121.9517487655708,12.789223327696778,8.594224728077482,0.16467964492780646,7.532752460379017,1072.6184345291415,1648.1778227800664,241.0489096534402,14.783967293903189,1121.9616738643629,1072.6303263082862,7.532761649207521,12.791541321251799,True,129.5724964192577,0.16496909357961329,True,0.00047366106919888296,111.4764132341825,-0.00028944865180682844,241.05663257936433,0.0
0.9587926886395454,3.8556,898.3967607628284,6.321541746106633,0.8507094033267454,30.06,0.2,14.930184548822288,178625728.13098815,239.0080481607909,1127.3244365054268,12.789875978968773,8.443709623979561,0.23061882613077261,7.201884889335197,1076.4318368210486,1654.5871805766833,239.0080481607909,14.929524561645987,1127.3530571997085,1076.449371904247,7.20201339647961,12.78966145592342,True,128.19209876477993,0.23102977887123033,True,0.0006599871763004472,110.81594939601098,-0.0004109527404577151,239.01861395249895,0.0
0.9605685864110872,3.9175,896.4628076503742,11.385477014062328,0.850007545187205,30.06,0.2,14.761020397014635,178808938.80040032,243.52369563804126,1116.6851314608136,12.777016806689465,8.745529549468703,0.11641893642321727,7.633584646139701,1069.183087622267,1678.848179893793,243.52369563804126,14.760668920207328,1116.707786889794,1069.2014500233374,7.6334030073319665,12.777594058531516,True,129.7915473161909,0.1166258420398594,True,0.0003514768073067387,113.73214832185036,-0.00020690561664213347,243.5294943543128,0.0
0.981083518891435,3.1855,899.9940557308071,5.051999057192664,0.858980075906337,30.06,0.2,14.780861830330853,184555560.9707175,230.70668476656886,1148.540580242156,12.860939255551452,7.8495775052822125,0.9149393254286723,7.610823973454106,1097.3281408052337,1432.6626204678055,230.70668476656886,14.78085287348109,1148.5567488727702,1097.325416520709,7.610531370880329,12.86094992037574,True,133.77989939594366,0.9158584919296258,True,8.956849763208652e-06,96.9267853706252,-0.0009191665009534722,230.70682456940247,0.0
0.9614220476899816,3.9722,899.9259376504056,11.401088847028534,0.8502622072822916,30.06,0.2,14.853159711683412,179021428.53564203,243.98476963522432,1116.3485146407904,12.767676276466563,8.756993773086837,0.11268261919354206,7.516936830051556,1068.682957322233,1705.858016299822,243.98476963522432,14.852886670581661,1116.379468603041,1068.7113242093826,7.516493252158753,12.768550481134499,True,129.13898670684026,0.11295945062850499,True,0.00027304110175130347,114.84578292838407,-0.00027683143496293194,243.98925481522934,0.0
0.9596224245451649,3.9906,899.9931846078556,13.847637818040667,0.8571883055536917,30.06,0.2,14.792497837668812,180141879.92720005,246.0635933165945,1113.1535021047068,12.76425002257333,8.848729676606428,0.09160061006464137,7.593353835550562,1067.314234786229,1709.8036014161698,246.0635933165945,14.792579758512774,1113.169745143563,1067.3395035561728,7.592695296023204,12.768244306372194,True,130.4770095654107,0.09187067493498627,True,-8.19208439626351e-05,115.58658375118381,-0.0002700648703448938,246.06223062411203,0.0
0.9605210291586477,3.9679,897.1884699721345,11.779779130307563,0.8503023612504029,30.06,0.2,14.792568452508764,178862100.96795624,244.40563088335998,1115.1590489765745,12.769468524373886,8.790458374673424,0.10475327144060778,7.605785339188579,1067.792113413898,1699.00737179259,244.40563088335998,14.792245631155613,1115.1871651720123,1067.8162848306413,7.6053783062470375,12.770656795960699,True,129.55299019587665,0.10500743877675744,True,0.0003228213531514257,114.85264068748333,-0.00025416733614966325,244.41096471558848,0.0
0.986148355508034,3.0659,899.998224468938,5.000302644907068,0.8655720342135557,30.06,0.2,14.785903572814458,186931949.9939864,229.66558750725193,1153.4715236109328,12.872233707729439,7.7156549121068885,1.2449926154721245,7.637946626849221,1102.211893886488,1392.9709095118676,229.66558750725193,14.785907339515274,1153.4866825878162,1102.2093133081933,7.637460776432875,12.872660608957139,True,135.45616615705094,1.2463887304281789,True,-3.766700816143498e-06,94.20942135020098,-0.0013961149560544062,229.66552900008452,0.0
0.9605685864110872,3.9176,896.4628076503742,11.292066957627945,0.8500035268700432,30.06,0.2,14.765067768177463,178808093.50081265,243.4589200497719,1116.8403206479857,12.777067804202261,8.7411135585977,0.1175765070195312,7.62566343144438,1069.2707795433762,1678.8864515077598,243.4589200497719,14.76481940426112,1116.8629104972524,1069.2919510112379,7.6252678489752315,12.777539528083524,True,129.75444868912666,0.11777825958492474,True,0.00024836391634330823,113.70447136064524,-0.00020175256539353703,243.46301535288376,0.0
0.9850853214899205,3.0952,899.9195400307051,5.0138521659013575,0.8643458792132407,30.06,0.2,14.789893841689016,186465924.5272691,229.93762845844824,1152.3063461471838,12.869367199143406,7.747235948698066,1.1573602219145607,7.626639245327619,1101.0568598770462,1402.9039237465834,229.93762845844824,14.78991226044585,1152.3219738981459,1101.054402074923,7.626173529350441,12.869722216720891,True,135.0818825819979,1.158655055413097,True,-1.841875683439298e-05,94.85574587645036,-0.0012948334985363186,229.93734210345227,0.0
0.9864056969831642,3.0478,899.6480923784076,5.060315932457942,0.8679488131439841,30.06,0.2,14.784535824769877,187494162.4360764,229.60985446972518,1154.3162412077752,12.87416303392622,7.692828718865652,1.3123000468642112,7.630338407459818,1103.1253914985625,1385.8090930270316,229.60985446972518,14.784555577718995,1154.3306125552906,1103.1229451577442,7.629814401937887,12.874739897216944,True,135.87598325432737,1.3137938171342463,True,-1.975294911815695e-05,93.73387121539781,-0.0014937702700350552,229.6095476988014,0.0
0.9913757605794536,2.9547,899.7381268878089,5.001111769162395,0.874323993904847,30.06,0.2,14.809322104616722,189822967.34002545,228.90074015728084,1158.5862514992334,12.882357348969322,7.578257406524184,1.7055991521600993,7.635621730671386,1107.2841707414136,1356.047283759789,228.90074015728084,14.809340440838277,1158.5969645852272,1107.2819388819396,7.634986028456843,12.883222036595278,True,137.33342921917696,1.707369495235573,True,-1.833622155444914e-05,91.56731093810387,-0.001770343075473635,228.90045674326234,0.0
0.9809735760032784,3.3166,899.9342136976879,5.0372193970606,0.8503307894299463,30.06,0.2,14.832937284045409,182676751.0509743,231.98584980854855,1143.10622820323,12.845502452897748,7.999104980741134,0.6461560514270104,7.624876047940702,1091.6094299071922,1483.7806568785963,231.98584980854855,14.832768973195293,1143.1193502904023,1091.607288199028,7.624978821136091,12.84497299209029,True,131.95451959472868,0.6465361209010523,True,0.00016831085011581592,100.03133021381987,-0.0003800694740418997,231.98848220548444,0.0
0.980651739909547,3.3006,899.3754221436485,5.0342399719751745,0.8521820304978817,30.06,0.2,14.823772362656808,183014390.83164907,231.87316283405116,1143.807886181073,12.847669049220963,7.979684299944019,0.6761242613506568,7.618846808209703,1092.3580986148972,1476.366509664989,231.87316283405116,14.82366139208555,1143.8218847226954,1092.3557946216063,7.618854409853751,12.847227319389303,True,132.27963195672837,0.6765827796819337,True,0.00011097057125830645,99.59353087732279,-0.00045851833127685815,231.87489864659156,0.0
0.9561851540560071,3.6628,899.9791229507651,5.478457151262553,0.8502561697446825,30.06,0.2,14.78562550491274,178045029.37882054,235.77883101910462,1133.5724626428882,12.81717867127484,8.265148159984598,0.35130286783467135,7.257333149964561,1082.729257863696,1578.5121826615073,235.77883101910462,14.785235171255435,1133.589000158718,1082.7350293305292,7.257572279449513,12.815946863853519,True,129.02231805428212,0.35148118350433744,True,0.0003903336573056748,106.75651296482249,-0.0001783156696660848,235.78505563524098,0.0
0.9879635503647614,3.0371,899.9183395263744,5.001193575434334,0.8681591291487151,30.06,0.2,14.800940062266891,187835780.4946886,229.48608712695798,1154.83746013255,12.874602011121546,7.678908044314262,1.3535434853960926,7.633682346086577,1103.5535362510873,1384.0836011043132,229.48608712695798,14.800954377272163,1154.8517169872155,1103.5510450774486,7.633146732883023,12.87517672160016,True,135.97273312836606,1.355072662934013,True,-1.4315005271825498e-05,93.51335399859192,-0.0015291775379204786,229.48586517542273,0.0
0.9751549460558372,3.3783,896.3673832852356,5.001864946182962,0.8500128507124812,30.06,0.2,14.777049496598607,181525308.95412832,232.76957012252527,1140.685238261759,12.842050693138608,8.065498214067471,0.5566517965845122,7.615313189699016,1089.252175003905,1494.7334344940184,232.76957012252527,14.77689740287484,1140.6971277768705,1089.2501486535923,7.615439101017943,12.841197438802032,True,131.61856453913902,0.5568547884337007,True,0.00015209372376823183,101.15100558338625,-0.000202991849188483,232.7719659428206,0.0
0.958067621295475,3.9954,892.8890002121838,8.379741821542934,0.8500885766886325,30.06,0.2,14.878367107270067,178360388.03089762,242.66846846562072,1119.283278395295,12.77121672569371,8.673111826843314,0.1364590866374727,7.383123055650324,1069.4312313823161,1699.5064017165914,242.66846846562072,14.877663492933063,1119.3093200097567,1069.4578914319795,7.382682036105514,12.773496813128826,True,128.4478680662213,0.13684297330642234,True,0.0007036143370040548,114.22060039939942,-0.0003838866689496456,242.67994506701262,0.0
0.9515537390147412,3.8663,886.442741193086,5.2238583164725085,0.8500177347154767,30.06,0.2,14.757469253585247,177132956.8063553,239.11572523092505,1126.0602154318187,12.79750484555088,8.477426731239436,0.2158892108662039,7.329004672246376,1074.50674096357,1630.889854504594,239.11572523092505,14.756670757443624,1126.0757170765114,1074.5200527714596,7.3287758969950945,12.795482597831706,True,128.60984295405504,0.21591318042241023,True,0.0007984961416234171,110.50588227687001,-2.39695562063158e-05,239.12866398839526,0.0
0.9893744801076797,2.9157,899.9983965905519,5.001704131213789,0.8766350042451037,30.06,0.2,14.763356728836307,189940500.18183997,228.48936162974604,1160.38519890812,12.887751134921793,7.52986327065549,1.9125868820039384,7.627284792199078,1109.2105398566518,1338.193166821452,228.48936162974604,14.763358633614944,1160.3948825916275,1109.2083828070722,7.62662027997724,12.888632717948115,True,137.84646422047012,1.9144641721612163,True,-1.9047786370407493e-06,90.64289740927592,-0.0018772901572778888,228.4893321498922,0.0
0.9603400949198391,3.6185,899.9727807017446,6.243394640973245,0.8500052924920752,30.06,0.2,14.770287608467937,178765931.55642825,235.8604226960209,1133.2413222092803,12.819650942241404,8.273777294687804,0.3447492344585551,7.379501464659629,1082.8844887627831,1568.3770119990297,235.8604226960209,14.770007889104486,1133.2593054363313,1082.8880872166906,7.379757244596981,12.819351442004118,True,129.67828325189512,0.3451017830564014,True,0.0002797193634513917,106.18213944412577,-0.00035254859784628056,235.86488949981648,0.0
0.9588403084221797,3.907,886.5381856106535,8.234438930513441,0.8500257632542565,30.06,0.2,14.760176805552687,178491046.96471283,241.95916517797684,1119.9431890187393,12.784631429923083,8.651747757764376,0.1444874876667691,7.575932179360777,1070.1595338675197,1658.955983128942,241.95916517797684,14.759575889756265,1119.9574497191763,1070.173552490922,7.575680547061905,12.786415021089763,True,129.57039476650598,0.1447479903491876,True,0.0006009157964221856,112.38877041147086,-0.0002605026824184786,241.96901621201266,0.0
0.9627188248756539,3.9722,899.8209999004202,11.401088847028534,0.8500423544130629,30.06,0.2,14.867736608805123,179216542.58356997,244.03159827430787,1116.2714294349953,12.76673268160291,8.759376432022982,0.11195623020392459,7.527711257556698,1068.5445833998592,1708.0202854013303,244.03159827430787,14.867445022161304,1116.3024909819267,1068.5728165024957,7.527287241454175,12.767638595407952,True,129.15314225844585,0.1122339144685525,True,0.0002915866438186754,114.87845601586201,-0.00027768426462791707,244.03638432561797,0.0
0.9879602405717546,2.9339,899.9970979441439,5.001193575434334,0.8755770273589112,30.06,0.2,14.755473017465313,189440089.74778536,228.60490926857258,1159.6015397953265,12.886367095043736,7.550738067700557,1.8238047950450897,7.619511276692079,1108.462402642515,1343.4583230748283,228.60490926857258,14.755487805598458,1159.6122695047175,1108.4603737120444,7.6188430757498535,12.887192582704047,True,137.55663479506217,1.8256650869317315,True,-1.4788133144705284e-05,91.04827447351042,-0.0018602918866417184,228.6046801578932,0.0
0.981083518891435,3.1899,899.7747280866805,5.02111406187909,0.8583250456743254,30.06,0.2,14.779096796539827,184414824.91022843,230.73161477885208,1148.2895495572031,12.860499229228207,7.856399608393364,0.9007868865589872,7.618602529106905,1097.0404135637818,1434.1317448004327,230.73161477885208,14.779145059266316,1148.3055322740493,1097.0393572111755,7.618194772813607,12.86045177475098,True,133.69333044060738,0.9016545975261866,True,-4.826272648905672e-05,97.0382843382447,-0.0008677109671993977,230.73086130246546,0.0
0.9879635503647614,2.7727,899.9123962794553,5.001807687704319,0.9000663023871461,30.06,0.2,14.776828418744197,194739248.5196079,227.8076613608978,1169.85171434286,12.903742960599503,7.2800495709348,3.396555815233389,7.400642098366765,1118.9973614469259,1279.7827759809984,227.8076613608978,14.776889451948461,1169.848967713902,1118.9965962081692,7.399887750279182,12.90179879387654,True,141.19967231325862,3.393053688861181,True,-6.103320426475989e-05,86.6079890476392,0.0035021263722079254,227.80672044355697,0.0
0.9604438865583989,3.8884,899.9748000788123,11.297530184214951,0.8500082458404108,30.06,0.2,14.777353463557713,178785873.41150984,242.77783817712634,1118.307719304375,12.780273790712352,8.698864523402019,0.12948169391144504,7.576190425638043,1070.8716425385805,1672.050998452778,242.77783817712634,14.777032520318176,1118.3299770396086,1070.8893522330898,7.576169369543349,12.780777528540977,True,129.63109655305735,0.12970309745101322,True,0.0003209432395365752,113.146741624069,-0.00022140353956817682,242.78311108329103,0.0
0.9815319761367358,3.1957,899.7747280866805,5.174002898862387,0.8578228554036461,30.06,0.2,14.779746549793387,184391174.61429057,230.90245618093815,1147.738314342558,12.859511670917543,7.871394863573158,0.8701772141335355,7.63643827532992,1096.5750897630817,1437.0600520687829,230.90245618093815,14.779791057929998,1147.754257864716,1096.5740880471892,7.63605587093806,12.859576624970023,True,133.67034217647148,0.8710588357621512,True,-4.450813661094344e-05,97.23211400446667,-0.0008816216286156031,230.90176083700376,0.0
0.986148355508034,3.0671,899.9968444986367,5.002956949920055,0.8655720342135557,30.06,0.2,14.786975063860352,186931949.9939864,229.68079333204935,1153.429766767495,12.872089922924783,7.716793639571318,1.2416425215300178,7.636972241152564,1102.170808280693,1393.4418422845363,229.68079333204935,14.786966920019445,1153.4449359696305,1102.1678592438102,7.636514392369382,12.87251867881407,True,135.44645985868658,1.243037795677377,True,8.143840906527089e-06,94.23433347336277,-0.0013952741473592933,229.68091982748618,0.0
0.9698656619786132,3.4763,898.8943953274687,5.012780319446796,0.8500040111314907,30.06,0.2,14.817806765996677,180538830.0469625,233.63126757931406,1138.6775336615426,12.83254117066335,8.122095042236776,0.48729346585212896,7.457762432631592,1087.3015165827212,1527.5583698391129,233.63126757931406,14.81758841878289,1138.6896140112053,1087.301302834707,7.457962033766159,12.83141980446951,True,130.5438208280935,0.48742011413432235,True,0.0002183472137868847,103.08744675122057,-0.00012664828219338675,233.63471029447712,0.0
0.9735988373525858,3.5247,895.0345930769149,5.000028012222109,0.8501052891445504,30.06,0.2,14.873875609514934,181255348.2512389,234.6072725599048,1136.5899194212147,12.824947026345118,8.180699865579612,0.42417546678873014,7.500874752465192,1084.881316654968,1547.4978007374586,234.6072725599048,14.873667159748267,1136.6018166505216,1084.882454677285,7.501017928584897,12.823803185077466,True,130.567772395883,0.42427682122003274,True,0.00020844976666722914,104.0395001640218,-0.00010135443130260269,234.61056050703297,0.0
0.9902391134307482,2.9377,899.9888883761193,5.048840425430031,0.875744339199801,30.06,0.2,14.7882712157444,189913343.78749835,228.75130728251804,1159.3924863417922,12.884785687734484,7.556547833275811,1.7955781709542862,7.626059836659929,1108.1986444998506,1348.0505467553392,228.75130728251804,14.788291126410765,1159.4023072699938,1108.1966169049288,7.625399370721822,12.885703963825215,True,137.59438524040496,1.7973855348042265,True,-1.991066636541916e-05,91.15692204211308,-0.001807363849940291,228.7509992962253,0.0
0.9879635503647614,3.096,899.9121547872044,5.001807687704319,0.8641275990305151,30.06,0.2,14.827197208575889,186963514.5921432,230.01586247611303,1152.229362162658,12.867773318224868,7.749600558620969,1.1481798862064712,7.639444224386874,1100.8500432867463,1407.3100405467496,230.01586247611303,14.827215048865627,1152.2446809019652,1100.8475440564266,7.638987510904016,12.86817735184751,True,135.1016024847164,1.1494683619923325,True,-1.7840289737947046e-05,94.91425999139662,-0.0012884757858613316,230.01558571816372,0.0
0.9601327853693629,3.9987,899.9504383635098,17.43545829653282,0.875335821259033,30.06,0.2,14.784970889904175,184053493.9674774,249.29121230250212,1110.1436452311516,12.75932982969405,8.935979677004124,0.07496687478627877,7.627098924020746,1066.9636311779248,1713.7615959212999,249.29121230250212,14.785650582501091,1110.1650269637594,1066.984381872893,7.626066203879523,12.762720679033325,True,133.37267170468584,0.0751898565881187,True,-0.0006796925969165812,115.91854059781627,-0.00022298180183993876,249.27975244887355,0.0
0.9893917820324002,2.9157,899.9985492693928,5.001835024225861,0.8766350042451037,30.06,0.2,14.763577531057937,189943821.81212416,228.48994007442235,1160.384762861788,12.887742707120722,7.529876369384123,1.912500593913038,7.627361334283578,1109.20952510746,1338.216568797043,228.48994007442235,14.763668666686641,1160.3944423026119,1109.2096070061018,7.626515682603757,12.888624745549661,True,137.84598005444175,1.9143661300786985,True,-9.113562870410874e-05,90.6439600199806,-0.0018655361656605418,228.48852961372918,0.0
0.9605152226987437,3.8934,892.5511494990429,8.622524153890396,0.8501074309636528,30.06,0.2,14.81942853667968,178820016.15899175,241.6010142739733,1121.0115262385416,12.78339380603183,8.621872435584134,0.15415785713023797,7.499699159521313,1071.5423359576034,1664.460220861849,241.6010142739733,14.81887821787015,1121.0245310329308,1071.557824016837,7.499615008538026,12.785810231888007,True,129.28972870903272,0.15446792280696964,True,0.0005503188095303813,112.31128556494059,-0.00031006567673166896,241.6099864499101,0.0
0.9879635503647614,2.7605,899.6404420986316,5.0340489040951715,0.9002577071047326,30.06,0.2,14.761168969629418,194780661.0364048,227.73374325405774,1170.198872307677,12.905140437145942,7.270808772313195,3.473281901055307,7.418871962890923,1119.3679330956502,1274.6806102978705,227.73374325405774,14.761167425607162,1170.1970362022937,1119.366009175531,7.4182267585260835,12.903225552244,True,141.38012216710825,3.4699499131619516,True,1.5440222558282812e-06,86.35362108694949,0.003331987893355315,227.7337670750712,0.0
0.9536817488112895,3.8556,899.999065598646,8.292674057389698,0.8501510334084205,30.06,0.2,14.789082477444648,177556928.46126306,240.05652720327748,1124.2294687715607,12.791737659509385,8.529786631770932,0.1909596871219893,7.322528027692222,1075.0319312925467,1647.8201179732441,240.05652720327748,14.788639273448057,1124.2496678582977,1075.0497116664906,7.322561759942918,12.793636304856104,True,128.63899287208773,0.19138341550330387,True,0.000443203996590924,111.41753433118976,-0.00042372838131457535,240.0637215103599,0.0
0.9588403084221797,3.907,887.0549571635266,5.043698829550131,0.8500257632542565,30.06,0.2,14.902138698484398,178491046.96471283,239.69904003513352,1125.572166255243,12.786886800968027,8.493202073877658,0.2061668721547617,7.29745106027087,1073.4170817322126,1659.6242658752008,239.69904003513352,14.90116878712338,1125.5909994959636,1073.4347969966288,7.297182493274031,12.784862350237193,True,128.3391995582587,0.20623600410015094,True,0.0009699113610182053,111.35984047687481,-6.913194538923917e-05,239.71464195371294,0.0
0.9601782585576171,3.7981,898.5947993093738,8.577762118190742,0.8501495420125031,30.06,0.2,14.804455998396215,178766138.17762262,239.83045395152112,1124.6699500130374,12.795032944067414,8.516787652532802,0.19655742368013537,7.447602999337173,1075.534830975062,1635.2079221261563,239.83045395152112,14.804057129596933,1124.6811023099926,1075.5458442539887,7.447814472684715,12.797332686580697,True,129.38017353670378,0.1969145948348652,True,0.0003988687992819706,110.45028041481734,-0.0003571711547298295,239.83691575346916,0.0
0.9752081446083387,3.3887,896.3673832852356,5.001864946182962,0.8500088959005156,30.06,0.2,14.787124333678197,181534367.256712,232.89631255861315,1140.4050004815558,12.840734491733825,8.073383819630976,0.5462632861928762,7.605897076221156,1088.9480712375578,1498.855652908906,232.89631255861315,14.786973715916382,1140.416886999773,1088.946321245205,7.606020426844771,12.83986525254955,True,131.5354389016677,0.5464584658911841,True,0.00015061776181468645,101.36087365694544,-0.00019517969830784576,232.89868480340147,0.0
0.9908003746384605,2.8388,899.9192474789289,5.002334998317253,0.885223897346612,30.06,0.2,14.768237643591654,192077881.40402868,228.02936751113228,1164.6106391783278,12.89558560754174,7.41772006453871,2.475259981207289,7.577945161586932,1113.4881268762053,1309.6145883648492,228.02936751113228,14.768246467186929,1164.6143568737937,1113.4863590593936,7.577227773717207,12.896729749537268,True,139.35150021568242,2.4770765978653797,True,-8.823595274876084e-06,88.67786729544986,-0.0018166166580906307,228.02923127025534,0.0
0.9734238481830497,3.3507,899.9989589431235,5.0133988624786525,0.850001078892579,30.06,0.2,14.762982264853903,181200555.22259304,232.1431982975053,1142.221899499967,12.845726657106836,8.023029605702337,0.6144207207624371,7.566258208384729,1090.965237216166,1485.6913991304655,232.1431982975053,14.762818661321784,1142.2343387820983,1090.9634259092636,7.566354007581746,12.844912165287619,True,131.5083904219848,0.6146763854958456,True,0.00016360353211908318,100.6348078755205,-0.0002556647334084339,232.14577093949666,0.0
0.9605685864110872,3.9702,896.5174875847907,11.803901209817644,0.850007545187205,30.06,0.2,14.784454773944327,178808938.80040032,244.50677217685663,1114.8520457512827,12.769297746744426,8.799236544694647,0.10271354048093922,7.6249302854370455,1067.4840323472836,1699.089256596128,244.50677217685663,14.784126848485856,1114.8798936097278,1067.5083489866895,7.624481078799581,12.770486962689382,True,129.5856074700772,0.10296115019988261,True,0.0003279254584711566,114.92116470677942,-0.0002476097189433868,244.5121955607458,0.0
0.9864056969831642,3.0478,899.6791347412111,5.045135817918249,0.8679488131439841,30.06,0.2,14.785497399183509,187494162.4360764,229.59729953549743,1154.350936601818,12.874163981679496,7.691907225851548,1.3150019356713032,7.628393246391436,1103.1487284815887,1385.8442490408358,229.59729953549743,14.785574655689048,1154.365386533499,1103.1477146125787,7.627752375926088,12.87472899031177,True,135.86661816542022,1.316492866424922,True,-7.725650553958019e-05,93.7306813700772,-0.0014909307536188354,229.59609986044546,0.0
0.972792010052083,3.3966,894.9751455543378,5.009061649581425,0.8510900875154742,30.06,0.2,14.757231123588788,181314940.7881426,233.05168357142048,1140.108821206432,12.841414595216545,8.081310538814588,0.5374698898664177,7.599130185112543,1088.7381868257296,1496.5374783319758,233.05168357142048,14.75712941584369,1140.121015388671,1088.7362886879673,7.599191596635216,12.840511314021068,True,131.64213886931554,0.5376623093774358,True,0.00010170774509887792,101.40954470210494,-0.00019241951101800492,233.05328978903637,0.0
0.9770298938810413,3.2814,899.9888871329998,5.010701360172468,0.8508780804684352,30.06,0.2,14.75389995863416,182059461.14647803,231.44969768735024,1144.279603650652,12.852062278840469,7.966060142636653,0.700975082174751,7.631740439612992,1092.999636133998,1464.1486014230204,231.44969768735024,14.75378610874403,1144.2927880171694,1092.9980103805426,7.631693065237474,12.851479942822372,True,132.21264489907395,0.70136970703223,True,0.00011384989012874769,99.23705278827629,-0.0003946248574789868,231.4514837050177,0.0
0.9511740876070001,3.8228,889.3114295452242,5.010136086434499,0.8500181590309127,30.06,0.2,14.757013418539032,177062372.59343845,238.1631753149361,1128.1054909921952,12.802876891744631,8.419348317538322,0.24678727777091325,7.2854190871528175,1076.574795608325,1617.480324708964,238.1631753149361,14.756295001243487,1128.1182580917632,1076.586104443554,7.2853250371883185,12.800669968596292,True,128.561867938771,0.24674858175369704,True,0.0007184172955447821,109.6013073761651,3.8696017216205414e-05,238.1747704032895,0.0
0.9700463070268401,3.4804,898.8943953274687,5.012780319446796,0.8500789987339613,30.06,0.2,14.824466164307665,180588386.96790993,233.6883759684616,1138.585792293161,12.831911671240265,8.124724834698931,0.484134084428318,7.453494042541254,1087.1929848186005,1529.42984788029,233.6883759684616,14.824249699610219,1138.5979755418782,1087.1929480779581,7.453688756757101,12.830792425584951,True,130.5209783876652,0.4842634815238908,True,0.0002164646974467388,103.1673975807964,-0.000129397095572803,233.69178830194397,0.0
0.9884334647777506,2.7727,899.9317427696404,5.001807687704319,0.9000663023871461,30.06,0.2,14.783109991419497,194831874.1833991,227.82056978580488,1169.8482632073858,12.903529606314848,7.28017995728813,3.39409341903544,7.402175664052553,1118.9760401036392,1280.41217520071,227.82056978580488,14.783138321577734,1169.8456236407496,1118.974355408131,7.401489632161018,12.901591125170532,True,141.20711859969379,3.3906314630477667,True,-2.8330158237110936e-05,86.61345118611109,0.003461955987673182,227.82013319428748,0.0
0.9603159817485694,4.0,899.8710522336868,14.47622367690044,0.8576474330271175,30.06,0.2,14.784022493016273,180368632.99833047,246.6854333074013,1111.945009788795,12.761951857421868,8.883770840984845,0.0845485378656964,7.6375983036730934,1066.4916720507333,1714.4819268768313,246.6854333074013,14.784199775229085,1111.9640395935685,1066.5183049465106,7.636765384731375,12.761388238204445,True,130.7152972240806,0.08463118955102186,True,-0.0001772822128121021,115.97013608332071,-8.265168532546607e-05,246.68247522105574,0.0
0.9813436694021054,3.1957,899.9338428568213,5.174002898862387,0.8578228554036461,30.06,0.2,14.77873682133884,184355799.2003148,230.88644053593572,1147.774354368333,12.859585716006466,7.870412156819455,0.8722080387091479,7.632748879524337,1096.6205985664249,1436.9692345786352,230.88644053593572,14.77871460300268,1147.7903292471717,1096.6179156846165,7.632499392316168,12.859646688487029,True,133.65443198397898,0.8730957189465366,True,2.2218336161117236e-05,97.23200855195674,-0.0008876802373887216,230.8867876508702,0.0
0.9629196552640241,3.8853,899.8209999004202,9.673015994585244,0.8500447786536378,30.06,0.2,14.87635130922252,179254439.71769437,241.69585440685958,1121.088967039183,12.780056657520376,8.620367845624582,0.15410093924573526,7.454381603573209,1072.3791168989658,1674.9691574495585,241.69585440685958,14.875907734231612,1121.1035037203515,1072.397698443216,7.454459690137498,12.778788759711674,True,129.10696389101977,0.15415956703665312,True,0.00044357499090708075,112.58889051583981,-5.862779091786452e-05,241.70306137791212,0.0
0.9592728357614516,3.9984,899.9762456476917,13.157348824219412,0.8500070835833347,30.06,0.2,14.767958295464148,178567639.06308317,245.48895029233614,1112.8219091275093,12.76434398868503,8.858188655421678,0.08977603992728264,7.637567108918555,1066.4165420670936,1712.1458756671716,216.5048171878798,14.767836346012654,1112.8501755609564,1066.4471462303786,7.636822824068461,12.767226222311562,True,129.5534876890679,0.09006619088118158,True,0.00012194945149346381,115.93546260326823,-0.00029015095389893497,216.50660503567843,0.25
0.9770606208313898,3.2873,899.9999193140784,5.000021949703169,0.8500071572296731,30.06,0.2,14.753253106918649,181878832.48193562,231.48868352563954,1143.9593599850796,12.851379147975244,7.9748529245721755,0.6869558707215194,7.639437695404229,1092.6544568751613,1466.509362848982,206.63807342254893,14.75308519567832,1143.971982504075,1092.6521112841963,7.639490983816423,12.850742243171908,True,132.08774644391048,0.6873042388437701,True,0.00016791124032877747,99.40093708172907,-0.00034836812225069735,206.64042525979158,0.25
0.9453832163241112,3.9997,899.9549354284346,7.5274037241865095,0.8500035736359897,30.06,0.2,14.817862920418477,175981374.18860903,241.15034954595072,1122.3758809017465,12.778893687690433,8.584393542067637,0.16807009373514611,7.116308592625531,1072.5793327707736,1687.8180993335154,212.6742779896441,14.817162429418048,1122.4161929132188,1072.6116539448674,7.116032240402836,12.779878806996829,True,127.2520789612102,0.1685945513769597,True,0.0007004910004297926,113.89827058474052,-0.0005244576418135805,212.68433230459573,0.25
0.9358080541440787,3.9608,899.8777573164184,5.179545679762327,0.8500571355863932,30.06,0.2,14.7520098774984,174209952.0221497,238.78949205785912,1127.2390561829895,12.792997196293236,8.445458883963827,0.23246601919317514,6.921987307687647,1076.3229871130122,1656.0897452430456,210.72399862687388,14.751119791943797,1127.2675991859735,1076.3516673853676,6.9218143319873455,12.79077073591668,True,126.53515302998971,0.23266549273971454,True,0.0008900855546034592,112.2543390278694,-0.00019947354653940264,210.73671375561202,0.25
0.943452388192106,3.8985,899.9977929554336,5.01279769086132,0.850000323982275,30.06,0.2,14.818069055194343,175621282.60608825,238.08506121412816,1128.9031512731365,12.795758078298837,8.398608910309513,0.25779176057385295,6.983131639084579,1077.6751301451752,1646.3042787301774,210.30977766338304,14.817221561923244,1128.9261782353374,1077.697903100648,6.983164039852714,12.793537964021407,True,126.9911900478264,0.2579209397972909,True,0.000847493271098898,111.09387116630177,-0.00012917922343796961,210.32180664740486,0.25
0.9439078235079144,3.8712,899.9876505665228,5.0379824961898505,0.8500028651193833,30.06,0.2,14.801941376042905,175706586.0273918,237.76392587047846,1129.4698601005425,12.7989904194384,8.382224567893843,0.26799476427859403,7.008531314025358,1078.3161826533026,1636.7971274934353,210.1189520472709,14.801139153852539,1129.4909730961797,1078.3362174152987,7.008614729948359,12.796814904358863,True,127.19092395595713,0.26810079127892716,True,0.0008022221903658533,110.57300191452133,-0.00010602700033313095,210.13034050083496,0.25
0.9453111884429639,3.9858,899.8777573164184,7.287187707572254,0.8500086708754537,30.06,0.2,14.815520607341195,175969021.5608056,240.809976949168,1123.0659728014848,12.781044123965932,8.564574900479094,0.175945328242072,7.108797318504884,1073.1408694530862,1682.3428020779827,212.4217946053702,14.814806632771536,1123.1054998800596,1073.171669047403,7.108568458479304,12.781705017992213,True,127.26338052196766,0.1764582590609004,True,0.0007139745696598254,113.54659642720034,-0.0005129308188283888,212.43203191478295,0.25
0.9597884423093187,3.5548,899.9996431015439,5.002991217495708,0.8500040717767894,30.06,0.2,14.761403021860685,178662985.63099086,234.21513344504015,1137.0001453662103,12.828785493713148,8.168698704268564,0.43938296502768304,7.328026916102025,1085.9022002188756,1543.09770398336,208.08113890369927,14.761117576325155,1137.01163378639,1085.9039864022293,7.3282375103091475,12.827273043837966,True,129.6816629716406,0.4394044586849012,True,0.00028544553553011554,104.53347047339955,-2.149365721815233e-05,208.08516270689853,0.25
0.9474242217748633,3.7474,899.9968736140934,5.011741611780861,0.8500032481482754,30.06,0.2,14.752993941316756,176361236.12504017,236.26790825084376,1132.3575720583162,12.81255100784526,8.299576762390625,0.3252464992027127,7.119135634665318,1081.3567873930392,1596.0743461839934,209.2212905857663,14.752411508629045,1132.3717067492298,1081.3670809136086,7.119344532182019,12.810494921733282,True,128.08649431064364,0.325242856750771,True,0.0005824326877110764,108.18141394020012,3.642451941676672e-06,209.22955074842045,0.25
0.9592728357614516,3.9971,899.9893616523296,11.74438918584599,0.8500070306131123,30.06,0.2,14.827495637909983,178567627.93521407,244.47081075742327,1115.2250070559705,12.765527682263098,8.78938487643223,0.1047651588436227,7.519620749455645,1067.8202336192444,1711.6652950818598,215.61116148014435,14.82721578081039,1115.2586397444843,1067.8506164227383,7.51910158412681,12.766781958168746,True,129.03464907391955,0.10506027803213598,True,0.00027985709959388316,115.43616168350371,-0.0002951191885132848,215.615231044868,0.25
0.9604292298476502,3.9848,899.9928814144426,12.920205904862488,0.8500030623901788,30.06,0.2,14.783222572744405,178782054.83570087,245.1791908644329,1113.4990831111154,12.765561223503342,8.838589576222038,0.09382333483778862,7.633095970810095,1066.9185327431217,1709.0165326574986,216.27790556875613,14.783065641376846,1113.527214995711,1066.9474522592977,7.632463277773467,12.768171586174695,True,129.57542519025097,0.09411361098149497,True,0.00015693136755956516,115.60376567418194,-0.00029027614370634447,216.28020149223485,0.25
0.9526293289904408,3.6669,899.9880749197415,5.067920380711634,0.8500150505276715,30.06,0.2,14.75595138361268,177332619.28564,235.444322903841,1134.158379899325,12.819272866390426,8.248597930730629,0.36568269652075913,7.210201676666857,1083.1637942046198,1574.2126328276836,208.773514090796,14.755515782053491,1134.1712546189751,1083.1697949034335,7.2104297992584945,12.817491172558368,True,128.76488884244088,0.3656916302687327,True,0.0004356015591895357,106.67943406140012,-8.933747973560724e-06,208.77967734998657,0.25
0.9399261169838702,3.915,899.9912150767854,5.385022069120044,0.8500015171975486,30.06,0.2,14.766494560545684,174965121.72675702,238.4425959373941,1127.905150066383,12.795840758919297,8.426339204730784,0.24269059291223125,6.987648842338836,1077.071650911086,1646.334991696668,210.5697825058387,14.765668941772901,1127.9320903396751,1077.0954566094892,6.987627251753239,12.793966866376598,True,126.95844066446809,0.24291221021377693,True,0.0008256187727830877,111.484155272926,-0.0002216173015456846,210.5815564638018,0.25
0.9683093966590094,3.4132,899.9999728883294,5.002639575364085,0.8500143077954323,30.06,0.2,14.751921957428781,180251317.40373525,232.73679831886608,1140.6050176192614,12.841086672431821,8.067871815702333,0.5545607588523056,7.487419519057182,1089.4383896232714,1502.0509703817338,207.28162416060445,14.751734611446729,1140.6169372318914,1089.437007988858,7.487570012780864,12.84002754428714,True,130.91776431101468,0.5547131529457732,True,0.00018734598205227826,101.8190340078514,-0.00015239409346756716,207.28425662251232,0.25
0.9544173968404508,3.9975,899.9763978822882,11.63323939731922,0.8500046646907188,30.06,0.2,14.76704412237394,177663298.58242232,244.23792945130558,1115.4389432453756,12.769269686195283,8.782531883224028,0.1068671189782909,7.490954885530236,1068.1719610519353,1703.1369386101583,215.40451965554135,14.766772191673137,1115.4719024696824,1068.2025884731745,7.490401067631288,12.770222811847173,True,128.906664045912,0.1071480990332655,True,0.00027193070080322457,115.33126540539357,-0.00028098005497459444,215.40848633839022,0.25
0.9376587021948335,3.9988,899.6822080819383,5.6940108222321175,0.8500047923827657,30.06,0.2,14.78309985991479,174543720.1307924,239.69594932488948,1125.472715838397,12.786281591307604,8.49610363942103,0.20644311675982768,6.945692973572424,1074.7229700950857,1673.337867771283,211.39779326107515,14.782311727013454,1125.5100798850606,1074.7583298957206,6.94522202707711,12.784748898579936,True,126.51006971380255,0.20680364722628367,True,0.0007881329013361693,113.18587961108693,-0.00036053046645598275,211.40906413394103,0.25
0.9443197050627445,3.8064,899.9227847401535,5.036779442696433,0.8500000676325217,30.06,0.2,14.75581603579574,175782678.44018853,236.9494790300338,1130.9330940021944,12.807113874663525,8.340041605577696,0.29625433874636303,7.063171594757567,1079.9382537168294,1612.9970819142284,209.6213211362023,14.755135307622595,1130.949746469002,1079.9526955221882,7.063319847663292,12.804964913458653,True,127.64273598071462,0.29628803972958345,True,0.0006807281731457948,109.3067430493192,-3.370098322041937e-05,209.6309920159343,0.25
0.9525359124540176,3.6624,899.9879270344269,5.01225350599344,0.850000122999979,30.06,0.2,14.753148748517189,177312115.8127299,235.3476760271288,1134.361526144936,12.819939302651415,8.242875655420672,0.3706032133108051,7.209289116831325,1083.341363581203,1572.3466026239582,208.703421478045,14.752713854533674,1134.3737541341166,1083.3471307841946,7.209519218958034,12.818100144416755,True,128.77445384994604,0.37058721865145033,True,0.00043489398351503894,106.57322217718277,1.5994659354756635e-05,208.70957382826575,0.25
0.9720530246176394,3.3754,899.9998738723818,5.00136229659037,0.8500002071935708,30.06,0.2,14.767777611266647,180945194.0822183,232.39010767499093,1141.5868457080792,12.843507242693354,8.040705650229434,0.5897239465708651,7.536765185460014,1090.332098861291,1493.1869211788087,207.1123211236884,14.76760634821821,1141.599097987881,1090.3304953868283,7.536884655533981,12.842606684785464,True,131.28048393961163,0.5899398997169473,True,0.0001712630484362876,101.1096237353793,-0.00021595314608213734,207.1147230490003,0.25
0.9738835574585979,3.3306,899.9999984931998,5.0008938571341295,0.85011134950491,30.06,0.2,14.752076005123934,181309647.2644407,231.91187800314788,1142.8104202652974,12.847918316212095,8.006639615228053,0.6385233752532876,7.584188249423692,1091.5634736650686,1478.578287245888,206.85475575926296,14.751962035322272,1142.822907468595,1091.5626044575176,7.584170799832163,12.847140621858587,True,131.6844063790421,0.6387991994124945,True,0.00011396980166189508,100.22747162410579,-0.0002758241592069055,206.85635386502204,0.25
0.9544151331107475,3.6461,899.9708466123178,5.00289104293541,0.8500000176053779,30.06,0.2,14.76544133156551,177661905.88678795,235.19353764243732,1134.7611311709957,12.820778231035213,8.231719848050709,0.3799297280633282,7.229624570722307,1083.687752946814,1569.2159614071675,208.62447129742222,14.765030063869826,1134.7732376876882,1083.6928491160986,7.229858202552395,12.81899850042894,True,128.92086314632834,0.3799201090646543,True,0.00041126769568400334,106.27267449610898,9.618998673910362e-06,208.63028235945208,0.25
0.9578571457398553,3.5771,899.9935520745323,5.002991217495708,0.8500001678390438,30.06,0.2,14.754216760093147,178302659.13992953,234.4346480666771,1136.4497012947784,12.827224611176364,8.184087511883895,0.4242930184686596,7.301504306990999,1085.3868367796342,1548.5139800098034,208.1961495209904,14.753944005293015,1136.4611323196852,1085.390315884391,7.301642563699297,12.82562756434698,True,129.48304758081952,0.42429551056851944,True,0.00027275480013244646,104.9516004858576,-2.492099859863206e-06,208.19999842397732,0.25
0.9435545603155198,3.8328,899.9722640743543,5.196760129942418,0.8500032287981998,30.06,0.2,14.760098361723564,175640901.92747134,237.3673222537271,1130.0661081776732,12.804114279376817,8.364657770778496,0.2798482108908413,7.0511296602878,1079.152933857685,1621.6982179581826,209.89971705531545,14.759381753582213,1130.0857636967735,1079.16932173659,7.051259029560549,12.802119762460983,True,127.50309178153897,0.2799545805608984,True,0.000716608141351216,109.86423047218814,-0.00010636967005711595,209.90990825767207,0.25
0.9484897330624426,3.9762,896.2765252490952,8.299895970588961,0.8500048221907182,30.06,0.2,14.771886248784849,176559906.00062513,241.76947409378602,1120.6772701967982,12.78018583444444,8.631943129034308,0.1511090493729477,7.285518013179261,1071.316769337184,1679.6778911638162,213.34253756592747,14.771236416857509,1120.7059875011541,1071.34273717416,7.285225135983925,12.782055467484236,True,128.06736180995858,0.15152996279801226,True,0.0006498319273404718,113.70211228382743,-0.00042091342506456186,213.35192315752303,0.25
0.9638525615984959,3.5553,899.9656133507749,5.001261640532074,0.8500025614814644,30.06,0.2,14.816610957051116,179419195.7280127,234.34043379954517,1136.9608197177454,12.826158412740194,8.170299445800769,0.43613529457754624,7.343100684943053,1085.6759584959477,1549.7825134571735,208.19102422893678,14.816309839226973,1136.9729929948837,1085.6778433051386,7.343348265142481,12.824754985710843,True,129.7454323321289,0.43619770656772033,True,0.0003011178241436596,104.59500146741627,-6.241199017409382e-05,208.19525537885886,0.25
0.9652857768337245,3.5293,899.9206612330099,5.019793238837606,0.8500069883932574,30.06,0.2,14.812273608565572,179686921.6570869,234.07806608483992,1137.5667860014905,12.828522791532896,8.15324536212961,0.45373519688422814,7.373817717335451,1086.2917242885787,1542.01134285804,208.05216041350647,14.812007705848407,1137.5790032986738,1086.292965142497,7.374042584228291,12.8272145058757,True,129.97677667925768,0.4538199514982292,True,0.00026590271716564473,104.10128940558224,-8.47546140010369e-05,208.05589533154492,0.25
0.9399261169838702,3.9093,899.7710283355524,5.086664743013714,0.8500024994791486,30.06,0.2,14.772136183718814,174965323.92053697,238.18785817257785,1128.4912002878036,12.796867528053838,8.409832848637365,0.2519958599471881,6.972386557772071,1077.4537364113057,1643.9150076564408,210.36664485563915,14.771371948665175,1128.514746790948,1077.4792469339052,6.972201849228575,12.794630845089175,True,126.90957055932668,0.2521273967897762,True,0.0007642350536389841,111.27828761325117,-0.00013153684258809806,210.37752871698078,0.25
0.9480887700562592,3.9997,899.9549354284346,8.821848352307736,0.8500041505880626,30.06,0.2,14.800996472927785,176485127.9094114,242.11616349782784,1120.1691917397566,12.775858904112349,8.647151055472769,0.1456221861381261,7.232336845395421,1071.176738391999,1692.6483972264637,213.52605471153004,14.800420593668823,1120.1987441682083,1071.2080794046283,7.232028715380187,12.77851561083836,True,127.76069928394934,0.14608909527731406,True,0.0005758792589620754,114.3554642138785,-0.0004669091391879543,213.5343629366496,0.25
0.9596249315544003,3.5828,899.9948495873095,5.00129177527255,0.8500057927008499,30.06,0.2,14.783213175533186,178632910.04282638,234.55533372983444,1136.3029974413637,12.825383360463833,8.188475939991779,0.41920338192137385,7.30276362780442,1085.1448685188677,1553.5574638133328,208.2830097538714,14.782886660036112,1136.3148421986828,1085.1475227221135,7.303001448891785,12.823825375839828,True,129.46889739385068,0.4192258364255779,True,0.0003265154970737427,105.08643633598376,-2.2454504204072467e-05,208.28761018354564,0.25
0.9646439921387102,3.5122,899.975315336998,5.043084238781826,0.8500051207572523,30.06,0.2,14.788230474940486,179567059.5723148,233.86160721918824,1137.9760340906125,12.831041312642007,8.141554289933861,0.46687332042960594,7.387674564618115,1086.7872613568431,1534.4665656654174,207.92093486718406,14.787986397309858,1137.9881730258821,1086.7880071544234,7.387879707240215,12.82976416953894,True,130.10106511065865,0.4669641024497285,True,0.0002440776306276149,103.76054210852959,-9.078202012258174e-05,207.92436662914113,0.25
0.9483162120476764,3.9996,892.9887572041337,8.299895970588961,0.8500065251520087,30.06,0.2,14.752678076572868,176527958.99862826,242.34874182014858,1119.3859298063944,12.77802214181942,8.668827730941182,0.13898596942040659,7.334931014811412,1069.9209339553327,1683.921981064107,213.81287239488537,14.75198569187428,1119.4142929451702,1069.94739199035,7.334455125655673,12.779841884196424,True,128.21128143534102,0.1393678194035479,True,0.0006923846985884552,114.13746038480755,-0.000381849983141308,213.82290770567673,0.25
0.9357941668651959,3.9999,899.8777573164184,5.179545679762327,0.850007245085652,30.06,0.2,14.781009776287114,174197142.40438867,239.29837453322705,1126.3762098783588,12.78786760989512,8.470551799733457,0.21898463976393526,6.892824989764033,1075.345287884133,1670.6736590925086,211.0412783608678,14.780075880907763,1126.4092294786808,1075.378705962721,6.892537327540647,12.785649786723193,True,126.27796835222372,0.2192374811593166,True,0.0009338953793509575,113.02040618100332,-0.0002528413953813424,211.05461323656814,0.25
0.9376966046176823,3.9992,899.9835779596864,6.61363864733482,0.8505593550730105,30.06,0.2,14.753661881727918,174664656.55176726,240.30317877541367,1124.083838949843,12.785356656200749,8.535156736864515,0.18906580756254737,7.00473928835078,1074.0045631394098,1673.9448142736492,211.93827473171325,14.752896812986146,1124.1252705361137,1074.0364540232074,7.004460850294042,12.784996301900858,True,126.8501405660159,0.1895498457583221,True,0.0007650687417726232,113.45303820939777,-0.00048403819577472196,211.9492656137914,0.25
0.953121680729112,3.9999,899.9107850423874,11.448000889060278,0.8500005858942155,30.06,0.2,14.758529590836687,177421251.69426274,244.10249265332774,1115.6929516935604,12.770072348872699,8.775141365995797,0.10876398236566258,7.469869752261297,1068.344409026761,1701.6518785826033,215.27760416919435,14.758203428490246,1115.7257645367579,1068.3743656201725,7.469391823915313,12.770769276264257,True,128.80578531454722,0.10903606384015713,True,0.0003261623464414498,115.29670733878052,-0.0002720814744945482,215.2823618925075,0.25
0.9669691884197336,3.4409,899.9973207971059,5.001597796336721,0.8500036377675391,30.06,0.2,14.758646655254854,179999577.3954833,233.03156599719654,1139.883150886447,12.838483283600205,8.088038799235502,0.5291566066215344,7.4570170955582356,1088.7168384453148,1510.6636414074333,207.44209840076292,14.758454423031873,1139.894943459325,1088.716049061572,7.457170645486724,12.837341584604797,True,130.67539766604511,0.529278269054068,True,0.00019223222298059284,102.35616833115142,-0.0001216624325336424,207.44480038123947,0.25
0.9435021986574725,3.8333,899.9999116160475,5.00007755007813,0.8500032450462929,30.06,0.2,14.76818430755747,175631158.26082382,237.23931352707854,1130.3998968158294,12.804220378415005,8.355386793454457,0.28572988078471,7.0339416695863894,1079.344481343427,1621.83149722891,209.78449133206175,14.767443642890626,1130.41772082478,1079.3609841427872,7.034077739908604,12.801998450124922,True,127.42641552881904,0.2857753495673187,True,0.000740664666844637,109.8128979982595,-4.5468782608693026e-05,209.79501312338454,0.25
0.9376587021948335,3.9919,899.8593052764796,5.019267191832197,0.850005851146366,30.06,0.2,14.80738404301355,174543937.5419637,239.14401726278064,1126.8149035679137,12.787683803329827,8.458352282379654,0.2248220659980521,6.89319924673836,1075.5992847651391,1670.9836886780151,210.93201702317006,14.806438892834043,1126.845874304723,1075.6321526381032,6.892941383584914,12.785316186481783,True,126.30407824977613,0.22503624337465328,True,0.0009451501795076922,112.83993901300451,-0.00021417737660117675,210.94548159997993,0.25
0.9769214682466603,3.2991,899.9771901036619,5.003758057315016,0.8500050947604437,30.06,0.2,14.762034148204785,181852488.120519,231.627696803856,1143.6214373836028,12.850021870579969,7.984262498672059,0.6718322583691917,7.628269664217242,1092.3038049784213,1470.8764543115572,206.71791066692256,14.76186994351031,1143.634063488054,1092.3016179048875,7.628328806957523,12.849367499438086,True,131.99002044002992,0.6721678231157099,True,0.00016420469447453456,99.63767636382607,-0.000335564746518191,206.7202101080837,0.25
0.9524323301283724,3.9871,899.9955887737964,9.899407335296775,0.8500004712763992,30.06,0.2,14.805711491657098,177292906.87202966,242.8273495087701,1118.5996572614201,12.773499014543809,8.691979815108734,0.13129871015772118,7.347055379707223,1070.2183524286274,1695.6648197674579,214.19541208511185,14.80523665293734,1118.6228845980897,1070.2475867648195,7.346760371805372,12.772323949973813,True,128.30371468370302,0.13142942020629605,True,0.00047483871975728675,114.52363482506709,-0.00013071004857487245,214.2022818351629,0.25
0.9578439677212172,3.9908,899.9384439958212,12.602855926945406,0.8500048569013152,30.06,0.2,14.766279897880636,178301189.6861575,244.9505946998575,1113.915133215373,12.766922039622303,8.826434631959852,0.09659704228397392,7.5921332842373905,1067.2042471605207,1706.6391529958685,216.05639851777076,14.766105832686504,1113.9455715859553,1067.2340889128766,7.591487373969362,12.769092702105555,True,129.37533505047193,0.09689046409425375,True,0.00017406519413221133,115.57525964938557,-0.0002934218102798314,216.05894542481434,0.25
0.9550804372150918,3.6228,899.9500608520067,5.0007561331900945,0.850006484483604,30.06,0.2,14.754902201125377,177787103.13355082,234.92265923880424,1135.3279112711239,12.82328695161951,8.215646948739103,0.3945356693394383,7.2521810083688125,1084.279693053569,1561.399042608815,208.46706127337472,14.754580780162684,1135.3395875834333,1084.2851159192371,7.252302477717149,12.821551092550916,True,129.1030797600907,0.3945204221892006,True,0.0003214209626936082,105.81957947871354,1.5247150237707174e-05,208.47160262121258,0.25
0.94025631865556,3.9782,899.9145325639648,5.001790349892001,0.8500000137812224,30.06,0.2,14.834502292799355,175026278.44806948,239.02539730542065,1127.149969676928,12.787587475080295,8.449032027052944,0.22927914317650658,6.910596377886652,1075.8352411453552,1670.5412495637952,210.87242633627207,14.833561321686778,1127.179986147045,1075.866748498471,6.910401135826014,12.785269767095151,True,126.42153250541855,0.2294885466797703,True,0.0009409711125769604,112.6038648000021,-0.00020940350326373314,210.88580308763463,0.25
0.9482668737198132,3.9996,892.3716315565905,6.613456911981743,0.8500065251520087,30.06,0.2,14.816339091493044,176518774.72632813,241.24060574827078,1122.110806217417,12.779545012880678,8.59171320346367,0.1652781506920536,7.208636765145636,1071.410092278583,1683.0300310500502,212.84239582851438,14.815461799527784,1122.1465230329177,1071.4378933441967,7.208149598307539,12.779275716101562,True,127.65532468341935,0.1656497691633941,True,0.0008772919652599853,113.58528106485143,-0.0003716184713405124,212.85499921045775,0.25
0.9711917872025635,3.4135,899.993453154109,5.009812050447167,0.8500000755200692,30.06,0.2,14.790321175045,180784848.92615414,232.82869577716744,1140.5609921307773,12.8393183682911,8.069420847249038,0.5511516412581454,7.4988195146197825,1089.2725401393373,1506.6306651023554,207.362199017712,14.79013545191368,1140.5732477351198,1089.2714303423056,7.498973804044091,12.83834174070928,True,130.96435326818934,0.5513354335534274,True,0.00018572313132025897,101.8643425089781,-0.0001837922952819815,207.3648029125204,0.25
0.9653047685508689,3.4912,899.9915219341043,5.003432740256261,0.8500002689709238,30.06,0.2,14.780571711919062,179689036.4672381,233.59604473815014,1138.5825647841718,12.833268742323957,8.124542709631978,0.48577550805988057,7.405386744283469,1087.3820645953838,1527.4434144381876,207.7607211084414,14.780342664231322,1138.5943589264825,1087.3822815932288,7.405579525563521,12.832003035287121,True,130.25676874825146,0.4858612815058107,True,0.000229047687740902,103.33927598989868,-8.577344593013736e-05,207.7639407301954,0.25
0.9770606208313898,3.2925,899.9963588414784,5.000146890284364,0.850006732253503,30.06,0.2,14.758072245507067,181878741.54838407,231.55020173395823,1143.814023315882,12.850745729356586,7.9789090262690365,0.6803476654389313,7.634474943696991,1092.4998571235722,1468.5338033473763,206.67341262970282,14.757903841555285,1143.8266390782394,1092.4975311879973,7.634535101835567,12.850101456542248,True,132.04455207364654,0.6806902349956329,True,0.00016840395178263634,99.50564966031169,-0.000342569556701533,206.67577100117543,0.25
0.9723839123833719,3.3638,899.9891771883009,5.022040645125489,0.8500070031361284,30.06,0.2,14.760680643126635,181008235.1867456,232.27605323186268,1141.858823504842,12.844727683884717,8.033079466267278,0.6004594813719163,7.550818306980791,1090.6281447941624,1489.1786943719899,207.05399995436983,14.760514860597937,1141.8712308763659,1090.6264071305993,7.550925080395013,12.843873353904563,True,131.3893158026911,0.6006975099633621,True,0.00016578252869869914,100.88673742917157,-0.000238028591445838,207.05632547864957,0.25
0.9638445277318627,3.5063,899.9937099713316,5.008037100163309,0.850006847968608,30.06,0.2,14.773978296023373,179418605.02753237,233.7412947471258,1138.1976209329007,12.832290559899718,8.135250503726844,0.47415637802807453,7.386643438966211,1087.032064782615,1530.9466187548774,207.83516120476517,14.773738267675252,1138.2093432087613,1087.032606304274,7.386840897146767,12.83096645151041,True,130.11887457960597,0.4742257380179265,True,0.00024002834812009155,103.62242016751983,-6.935998985196923e-05,207.83853789450487,0.25
0.9422493837503694,3.8597,899.9908012915383,5.009252657455612,0.8500029460931579,30.06,0.2,14.771160716152387,175397887.43522462,237.54814425106088,1129.7847390436914,12.801675555386405,8.37294936009339,0.27435038476589635,7.009244461788817,1078.7225071929229,1629.5987368930505,209.9673947045633,14.77038541541702,1129.804203460751,1078.7414373330173,7.009322940823797,12.799422247225113,True,127.23182414059319,0.27441958965627244,True,0.0007753007353663577,110.31632011046769,-6.920489037609556e-05,209.97841593867054,0.25
0.9453893615483441,3.9761,896.2765252490952,7.716415378903167,0.8500039187078711,30.06,0.2,14.753805266046488,175982589.553755,241.27182581908536,1121.685436971179,12.78294563985014,8.602988845430104,0.161724815660701,7.225817752375969,1072.0489336973142,1674.1497890994692,212.90372418512496,14.7531049007489,1121.7186111935132,1072.075149604878,7.225525165418816,12.784002842758692,True,127.80548622839996,0.16216049465041454,True,0.0007003652975878794,113.46633959068541,-0.000435678989713556,212.91383123588813,0.25
0.9702011115483049,3.389,899.9991116454181,5.050530491017391,0.8500015008869806,30.06,0.2,14.753252409230747,180600740.05482775,232.53297093737555,1141.1480664343278,12.842908239165556,8.05274457339118,0.5741656555789869,7.521360839273978,1089.983830589021,1495.6096845485501,207.18924260102602,14.753078317069006,1141.1604558749102,1089.9821848375495,7.521494868651423,12.841982204201408,True,131.1596053089547,0.5743745078512608,True,0.000174092161740802,101.37336562842086,-0.00020885227227385172,207.1916875160708,0.25
0.937315848099589,3.9992,899.9993555295916,6.020182295469593,0.8500044703476066,30.06,0.2,14.768513256252549,174479832.26622498,239.88279669920337,1124.985803214106,12.78613868415738,8.509747247752305,0.20025599775416766,6.96391703328534,1074.4921884572605,1673.2854887181381,211.55757770653125,14.767677025998625,1125.0252461880948,1074.525224986684,6.963622287347669,12.78500880368655,True,126.58908852014028,0.20067121923119327,True,0.0008362302539239863,113.29370817906309,-0.00041522147702560686,211.56955730539528,0.25
0.9525307370084408,3.7065,899.9911419201684,5.214236696805522,0.8500000036480863,30.06,0.2,14.781108502034495,177311127.5198534,236.03618971453275,1132.9519058815426,12.814209713560368,8.282846010686999,0.3373778307483129,7.18876646172734,1081.9681852860735,1589.1144500074492,209.1587324218554,14.78060966932502,1132.9672769360516,1081.9761697209021,7.189011600519121,12.812546348521348,True,128.5306981966065,0.3374596206301125,True,0.0004988327094750389,107.50549151792626,-8.178988179957658e-05,209.16579134699708,0.25
0.9524271546827956,3.9994,899.9911419201684,10.011002278255301,0.8500002913020728,30.06,0.2,14.810301794916153,177291905.93692097,243.06617627813466,1118.147834340551,12.771707135485613,8.705134452201474,0.1273418622137601,7.346576760336479,1069.808140390736,1700.3272917770246,214.36440984349173,14.809842470568773,1118.1735020506214,1069.839002041063,7.346210431812354,12.770685107729916,True,128.26308847061534,0.12749804922532343,True,0.0004593243473802744,114.80308780751932,-0.0001561870115633357,214.37105831344329,0.25
0.9384313350580926,3.9994,899.9988753584298,6.3921204962282765,0.8500029108343695,30.06,0.2,14.768881046382283,174687157.86194015,240.16709665548174,1124.345866568609,12.784993510467684,8.527890262757417,0.1920576903718842,6.997841316770648,1074.065876746588,1675.3511618104476,211.80761639849854,14.768073380361935,1124.3868348305057,1074.0985161103479,6.997563955961524,12.784355908416854,True,126.73610644691206,0.1925190930203761,True,0.0008076660203482078,113.43099020856968,-0.0004614026484918987,211.81920015828968,0.25
0.9512171136094048,3.6892,899.9982814882925,5.003132110522749,0.8500003806062746,30.06,0.2,14.75779479917303,177066678.45486528,235.6384692596256,1133.7396461137978,12.817421230029998,8.260495085805498,0.3557566312328126,7.180823547675381,1082.7061901322115,1580.361192679812,208.86683409689167,14.757323468235384,1133.752317206517,1082.713498884804,7.181034207733025,12.815508798175843,True,128.55603440071758,0.35574022799631577,True,0.000471330937646286,107.08243485890802,1.6403236496820295e-05,208.87350504917984,0.25
0.9526830692509716,3.9999,899.9050531946191,11.087210309752747,0.8500185874237374,30.06,0.2,14.767940326000687,177343360.99211672,243.83740488459492,1116.3047666857608,12.770668948179203,8.757626607283509,0.11316783853316353,7.4379491747804956,1068.719518624154,1700.8688053813155,215.04414110110818,14.767580435082412,1116.3366849959143,1068.7496137609367,7.437503420691474,12.770930207436889,True,128.66748534426702,0.11342106870353327,True,0.00035989091827559605,115.1699195403279,-0.00025323017036973927,215.04938179938983,0.25
0.9531912904531465,3.9999,899.9108684094379,11.215360746374378,0.850006583563549,30.06,0.2,14.76935598518025,177435461.36221513,243.94228079501826,1116.0845529097724,12.77018774189457,8.76398290912833,0.11151289471976174,7.450682951702203,1068.567447448476,1701.776156017548,215.13641820823503,14.769006403821713,1116.116939501997,1068.597485903959,7.450229718393761,12.77061578062939,True,128.7218772136857,0.11177461648911685,True,0.00034958135853635497,115.22040358133256,-0.0002617217693551138,215.14151047235163,0.25
0.9723839123833719,3.3603,899.9979027255168,5.022040645125489,0.8500068649988367,30.06,0.2,14.757565572333604,181008205.77053222,232.23368437406486,1141.9551653757915,12.845155177005601,8.030379898043932,0.6043310904052089,7.553962274427214,1090.7314189164867,1487.8301919991857,207.02915140576044,14.757402578261008,1141.9675748025022,1090.729689045695,7.554061448273479,12.844306442930348,True,131.4170039728113,0.6045721096998558,True,0.00016299407259623422,100.81668040125356,-0.00024101929464681593,207.03143802255192,0.25
0.973155444219083,3.3431,899.9994148998007,5.002284386116968,0.8500067438072356,30.06,0.2,14.752961489859668,181151799.75296015,232.03757058302358,1142.4511721595063,12.846819451563672,8.016595081290749,0.6240153416694694,7.571413809406103,1091.212334687172,1482.3292028016542,206.91839020997574,14.752799010871321,1142.463535391564,1091.2104271775831,7.571500478640197,12.846000059676857,True,131.56229802765097,0.6242704588815663,True,0.0001624789883472033,100.47527255537261,-0.0002551172120969225,206.92066909215174,0.25
0.973972397189385,3.3329,899.9999714255156,5.050146026240167,0.8501100213612602,30.06,0.2,14.753232736759113,181325903.42730337,231.9752680395479,1142.6587775015353,12.847561043264783,8.010820039539102,0.6323569906925296,7.5866341332518985,1091.4409205674317,1479.6075818384206,206.90266855848915,14.75307989468136,1142.6715357746057,1091.439028869708,7.5867030629164445,12.84682616405369,True,131.68623437208518,0.6326549824871768,True,0.00015284207775323466,100.28903366746272,-0.00029799179464717884,206.9048120725202,0.25
0.9525041428100655,3.6885,898.0334293610687,5.0088333597095565,0.8500029574840863,30.06,0.2,14.755142397034385,177306793.23566592,235.81680387864427,1133.2898448403755,12.81711205412751,8.272948371872467,0.34576241285198084,7.225310310511269,1082.1764510224882,1579.7948790322207,209.04995140574405,14.754670740489287,1133.3018748453271,1082.1827922688076,7.225506829652206,12.815206582513053,True,128.75350966643862,0.3457336188849946,True,0.00047165654509839783,107.06329421220565,2.879396698624026e-05,209.0566340203254,0.25
0.9596249315544003,3.5828,898.8835701789383,5.001286083421658,0.850000158939191,30.06,0.2,14.77227482458387,178631726.08002487,234.63593027757034,1136.0495759063044,12.825631767159202,8.195374713855731,0.4129024545620928,7.324577891996972,1084.8776003641212,1552.195094924759,208.36720874759968,14.771953319978198,1136.060984612671,1084.879890155223,7.3248019717143915,12.824056853950813,True,129.563863992784,0.4129099303871664,True,0.0003215046056723736,105.07206628478633,-7.475825073599562e-06,208.3717437617466,0.25
0.956555314946098,3.9924,899.9832772356227,12.409334826838034,0.8500001115865421,30.06,0.2,14.758935637196563,178060314.88157427,244.78745618335915,1114.2271174924313,12.767803800090372,8.817354280222926,0.09868706615647747,7.568506049856231,1067.4315771939453,1705.0132225864043,215.90642328744178,14.758716508854999,1114.2584902080928,1067.4609344513424,7.567931053320466,12.769712324264134,True,129.26524382199656,0.0989808636479725,True,0.00021912834156445626,115.52221236136259,-0.00029379749149502365,215.90962893316578,0.25
0.9525359124540176,3.6998,899.9890509656431,5.009754137785139,0.8500029574840863,30.06,0.2,14.78424613083742,177312707.0930847,235.815289604567,1133.4672388003478,12.815196122666599,8.268443868386978,0.3486795723306702,7.177425562037684,1082.3497888048564,1586.572278359861,208.98652430400594,14.783742473360668,1133.4806489049379,1082.3575324171816,7.177667037865246,12.813317110560739,True,128.50460619102648,0.3486859814823213,True,0.000503657476752295,107.31068341354052,-6.409151651121103e-06,208.99364412672307,0.25
0.9524271546827956,3.9994,899.9921151927165,10.112516198667695,0.8500002913020728,30.06,0.2,14.80602884244228,177291905.93692097,243.136324069301,1117.9767124715395,12.77163079905205,8.70999677905436,0.12596044522894237,7.354955581810257,1069.709712107093,1700.3272917770246,214.42627443561824,14.805580374723705,1118.0032061322772,1069.740513275627,7.3545805235839214,12.770730301957506,True,128.30001168217547,0.12612888038246425,True,0.00044846771857542933,114.83631238712553,-0.0001684351535218842,214.4327695043467,0.25
0.9554474188401993,3.6139,899.9934337111447,5.0007561331900945,0.85001133930562,30.06,0.2,14.752865210383527,177856432.15591493,234.8195861298573,1135.5558481791923,12.824157886978497,8.209215161382158,0.40047740789990705,7.2602784393160436,1084.5131015193324,1558.6570726898844,208.40680036819975,14.752502987349315,1135.567437621947,1084.5167942617657,7.260504717621828,12.822444212582232,True,129.1716145982858,0.40046488869610125,True,0.00036222303421240554,105.6479715315715,1.2519203805794188e-05,208.41191744857892,0.25
0.9763070934567091,3.3074,899.9996524526408,5.040291607688592,0.8500185726644179,30.06,0.2,14.760339619679376,181741004.84837872,231.73169584167923,1143.3393692597263,12.849337912928766,7.992032113498862,0.6599956808208561,7.620499240057775,1092.0608392071197,1473.213479320514,206.77946714505194,14.760175179620685,1143.3521514992292,1092.0586170222928,7.620570485275708,12.848688675703524,True,131.924250779587,0.6603335198722762,True,0.00016444005869153955,99.80744506209223,-0.00033783905142004134,206.7817708323253,0.25
0.9560829758087709,3.997,899.6104344336461,9.450711948609094,0.8500003709975923,30.06,0.2,14.877831595925896,177972444.4796975,242.79638470808152,1119.0326106721625,12.76979460825642,8.68048698394772,0.13416614293044965,7.324230929093657,1070.124391606437,1705.436104361144,214.13904823123642,14.87731122839203,1119.053634779951,1070.155399321918,7.323907048747125,12.76819384198025,True,128.17152173211787,0.1342539267077157,True,0.0005203675338663061,114.62486297596365,-8.778377726603726e-05,214.14653822769625,0.25
0.9767387900837836,3.3458,899.9999396724537,5.001409916052227,0.8500027692149945,30.06,0.2,14.803186118655614,181817985.40964878,232.17237505202812,1142.3529611763288,12.844392162590587,8.01973960563804,0.6174115534146943,7.582176252310339,1090.953523029144,1488.8410358306792,207.0284461725152,14.80301259081875,1142.3655446492576,1090.951644298968,7.582294055566131,12.84366181304988,True,131.59820217156636,0.6176980581508001,True,0.0001735278368641957,100.57417288046176,-0.0002865047361058082,207.03087305678713,0.25
0.9596363426406436,3.9985,899.990821375682,11.920290149546606,0.8500000470270862,30.06,0.2,14.825900374276467,178633826.7053765,244.6250170106711,1114.8954105370833,12.764922035767933,8.798894613053339,0.10250708099190516,7.534760771808578,1067.5952118669054,1712.8522736982898,215.74224715424205,14.825646480539746,1114.929080070331,1067.6259360487759,7.534199305201775,12.766398358283663,True,129.09614835817445,0.10280679413145889,True,0.00025389373672091153,115.52886865249664,-0.0002997131395537367,215.74594180630126,0.25
0.9737674258381669,3.3917,899.9910680942406,5.013443690563234,0.8500065132822906,30.06,0.2,14.804942296076877,181265670.2883611,232.64390842812173,1141.1169194486297,12.840472519855526,8.054074767804973,0.570411234238511,7.528958811311174,1089.7636102599822,1502.1474581511234,207.27826653451612,14.804764609252867,1141.12940211749,1089.7622900701997,7.529101557042285,12.839603297696865,True,131.1829152924994,0.5706369799037389,True,0.0001776868240099816,101.46099313562235,-0.0002257456652278167,207.28075428881948,0.25
0.9417778435953663,3.976,899.9969940985418,7.0116865336931475,0.8500028479117321,30.06,0.2,14.771911818634392,175310090.90428203,240.37825050310943,1123.7875499894285,12.785167256067709,8.543498822659267,0.185239682549474,7.078501676875716,1073.863574296364,1672.523917003662,212.07243711993894,14.771183781149787,1123.8264597506902,1073.8931661523495,7.078301327720908,12.78536167226173,True,127.16126414613402,0.18573147159778153,True,0.0007280374846043713,113.21698635697541,-0.0004917890483075171,212.08288967986658,0.25
0.9384313350580926,3.9338,899.9963751875081,5.023825443403483,0.8500029108343695,30.06,0.2,14.775090541448762,174687157.86194015,238.40231734510462,1128.111394461571,12.794727397002756,8.42082533631168,0.24564847364094503,6.938283972319524,1077.033816265271,1650.7677041157629,210.4707168671779,14.774209617432902,1128.1363810009534,1077.0599551145367,6.938201152342123,12.792381027503229,True,126.68346858575082,0.24578893548251154,True,0.0008809240158598186,111.7188487593538,-0.0001404618415665193,210.48326635130766,0.25
0.9596117535357622,3.9997,899.9398372735561,12.602855926945406,0.8500057898550597,30.06,0.2,14.796802159189596,178630456.37406176,245.12718503366648,1113.7120037101147,12.764296345652488,8.832768842432056,0.0950020217436866,7.591994974762977,1066.894162138673,1713.2007139172765,216.18172953108535,14.796622856022848,1113.7436573094585,1066.9249468217554,7.59132759898112,12.7665631811861,True,129.3469304102666,0.09530266058255442,True,0.0001793031667478573,115.78025462339988,-0.0003006388388678144,216.18434918754855,0.25
0.9647136018627447,3.4959,899.913202644675,5.043084238781826,0.8500047158763758,30.06,0.2,14.774306040128042,179579931.7810927,233.66878401560393,1138.3786574879512,12.833043713864765,8.130155415309389,0.47974123737792007,7.4037909000386355,1087.2228492112756,1528.2234294165476,207.80930497703204,14.77408852994991,1138.3906611879063,1087.223387153032,7.4039608715577,12.831792406042897,True,130.2327851734545,0.47983514006346895,True,0.00021751017813187445,103.43599884214944,-9.390268554887449e-05,207.8123644306729,0.25
0.9645746793677489,3.4719,899.9661812019135,5.038438596936788,0.8500146547042723,30.06,0.2,14.752129854363568,179556171.04259843,233.36566405957933,1139.0205156601357,12.836097264340387,8.112027801341064,0.5009415200589651,7.423404993321574,1087.9210586510217,1518.8244614431446,207.62659321968482,14.751929842885284,1139.0323569951488,1087.920968955672,7.423558917586301,12.834876499888573,True,130.4111488329368,0.5010406734964356,True,0.00020001147828452304,102.95451522664254,-9.915343747046723e-05,207.62940828878314,0.25
0.937315848099589,3.9959,899.999194657246,5.962358581635385,0.8500006631926206,30.06,0.2,14.7683617440396,174479050.77414283,239.8010494281346,1125.1546653114071,12.786623195472696,8.504926394063268,0.20249338550938828,6.961858714806068,1074.6291077714434,1672.0502434034818,211.49645017090302,14.767510899649855,1125.1934274333157,1074.6615210226323,6.961598042873707,12.785418932628252,True,126.58994558086665,0.2028973922777991,True,0.0008508443897454754,113.21110384726795,-0.0004040067684108195,211.50863574295386,0.25
0.9484897446916031,3.9758,899.9722640743543,8.350839525123847,0.8500032287981998,30.06,0.2,14.80811234288278,176559577.19168052,241.49232894643845,1121.4821361742481,12.779192371981658,8.609471691513523,0.15874430912857485,7.213698517148652,1072.205913930972,1684.3357813581151,213.05629769618164,14.807501554467105,1121.5137701006797,1072.2347524874326,7.213499361569198,12.78123539080011,True,127.75347337744904,0.15922852353586336,True,0.0006107884156740795,113.73885556898941,-0.00048421440728851906,213.06508596596777,0.25
0.9654630567524956,3.4587,899.9915191880266,5.003065384189538,0.8500001258461467,30.06,0.2,14.7540616171395,179718471.1534821,233.2049687958252,1139.4230779497498,12.837201179124476,8.100830329263083,0.5139580054417142,7.435436489227378,1088.286435713891,1515.165430963677,207.53126838909213,14.753867563420902,1139.434734887371,1088.2861238885223,7.435583019650284,12.835991320257452,True,130.51188373461002,0.5140559927946341,True,0.00019405371859804177,102.69308506121519,-9.798735291988159e-05,207.5339979929864,0.25
0.9453893615483441,3.9442,899.9235617597808,7.81220863901906,0.8500048374668441,30.06,0.2,14.763313328188168,175982779.77121127,240.62138675523204,1123.086710094086,12.786194412738366,8.56295000523857,0.17722937863958063,7.183775869915134,1073.6629957830964,1666.8391428676591,212.39535263582644,14.762680642508158,1123.1191584678131,1073.6882768814542,7.183680003010654,12.78741217202599,True,127.72272386857168,0.17770988198024756,True,0.00063268568001007,112.89866288666036,-0.00048050334066693234,212.40445528468592,0.25
0.9755533500672345,3.3074,899.9999334202535,5.00007755007813,0.8500032450462929,30.06,0.2,14.751953174477668,181597419.76365805,231.6820495996988,1143.4139285055105,12.849792381938428,7.989923779787059,0.663584529003887,7.614417491544513,1092.137069488716,1472.076106736862,206.7349105780725,14.751790042618493,1143.4264627813475,1092.1348994162822,7.614479608360892,12.849087470371703,True,131.89495205014057,0.663896977837365,True,0.00016313185917482542,99.78709754955821,-0.00031244883347802954,206.73719674471542,0.25
0.9427420722696236,3.8695,899.9977929554336,5.01279769086132,0.8500003311135852,30.06,0.2,14.78557543429067,175489060.5609003,237.69034634969,1129.5566599558613,12.800051716208374,8.379602648225262,0.269916030026494,7.003440867002891,1078.445761786655,1634.1486113749434,210.05955479481707,14.78478041431696,1129.5770566800632,1078.4656679159216,7.003511800776015,12.797814341118011,True,127.17401827357065,0.2700025904024047,True,0.0007950199737098984,110.51632807611935,-8.656037591070476e-05,210.0708502985074,0.25
0.9510786102712908,3.7504,899.998491980258,5.003432740256261,0.8500002689709238,30.06,0.2,14.8060023940587,177040873.15429255,236.40672049391947,1132.2875294242615,12.809698076396998,8.302082472043516,0.32221760840114855,7.129319648022277,1081.1004003235673,1603.3719715228312,209.33371441082193,14.805441480243315,1132.3026410595928,1081.112178244924,7.129478038059288,12.807731744444622,True,128.11954987042594,0.3222468233667595,True,0.0005609138153843674,108.28717062349352,-2.9214965610979693e-05,209.3416451552442,0.25
0.9531257888701024,3.9838,899.9993566255278,10.544671742039293,0.850004626177827,30.06,0.2,14.785413838814813,177422859.7496076,243.25377311568474,1117.5778674343642,12.772955976339087,8.721029454244153,0.12297210809019178,7.405756185917461,1069.6369654776413,1695.6484917656253,214.58280539285047,14.78500020355151,1117.605636992186,1069.665417045473,7.405432453464439,12.772561949059797,True,128.57349918374086,0.12317589703463928,True,0.00041363526330329137,114.68027393194387,-0.00020378894444750273,214.58880870796628,0.25
0.9646751432141457,3.5215,899.996340976033,5.019097058597012,0.8500068954810924,30.06,0.2,14.798004612170029,179573233.22894508,233.95875696163526,1137.7864402704392,12.829867885314362,8.146970727582914,0.46078217590027265,7.376990658719899,1086.5572863776642,1538.1238371228621,207.97343195609542,14.797740942892622,1137.798502343703,1086.5581138765606,7.377220145879615,12.828554457350691,True,130.01977361801855,0.46086252993845256,True,0.0002636692774071747,103.93898334361671,-8.035403817990838e-05,207.97713767068626,0.25
0.937315848099589,3.9992,899.999194657246,6.256814487636668,0.8500044703476066,30.06,0.2,14.75880708492768,174479832.26622498,240.04055630058937,1124.58375788149,12.785952425642,8.521035525304882,0.19524628348483383,6.982959733359438,1074.2608956356428,1673.2854887181381,211.69670914733658,14.757989512416186,1124.62412443432,1074.2935616762513,6.982675501008274,12.785113842380023,True,126.67218476528909,0.19568937849315046,True,0.0008175725114938359,113.36837153530028,-0.0004430950083166296,211.7084368565904,0.25
0.9675222303630736,3.4298,899.9854524834236,5.016716774769321,0.8500070031361284,30.06,0.2,14.755432991318779,180103238.22893253,232.9245681484248,1140.14232789137,12.839512107156164,8.080776447149521,0.5381968503305947,7.4707555805842425,1088.9862333732983,1507.2253048930982,207.38778271861298,14.755251822688486,1140.1542662260981,1088.9853714600958,7.4708930289505675,12.838417574961573,True,130.7790321467554,0.5383366282156415,True,0.00018116863029327135,102.1455360016694,-0.0001397778850468212,207.39032907708832,0.25
0.9510786102712908,3.7212,899.998491980258,5.003810737849892,0.8500002689709238,30.06,0.2,14.782168342565118,177040873.15429255,236.0377532439627,1132.97577624153,12.813441450275539,8.282341681406542,0.33774562490094884,7.153566216194947,1081.8663942080013,1592.2833055713963,209.108630454405,14.781627754142793,1132.9896024158982,1081.8753299631217,7.153798926360048,12.811497164449793,True,128.32595500519747,0.3377515246266821,True,0.0005405884223250723,107.71179823876523,-5.899725733282679e-06,209.1162779007155,0.25
0.9647405273367781,3.47,899.9970125252185,5.008859889862452,0.8500025629735457,30.06,0.2,14.754150516832752,179584489.0610274,233.3248838008407,1139.125425442549,12.836241312060992,8.109137502555964,0.5042174189379768,7.422819632756677,1088.0008606165593,1518.3909292662506,207.5966840048927,14.753941963087318,1139.1370713124998,1088.0005850361206,7.422987783945068,12.834999480724703,True,130.4139280517568,0.5043064117491072,True,0.00020855374543415905,102.91095574908388,-8.899281113039503e-05,207.5996184793604,0.25
0.9766123874210945,3.3158,899.8744898728709,5.003468358278708,0.8500011941771192,30.06,0.2,14.772471729903916,181794118.94366154,231.8227845108224,1143.140922762021,12.848177777120819,7.9976351914171,0.6510003142526535,7.613005397076911,1091.804466545767,1476.8013989945007,206.83032850894338,14.772288670505691,1143.1534969080644,1091.8018996339551,7.6131214024616565,12.847489742427788,True,131.85459443587715,0.6513145192959678,True,0.00018305939822482742,99.96819007494526,-0.00031420504331436394,206.83289156713403,0.25
0.9417778435953663,3.9884,899.9984578120977,7.107479793809032,0.8500033513089155,30.06,0.2,14.777403634299693,175310194.7281765,240.60465891581265,1123.3569783511457,12.783426994845758,8.555926064121707,0.1799473092844848,7.076592582557542,1073.4647979984186,1677.1886461472195,212.2304484040568,14.776673844550524,1123.3971667055798,1073.4957814770696,7.076352728276865,12.783757301590155,True,127.1140944643272,0.18045175715888906,True,0.0007297897491689298,113.49056445148545,-0.0005044478744042624,212.24093003255697,0.25
0.9570307874802316,3.5958,899.9914454082418,5.113203517374555,0.8500002818139389,30.06,0.2,14.754230296886936,178148858.54992992,234.71634202199337,1135.7956655461567,12.825344180493106,8.202397020148712,0.4067766159320415,7.2914550732268335,1084.8075863944164,1554.321194457551,208.37946840708338,14.753904155521882,1135.8081282434646,1084.8106639829086,7.2916759925850005,12.823811777891684,True,129.37170731608995,0.406819220202495,True,0.0003261413650541556,105.34463470590342,-4.2604270453494575e-05,208.38407472440517,0.25
0.9673827541330917,3.4287,899.9918583416769,5.00877488914164,0.8500070024454243,30.06,0.2,14.752980757730498,180077274.73014843,232.90142247680248,1140.1876787640938,12.839734636177978,8.079497570482257,0.5398737490232156,7.470446860032335,1089.034130158298,1506.5908321395948,207.37114393715638,14.752797146886602,1140.1995472040696,1089.0331859644616,7.470588219768761,12.838630793304548,True,130.7819359880448,0.5400093673536966,True,0.00018361084389617588,102.11948648875767,-0.00013561833048103544,207.37372484370306,0.25
0.9525359124540176,3.6892,899.9890509656431,5.0088333597095565,0.8500029574840863,30.06,0.2,14.775539011014933,177312707.0930847,235.68140545663343,1133.722531103594,12.816545948844572,8.261141609279278,0.3548008201009106,7.18626224142559,1082.6317665562908,1582.5407959265506,208.90504226022497,14.775057115852228,1133.7355643860653,1082.6389586630671,7.1864975299812714,12.814675825052408,True,128.58014623378224,0.35479975789294416,True,0.00048189516270547017,107.10125922285118,1.0622079664179829e-06,208.91185579255455,0.25
0.9560829758087709,3.9971,893.2669411258282,9.687435556250048,0.8500002113062431,30.06,0.2,14.800350015631395,177972411.04364178,243.50612066406939,1117.1066856539965,12.77138048863872,8.734713046826158,0.11903769921102682,7.4766367514145395,1068.297637037382,1697.128555594924,214.83908654321246,14.799778400627737,1117.1255322581699,1068.323410144831,7.476160641967902,12.769883487165957,True,128.84296031763532,0.11910528853707361,True,0.000571615003657655,114.66316034643407,-6.758932604679357e-05,214.84738431915991,0.25
0.9392677193583194,3.989,899.994751837994,5.385022069120044,0.8500015171975486,30.06,0.2,14.813988136588668,174842562.49724147,239.38535625101304,1126.2818152953048,12.786556327032178,8.473450712064036,0.21704353419870764,6.927914886682743,1075.2633318409182,1672.9386579622574,211.15294100710057,14.813080541670823,1126.3164365530872,1075.295735077075,6.927684238850472,12.784691629561989,True,126.46344319424077,0.21735180423218178,True,0.0009075949178445342,112.92191305677227,-0.0003082700334741395,211.16587831177577,0.25
0.9376932311715608,3.9989,899.8593052764796,5.478998001324163,0.8500058361676094,30.06,0.2,14.794305452239843,174550361.98977488,239.54137571784582,1125.8790773403753,12.78636538113208,8.484733324171454,0.21175889001156814,6.924865167202663,1074.9743624865298,1673.6658309291142,211.25911136396695,14.7934048057803,1125.9151002096112,1075.0077002867129,6.924581702427092,12.784572696836467,True,126.42001448913906,0.21208605848480613,True,0.0009006464595433528,113.12136122870676,-0.00032716847323799314,211.27197316104437,0.25
0.9596256408146451,3.9574,899.9398372735561,12.602855926945406,0.8500557098898648,30.06,0.2,14.76470520731311,178643532.4219261,244.5735385957962,1114.6191856170353,12.77030369042412,8.805666113509954,0.10133947811828704,7.625869121181841,1067.9360419825405,1697.0183514985663,215.83916280450006,14.764494213452027,1114.6457490892726,1067.9612353879725,7.625433848224331,12.772433888110037,True,129.63788801067682,0.10161943751863778,True,0.0002109938610832529,114.93565058511939,-0.00027995940035073497,215.8422472811963,0.25
0.9655728518475577,3.4587,899.9685287384425,5.03972013159276,0.850014402186808,30.06,0.2,14.753864119099886,179741928.06818587,233.2349264391405,1139.355363591885,12.837118132402086,8.102692863470935,0.5117653930060883,7.439190884500807,1088.2411553227496,1515.3100403522023,207.55843199470328,14.753664482230803,1139.367295240359,1088.2406312268013,7.43935450886956,12.835946558473518,True,130.53071489314132,0.5118809875879735,True,0.00019963686908219813,102.70421154599919,-0.00011559458188525884,207.56124053867993,0.25
0.9461068727904388,4.0,899.9898715404537,9.169587829103587,0.850004714635808,30.06,0.2,14.759959148744729,176116317.93861032,242.29264303744569,1119.5947021375243,12.777035545239537,8.663130319031026,0.1407518405544244,7.252301811889344,1070.943642268479,1689.2689639318337,213.6802846476276,14.75940209260323,1119.6202625565847,1070.97413300692,7.25200632609159,12.78003472530225,True,127.84803459537945,0.14118928614883097,True,0.000557056141499146,114.44460844206624,-0.0004374455944065603,213.68834946720048,0.25
0.9475619021772901,3.9939,899.9892165563841,9.618892930264131,0.8500073559401363,30.06,0.2,14.75641188914366,176387717.49377415,242.5675424853538,1118.9586383976805,12.776440927176328,8.681227142753276,0.13503975626743878,7.299634125990465,1070.5801620607872,1689.5581661322262,213.94340643478657,14.755910848198052,1118.9781163150906,1070.609991567352,7.299318902976459,12.774795157186556,True,128.07534696848577,0.13511157422527395,True,0.0005010409456076559,114.49219551686804,-7.181795783517408e-05,213.95067094104235,0.25
0.9550804372150918,3.6364,899.9917975211963,5.014135414672847,0.8500064427376373,30.06,0.2,14.76617623498529,177787094.40197682,235.0979921589572,1134.9810421239686,12.821556694909406,8.225520604681154,0.3853726638704533,7.240794054973378,1083.9097612518644,1566.6366589748857,208.57391723861534,14.765783467049664,1134.993163064968,1083.9145093108273,7.241022866284092,12.81981895057294,True,129.00512390597007,0.3853701835379051,True,0.00039276793562592616,106.09286825298713,2.4803325482380956e-06,208.57946527791051,0.25
0.9767387900837836,3.3431,899.9997192606727,5.00136633733399,0.8500027692149945,30.06,0.2,14.800698050381483,181817985.40964878,232.14021774772448,1142.4262572523407,12.844725220553375,8.017685946548532,0.6204423183529774,7.584747117626891,1091.0320471837067,1487.7874245590701,207.0098587015725,14.800527214753108,1142.4388402695533,1091.0301897425657,7.584857582995166,12.84399889005195,True,131.62030077773173,0.6207311931828605,True,0.00017083562837427735,100.51991696999275,-0.0002888748298831567,207.01224812046132,0.25
0.947827533628408,3.9956,899.9892165563841,9.618892930264131,0.8500073559401363,30.06,0.2,14.761327403934235,176437164.52752423,242.59832862699355,1118.9206704256937,12.776006770891637,8.682389086830344,0.13463409562617898,7.299314811798772,1070.5246461191973,1690.675165143952,213.9648067410596,14.760827692251159,1118.9404521652853,1070.554757351044,7.298989940870514,12.774371062864764,True,128.0685765581231,0.13470898957339159,True,0.000499711683076498,114.52975206887044,-7.489394721260645e-05,213.97205028565782,0.25
0.9417778435953663,3.9884,899.9969940985418,7.107479793809032,0.8500028479117321,30.06,0.2,14.777384495396884,175310090.90428203,240.60489525738674,1123.3565289657217,12.783427426729505,8.555938584267277,0.17994235476387935,7.07663041397618,1073.464323590823,1677.1886461472195,212.2306479968235,14.776654636859291,1123.3967157846287,1073.4953051867967,7.076390584650462,12.78375766192667,True,127.11418441495817,0.180446766069356,True,0.0007298585375927757,113.49071084242857,-0.0005044113054766541,212.24113063678402,0.25
0.9537578235353295,3.9999,899.9067696213174,10.816819569531132,0.85000466235925,30.06,0.2,14.793813706145134,177540519.5612004,243.68344347024282,1116.7497038301685,12.77004942736581,8.745115871668606,0.11627157088603116,7.419894968307925,1068.922734595469,1702.787613529288,214.90811130518426,14.793427620285891,1116.7808689464516,1068.9530841470369,7.419473340516972,12.770027524337335,True,128.58547060675528,0.11651053065175582,True,0.0003860858592421579,115.09797286348754,-0.00023895976572466116,214.91372007854912,0.25
0.9474242217748633,3.7773,899.9272937065078,5.003068043454265,0.8500010859993327,30.06,0.2,14.776788005208756,176360787.51586008,236.6466732747403,1131.6562842686744,12.8087460673777,8.319711668159997,0.310011529823391,7.095274242148588,1080.56825575295,1607.29785687738,209.45372281231886,14.77614577278269,1131.6717761691968,1080.5806034829052,7.095473061454727,12.806659350926177,True,127.88042939600118,0.3100317870782097,True,0.0006422324260650925,108.76624387873912,-2.0257254818745185e-05,209.46282653764877,0.25
0.9435545603155198,3.8179,899.9816492730406,5.0765528693500945,0.8500039750931616,30.06,0.2,14.75336692507597,175641056.1385564,237.09605466159576,1130.6168389758673,12.806119756405227,8.348996490805124,0.2902564789811425,7.053112254916359,1079.657012374436,1616.0966322830013,209.71083743473758,14.7526729061006,1130.634401244901,1079.672387739539,7.053243275504753,12.803992038949925,True,127.56118641044296,0.2903095309105443,True,0.0006940189753699144,109.5348682511528,-5.305192940180392e-05,209.72070298936939,0.25
0.9647136018627447,3.4834,899.9485629288989,5.001613143455385,0.8500047158763758,30.06,0.2,14.765449024071607,179579931.7810927,233.48576974508066,1138.781429504661,12.834612433705898,8.118846927112934,0.4926925228879204,7.410852691973829,1087.6227685830452,1523.451533362545,207.6915739356794,14.76522596866519,1138.7930702293218,1087.6227061991685,7.411038860654361,12.833340913722658,True,130.31095506007384,0.49277320382140877,True,0.00022305540641731625,103.17481468500682,-8.068093348834182e-05,207.69471149202508,0.25
0.9683671641584308,3.4444,899.9908252608659,5.00877488914164,0.8500069432582344,30.06,0.2,14.780195699835565,180260509.06157795,233.1197619348813,1139.769174192788,12.837199787049585,8.091398839637048,0.5243128879494438,7.459672510609868,1088.539018113214,1514.1931058082876,207.50790373355292,14.779998370846235,1139.7811944249843,1088.538336217723,7.459839158954646,12.83609685571225,True,130.6740737467182,0.5244504402097178,True,0.00019732898933000342,102.4456881881631,-0.0001375522602740098,207.51067418885975,0.25
0.9641088759253212,3.4834,899.9485629288989,5.001613143455385,0.8500017412397334,30.06,0.2,14.75727570579733,179466734.9358047,233.46818940857622,1138.7844446090398,12.834984696545332,8.11869053359299,0.4931429541152582,7.408664901526118,1087.6527124386807,1522.4965653234783,207.67588540077466,14.757047485496008,1138.7959964122294,1087.652471464706,7.408859886456696,12.833696737845672,True,130.30098847361424,0.49321741721230383,True,0.00022822030132196858,103.16720093496198,-7.446309704561838e-05,207.67909714439682,0.25
0.9525556973175304,3.7558,899.9986531552892,5.008766634194877,0.850002712706772,30.06,0.2,14.830485167546517,177316338.94472897,236.52186839440986,1132.1467427636967,12.807992581967689,8.306312068024425,0.3185679862830268,7.130651367998795,1080.8793301887483,1607.9161437587316,209.41695365977046,14.829872063137273,1132.1625322469952,1080.8906031118272,7.130894506349125,12.806070672169703,True,128.10750552510464,0.3186182556093778,True,0.0006131044092434479,108.41436286930522,-5.026932635099346e-05,209.42561148615712,0.25
0.976966452278052,3.3158,899.9997700532425,5.00136633733399,0.8500066443373366,30.06,0.2,14.778502204993693,181861193.36762604,231.82309183984424,1143.1706739592528,12.84794893186712,7.996874860291911,0.6518749255264062,7.611661131212175,1091.8187550042092,1477.4852878418856,206.82926520999402,14.778332437621119,1143.1832753466351,1091.8165830751482,7.611747796361263,12.84726941629692,True,131.8492999332854,0.6521925823892585,True,0.00016976737257401453,99.97379190655883,-0.0003176568628522336,206.83164117907404,0.25
0.945504537048299,3.7916,899.925520556468,5.033873202510729,0.8500073943581293,30.06,0.2,14.76055612983557,176004748.95047188,236.79340974189597,1131.2784357111086,12.80820195459574,8.330268343883898,0.3028994555363099,7.079084472152397,1080.265439480214,1609.437248343924,209.5343208195829,14.759900103559508,1131.2945105609926,1080.2788177609787,7.079251640167062,12.80608960659548,True,127.76273240980213,0.3029272967483677,True,0.0006560262760615387,109.03067733209384,-2.7841212057788667e-05,209.5436338921125,0.25
0.9412368599589145,3.9988,899.6814690827248,6.634645186324335,0.8500063453410996,30.06,0.2,14.794085654368798,175210108.78386146,240.43220154290063,1123.8625334328851,12.782885903378315,8.541858516069265,0.18566195202850966,7.034667785610854,1073.6191779957462,1679.7234181527613,212.0471519799233,14.793327840775822,1123.9039212026494,1073.6523795124388,7.034326967123563,12.78262522980072,True,126.89850355151204,0.18614546963376505,True,0.0007578135929762198,113.53369799138859,-0.0004835176052553902,212.05801445899846,0.25
0.945504537048299,3.7916,899.921824688764,5.033873202510729,0.8500073639109031,30.06,0.2,14.760518894440647,176004742.6459898,236.79368803036644,1131.277569342619,12.808202858574974,8.33029212552983,0.3028836335021532,7.079158393746047,1080.264520253496,1609.4326064780455,209.5346089629595,14.759860849802687,1131.2936461438287,1080.2778567646403,7.079329275493364,12.80609044156563,True,127.76306761751563,0.30291154296077233,True,0.0006580446379604865,109.03062041285081,-2.7909458619135297e-05,209.54395072622535,0.25
0.9626840998960248,3.5293,899.9206612330099,5.019793238837606,0.8500069883932574,30.06,0.2,14.77711447611785,179202622.2596433,234.00260945891816,1137.5813512276218,12.830155710473509,8.152521477668117,0.45557348724906993,7.364215310582654,1086.4234053856405,1537.8552520456958,207.9850934118727,14.77685213782623,1137.5931553633995,1086.4244742218918,7.364427198091983,12.828775625881525,True,129.93485200573198,0.45563164016167124,True,0.0002623382916198125,104.06775745318618,-5.815291260130584e-05,207.98878583929763,0.25
0.9399533422714246,3.9968,899.7710283355524,5.311836712985071,0.8500024994791486,30.06,0.2,14.830167754216692,174970391.85212192,239.47673826846716,1126.1829813765273,12.785129643720873,8.47649735046991,0.21529113287225282,6.923083304606541,1075.0508529667002,1676.797431909849,211.21007500983544,14.829242850050479,1126.2179097837575,1075.084229971216,6.922819866347457,12.783191094219713,True,126.41796946752288,0.2155940607047525,True,0.0009249041662133806,113.05876880094428,-0.0003029278324996887,211.22324824331054,0.25
0.9484897446916031,3.9985,899.9762145830861,8.350839525123847,0.8500070626658897,30.06,0.2,14.825535691742713,176560373.54872414,241.78930233360063,1120.9961503308207,12.776077987000123,8.623790005616605,0.153415470690418,7.195711907754738,1071.650065304429,1692.9376436063217,213.24163837719422,14.824917062601092,1121.030495207015,1071.6818158347019,7.195422085683269,12.778178050012443,True,127.60397107342297,0.15391504216307558,True,0.000618629141621696,114.18533126017766,-0.000499571472657584,213.25053674007546,0.25
0.9589898098126752,3.9998,899.8340574527806,19.99007020367672,0.8898344413690571,30.06,0.2,14.761318965013594,186879330.19096228,251.62164223015003,1108.2400761122972,12.757840359947046,8.991071904265368,0.0661412636912163,7.638331996440733,1067.043477546963,1711.9887816994692,193.63262425156955,14.762339005009672,1108.2678046882613,1067.0639214649734,7.636966553812065,12.759029435857132,True,135.63423364555084,0.06629583334120287,True,-0.001020039996078026,115.9874085845992,-0.00015456964998657174,193.61924473080288,0.5
0.9737738174894123,3.3388,899.9894320381893,5.005585730570554,0.8500035399467968,30.06,0.2,14.75698194282684,181266226.01259658,232.00716351346065,1142.554935569542,12.846985529461119,8.013748951159926,0.6279471015047835,7.578345546839794,1091.2999913914045,1481.5873867253642,181.8076243236217,14.75681668443437,1142.5673613659778,1091.2979907106421,7.578436436937437,12.846191679566557,True,131.60955898421065,0.6282136567481581,True,0.0001652583924709461,100.39760452925,-0.0002665552433745999,181.80966034781153,0.5
0.9740288168429266,3.3388,899.9894320381893,5.00579843283527,0.8500035399467968,30.06,0.2,14.76036894099532,181313693.67871886,232.0146669393126,1142.5527063142945,12.846836829435407,8.0138388678211,0.6276730418333543,7.579314558995791,1091.2869309704345,1481.9753657601302,181.81350422839606,14.76020264354428,1142.5651506767995,1091.2849211816788,7.57940808812035,12.846049812157945,True,131.6138243424412,0.6279422098135586,True,0.00016629745103990956,100.4008425968714,-0.0002691679802043767,181.81555265029434,0.5
0.9685128654028555,3.4122,899.9987700002151,5.0007884919817265,0.8500165806565763,30.06,0.2,14.753837187813488,180289675.2972908,232.72952594625215,1140.6336357243383,12.841088887307743,8.06709289704256,0.5554841526686894,7.4889289388564135,1089.4587488570476,1501.9784421370464,181.82824436719068,14.753658834916317,1140.6455662577205,1089.4575353066414,7.489062742981215,12.840035157573949,True,130.92854552793577,0.5556381992072825,True,0.0001783528971710524,101.80098041831639,-0.00015404653859307782,181.8304424384985,0.5
0.9673691223513817,3.4599,899.9565779676725,5.001148953325371,0.8500003470416029,30.06,0.2,14.780505417992659,180073327.23522508,233.27586186767198,1139.3756695809423,12.835897957447461,8.102382016493205,0.5112087229034741,7.441907190963705,1088.150110304698,1518.578062701764,181.9048830088177,14.78029781854445,1139.3875556812188,1088.1496752244884,7.442084234240225,12.83473524792499,True,130.53573758842364,0.5113250435376571,True,0.00020759944820980536,102.74012427924833,-0.00011632063418298699,181.90743798800708,0.5
0.958413916283634,3.9953,899.98978664295,14.605739408309233,0.8611489655337599,30.06,0.2,14.777442670640909,180746318.62350062,246.7282208332027,1112.5114058629724,12.763753638892732,8.867189959681603,0.08787803035005964,7.589019404042651,1067.2838060651566,1709.4444390543765,188.88856355438898,14.777665978514921,1112.5318751020352,1067.3077323398447,7.5882928640171015,12.763432188475756,True,131.04692597282008,0.08798194341942857,True,-0.00022330787401259045,115.68129486038262,-0.00010391306936892442,188.88570922653952,0.5
0.9602212394532622,3.9992,899.781037442335,13.478967260520761,0.8522050898404026,30.06,0.2,14.782344817120354,179206392.3158303,245.83078424924904,1112.6174097882226,12.76318898017582,8.86427318943262,0.08844087673771608,7.63826250957978,1066.413808210383,1713.8869303373365,187.86004443967641,14.782294375829377,1112.6418578424054,1066.4427852052022,7.6375228850470185,12.766577394549488,True,129.8897478484597,0.08872522050576044,True,5.0441290976976916e-05,115.94103640078933,-0.0002843437680443567,187.8606854702853,0.5
0.9617126482153161,3.5188,899.9931565261136,5.002456937781699,0.8500003203069688,30.06,0.2,14.756255390328844,179020383.18163446,233.8286432908834,1137.8992002484415,12.832065507681788,8.143450257802815,0.46584682116076975,7.36722174120996,1086.7967918777147,1532.3596438854381,181.90626856396804,14.756003547391549,1137.9106372622086,1086.7975039357184,7.367421830687228,12.830658489042904,True,129.98611229176637,0.4658893612786119,True,0.0002518429372955211,103.84253099911703,-4.2540117842160274e-05,181.9093731856795,0.5
0.9591783154323293,3.9997,899.58164707523,17.637122203141978,0.8776888477100261,30.06,0.2,14.77759813625703,184364795.9895052,249.51892066243022,1110.1132586311862,12.759774490510893,8.936761533359334,0.07486936878974851,7.613101111181647,1067.1351335720349,1711.953237054439,191.5949867027518,14.778295400094036,1110.131340507704,1067.1549318701364,7.61208444177962,12.763432596813363,True,133.66474592698873,0.07508505966936048,True,-0.0006972638370061901,115.85417473544149,-0.0002156908796119711,191.58594694194295,0.5
0.9589211491916736,4.0,899.5842402888086,16.973323313876925,0.8719994031223377,30.06,0.2,14.761723088004523,183120577.81166855,248.86110352639574,1110.2457269438958,12.760658582927801,8.932774457591169,0.07564113648254381,7.637414758726688,1066.7500417825493,1711.612506792574,190.8864180310608,14.76230431911461,1110.2714968034234,1066.7710302120822,7.636436471188966,12.763374199449432,True,132.90649944797912,0.07586441367675152,True,-0.0005812311100878986,115.95460407841662,-0.0002232771942077133,190.8789023260425,0.5
0.9362547896724752,3.9511,899.9596272384248,5.000012384102282,0.8500965543376988,30.06,0.2,14.759337806758332,174301198.57240754,238.552170216379,1127.7852400434508,12.794057316839625,8.430035663468352,0.2407504019367027,6.914384309486895,1076.7469554534382,1653.3592229116277,182.5415535966228,14.758442725602167,1127.8111450474687,1076.774773137135,6.914239683146765,12.791627573615974,True,126.53861092048425,0.24089330717237073,True,0.0008950811561643235,112.01355929589477,-0.00014290523566803937,182.55262451432594,0.5
0.9432796676738838,3.9997,899.9821949169511,7.069564117001847,0.8500127005890247,30.06,0.2,14.808206570264375,175591687.8193491,240.77443310277155,1123.1700584156968,12.780817724866036,8.561699321874293,0.17720165398042265,7.070537001545739,1073.144119676473,1684.098029873973,183.9107601831985,14.807464025917495,1123.2117910244776,1073.1767155324449,7.07026184322875,12.781170366892688,True,127.0534582462778,0.17771829311103,True,0.0007425443468793702,113.72097485649375,-0.0005166391306073437,183.9199826871374,0.5
0.9492637900861732,3.7176,899.9882122197008,5.0009499982187045,0.8500019519040921,30.06,0.2,14.75435432121466,176703398.83383867,235.93837510436734,1133.0714187368173,12.815119284824034,8.279368408681407,0.34070690847475243,7.1498774664780935,1082.054238085368,1587.8676824703587,182.12823716470731,14.753826606790915,1133.0846352560936,1082.0628544708202,7.150094679605494,12.813124917380517,True,128.3226889029386,0.3406915319795733,True,0.000527714423744996,107.61568620142873,1.537649517913131e-05,182.13475152198455,0.5
0.9588896584088391,4.0,899.5111358691943,18.462571591334694,0.881376044825042,30.06,0.2,14.763719607272293,185083601.82143363,250.24169716175714,1109.3277111856828,12.759291811184488,8.959447650837298,0.07112562863180799,7.631525968843304,1066.9753540080362,1711.4596600001971,192.2800280998099,14.764528407550708,1109.342380741538,1066.9952184067024,7.630380425140849,12.758611945466432,True,134.3110010835015,0.07116801447906887,True,-0.0008088002784152337,115.93069607825564,-4.238584726087846e-05,192.26949500752494,0.5
0.9540610426934836,3.6672,899.707294608507,5.005547394785642,0.8500005837755189,30.06,0.2,14.77549119248481,177596111.1659979,235.46834963940424,1134.1860532240746,12.818399565240735,8.24801118584644,0.36569282881037785,7.215755329540258,1083.0744523711996,1576.3450494274025,182.12511289377338,14.775048229087904,1134.1985637443622,1083.0805109519906,7.215984972037676,12.816585014554398,True,128.7857370937336,0.3656879352342372,True,0.0004429633969049718,106.68261254567065,4.8935761406410094e-06,182.1305730965029,0.5
0.9385159648387241,3.9998,899.8668282824814,6.6291404165448835,0.8500045586405609,30.06,0.2,14.75926382202278,174703250.20722777,240.3440885956208,1123.9033807005333,12.784726941258437,8.540341118773416,0.1867513468225097,7.019631696381219,1073.7870780184926,1675.4812737118002,183.58376186402054,14.758484918272881,1123.9446816143693,1073.8195819631392,7.019333784655086,12.784379453750901,True,126.83012845153446,0.18722933139103679,True,0.0007789037498984186,113.51396014408634,-0.0004779845685270734,183.59345080440488,0.5
0.9589850771272195,3.994,899.8463223998798,15.638071780541576,0.8643136463052591,30.06,0.2,14.761673608647497,181518663.093313,247.5748222406146,1111.3275764534285,12.7626849099849,8.901312471364058,0.08132451600082488,7.6361722906965035,1066.8347626936422,1709.7759007779507,189.66215101828277,14.762060512684858,1111.354971013294,1066.8580626060086,7.635282273501494,12.76363709247379,True,131.74602672748466,0.08150618104685078,True,-0.00038690403736119094,115.82879551312993,-0.00018166504602590283,189.65718009624243,0.5
0.9583558941729201,3.9992,899.9928718493796,19.06718695076601,0.8844042293800426,30.06,0.2,14.756374881866986,185616121.7032292,250.71073089154115,1108.9577007776609,12.75917873616414,8.970120987219506,0.06943347320767358,7.628897114611902,1067.088201620158,1710.837370836424,192.7412978657258,14.757271011564644,1108.979418228794,1067.1083760298811,7.627671994239875,12.759221973611737,True,134.7636808694191,0.06953071450687598,True,-0.0008961296976579547,115.94705002212206,-9.724129920239688e-05,192.72959372335103,0.5
0.9425254203246144,3.8343,899.9960227580276,5.0001296296374,0.8500625874398942,30.06,0.2,14.755892689102676,175461581.68766266,237.2251875720007,1130.3910693773003,12.80476776733678,8.355521362336162,0.2858792977709223,7.028729456992213,1079.3801898516133,1620.523892882596,182.3141114674908,14.755165713498288,1130.4087433620987,1079.3968907857804,7.0288359686510065,12.802521745372271,True,127.40931241201122,0.28591862479575875,True,0.0007269756043886133,109.81587515998947,-3.9327024836444124e-05,182.3230939427775,0.5
0.9589181606089572,3.9998,899.7835505453894,16.82758665433981,0.8719994031223377,30.06,0.2,14.770049109506576,183120007.09634504,248.7326988202188,1110.5442740283727,12.760719316360964,8.92418828525323,0.07710798116347722,7.620748642291913,1066.949946188303,1711.7941006824717,190.78454685433618,14.770633106818268,1110.5706816135632,1066.9712352446716,7.61977728041283,12.763290041445273,True,132.83114283886653,0.07733344828171587,True,-0.0005839973116916752,115.90155598135226,-0.00022546711823864807,190.77700366633135,0.5
0.9382354184527915,3.9167,899.9848042482348,5.012176766259925,0.8500000694938025,30.06,0.2,14.759547120401981,174650104.55677062,238.1681095763082,1128.5080465104538,12.797112518290948,8.409315237157639,0.25251157348837655,6.950215810582391,1077.4805757612899,1644.0023156174695,182.47526540546707,14.758689390081063,1128.5311848310523,1077.5048115114892,6.950170497929677,12.794745794159573,True,126.78978944490382,0.25262315441031497,True,0.0008577303209182929,111.3783201314044,-0.00011158092193841451,182.48587031514563,0.5
0.9590793498081643,4.0,899.9758252988169,13.209435633874488,0.8500965548252418,30.06,0.2,14.765065260573685,178550413.98716027,245.54262144405257,1112.7193393951475,12.76422208649341,8.86114657616174,0.08918413617423326,7.638492781195659,1066.3550115540122,1712.4126800113445,187.55396207171975,14.764987304111456,1112.7474104788903,1066.3866441926307,7.637662962765337,12.767165996719319,True,129.56598678074897,0.08947359899313664,True,7.795646222952257e-05,115.9766346633036,-0.0002894628189033799,187.55495232271414,0.5
0.9592483767526765,3.9905,899.9015571967346,16.094784914009267,0.8672702795461891,30.06,0.2,14.76537304299836,182189608.22918415,247.94560631880117,1111.1674838728002,12.762505457125375,8.905939693260432,0.08044247795115109,7.634075921985519,1067.0261394115398,1708.9778549282523,190.07446923504705,14.765818514229299,1111.1953113720426,1067.047721617173,7.63320806054409,12.76407749544578,True,132.19934369775405,0.08064778626782824,True,-0.000445471230937855,115.74626262104712,-0.000205308316677158,190.06873486226587,0.5
0.9337184391023675,3.9915,899.9636775309361,5.000031674344283,0.8500556319287323,30.06,0.2,14.754248005505302,173820641.98405084,239.00309227460303,1126.898567585526,12.790614839471598,8.45542843870965,0.22715590931149496,6.87486447087843,1075.866692706264,1663.946876244474,182.61435339670157,14.753311881455604,1126.9281982525147,1075.899072619225,6.8745922517151445,12.788120017864403,True,126.23362376000564,0.2273392199578617,True,0.0009361240496978951,112.76946851459739,-0.00018331064636673,182.6259406043339,0.5
0.9661214433900402,3.9999,899.9701035746083,14.940779636001507,0.8616985422054881,30.06,0.2,14.872785388045772,182316151.56540993,247.3193292907843,1111.8565165973766,12.756867300232816,8.88734671403455,0.08335478429037571,7.638369273290799,1066.5205756674882,1724.9399686564368,189.32952026540553,14.87314104809695,1111.88278776154,1066.546815194486,7.63743293959082,12.757204055691535,True,131.33657052561608,0.08351060042573108,True,-0.00035566005117892985,115.98275876516823,-0.00015581613535536887,189.32499284603597,0.5
0.9354802598985157,3.9943,899.798877950095,5.64853542097999,0.850069677145769,30.06,0.2,14.752927915992924,174151499.22748193,239.53407633255642,1125.6938025589234,12.788484463541083,8.489480753429731,0.2100441465852115,6.934152991210625,1075.0335148075158,1667.9200412637026,183.00563496955107,14.75205467415762,1125.7299419963197,1075.0657227056415,6.933872229584978,12.786835894048414,True,126.48468037222736,0.21038413470044448,True,0.0008732418353041282,113.04939596032906,-0.00033998811523297534,183.0164679131702,0.5
0.9581257743777248,3.5804,899.9853408342294,5.002402536057397,0.850093708367884,30.06,0.2,14.76138136880873,178372290.96734208,234.4856665938789,1136.3842263883248,12.826637032914848,8.185999210159864,0.4222244186330632,7.298198496497038,1085.301449536838,1550.2006611757718,181.97700827646037,14.761062372174118,1136.3958299109988,1085.3038992608645,7.298425817960759,12.825046410691648,True,129.47114785846694,0.42223406822376663,True,0.00031899663461132377,105.01451873541197,-9.649590703431077e-06,181.98094092383718,0.5
0.9663375700679231,3.4436,899.9889616154024,5.000361752808721,0.850004515633492,30.06,0.2,14.752544734063202,179882188.55227503,233.04574441972278,1139.816939300584,12.838535153182468,8.089832055250788,0.5271941247834868,7.452238542331222,1088.6717836150465,1510.7086065749304,181.84411670709,14.75245614007275,1139.8286494835606,1088.6736981512586,7.452181357158729,12.83737095272662,True,130.64327355123288,0.5273035063861978,True,8.859399045135774e-05,102.4024708684899,-0.00010938160271101172,181.84520874869895,0.5
0.9337444926262564,3.9989,899.772268325922,5.000046014639498,0.8500305019353369,30.06,0.2,14.75802610598543,173820353.33551162,239.11508879710945,1126.686985709166,12.78967702492481,8.461517182719092,0.22393609474100712,6.8735983428901415,1075.628762487972,1666.5057942079977,182.6540898044287,14.757080685092212,1126.717316075764,1075.6619363143425,6.873293481759711,12.787177405342023,True,126.20117544496098,0.22412661404085416,True,0.0009454208932169195,112.91391335214847,-0.0001905192998470362,182.66579164413656,0.5
0.9585050976590347,3.9999,899.5219971341272,18.095894454570946,0.8785392517285393,30.06,0.2,14.7542387096261,184413904.0527022,249.86803482058787,1109.4739651598636,12.759974211928894,8.955099872940405,0.07188741690090118,7.638761902936686,1066.850312155072,1710.749373940596,191.89319085847774,14.754994995610694,1109.487231984783,1066.8706191267556,7.637640483202087,12.764102334092119,True,133.91148274162762,0.0720874119917003,True,-0.0007562859845950953,115.95655207896024,-0.0001999950907991127,191.88335512957178,0.5
0.9431061026428907,3.9992,899.8923448711882,7.772543256443397,0.8500436905338475,30.06,0.2,14.775592877224044,175565779.2375084,241.24547828366113,1121.9736685042744,12.780489576509149,8.595378255346809,0.16434117421028194,7.128758790163597,1072.463170738792,1683.4830501886959,184.27710265984052,14.774919315749791,1122.0125458587515,1072.4948128069243,7.128471430046707,12.781692832786863,True,127.31453080739996,0.16485551007624039,True,0.0006735614742527929,113.93094747626117,-0.0005143358659584485,184.2855035149847,0.5
0.9408984599949503,3.9996,899.9617669571463,5.139215028802795,0.8500063657908694,30.06,0.2,14.854578291552293,175147120.2515594,239.4116383873549,1126.4615832445218,12.784141144690969,8.46892186071851,0.21871943199347468,6.906578212985516,1075.1519406784703,1679.782637924205,182.87073211068574,14.853637727365216,1126.4957603975993,1075.1862200684425,6.9063088875748635,12.78202180482828,True,126.3378253094394,0.2189982135724885,True,0.0009405641870774417,113.07381307791552,-0.00027878157901381484,182.88231187751762,0.5
0.9584934626852564,3.9995,899.781037442335,16.519472242937713,0.868874038229395,30.06,0.2,14.75443617542371,182382868.14884812,248.401223602376,1110.5265939621775,12.761467600267693,8.924542464907447,0.07712665107068319,7.638786335368498,1066.7013949080724,1710.917840800752,190.4214465218188,14.754960392049423,1110.554863172481,1066.723676977947,7.637810046194534,12.76355863651555,True,132.43696403215077,0.07734448845046203,True,-0.0005242166257133363,115.96425957022524,-0.00021783737977884576,190.41468119778492,0.5
0.9588896584088391,3.9969,899.9843692669,18.462571591334694,0.8803756325199449,30.06,0.2,14.759142365661685,184873521.32988748,250.12877067408746,1109.3357237961452,12.759666419104974,8.959140199448612,0.07119807239593497,7.6384760597002686,1066.9847578081478,1710.8984075922913,192.16813972398455,14.7599570159331,1109.349889224272,1067.0051124233223,7.637312807571493,12.758946574656205,True,134.20010142280802,0.07123674593956038,True,-0.0008146502714154735,115.92866925127944,-3.867354362541153e-05,192.15753333624136,0.5
0.9408901193967458,3.9997,899.798877950095,5.64853542097999,0.850004066251026,30.06,0.2,14.83184412903861,175145093.83426824,239.76442568291725,1125.5505988901955,12.783771693020464,8.494434056155917,0.2065572049602358,6.95076658270184,1074.6088055434457,1679.5940126217586,183.14321263587084,14.830949627192558,1125.5886609856157,1074.6423071765503,6.950501718103679,12.782283343162497,True,126.52963053391181,0.20693287242615452,True,0.0008945018460515541,113.23479514900544,-0.00037566746591871647,183.15425858679865,0.5
0.9663375700679231,3.454,899.9889616154024,5.000361752808721,0.8500009031915243,30.06,0.2,14.761754082510848,179881424.06931618,233.1716330975499,1139.544465606105,12.837251335179442,8.097511660869735,0.5176305859863654,7.442773153601732,1088.3771249574322,1514.721334632234,181.8660319418303,14.761559102433349,1139.556202210862,1088.3766769444915,7.442925583629378,12.836069984325338,True,130.5621553114631,0.5177386019135805,True,0.0001949800774987409,102.60947778608679,-0.00010801592721509934,181.86843414425056,0.5
0.9469031094663389,3.7554,899.9719667116394,5.0251158196457055,0.8500977909977157,30.06,0.2,14.752255230188881,176283837.29534656,236.3669370718049,1132.1618536535773,12.811873057049134,8.305116584094012,0.3211401127641934,7.11071925124892,1081.1747066445448,1598.1899840682615,182.19928747753337,14.75167143191044,1132.1764359457966,1081.1856376472942,7.110904035525188,12.809816145884598,True,128.03670474298195,0.32114560032846057,True,0.0005837982784413498,108.33023232882294,-5.4875642671592395e-06,182.20649802522308,0.5
0.9686575710527479,3.414,899.9679652183808,5.001388781655053,0.8500184646118101,30.06,0.2,14.757087746542851,180317012.0534112,232.757991990112,1140.5774912752383,12.840786629152843,8.068680247565982,0.5533356479359681,7.488409804746867,1089.3926758925747,1502.8621252206524,181.83798151674716,14.756902542377254,1140.5894386719763,1089.3913881523442,7.488556893617713,12.839734114137734,True,130.91961410862032,0.5534902699833615,True,0.00018520416559653086,101.83837788149168,-0.00015462204739336016,181.8402636455031,0.5
0.9494338676148348,3.9995,899.9617669571463,9.753714972561742,0.8500064372172571,30.06,0.2,14.780232240936478,176735990.99779573,242.79610814928319,1118.5932300560723,12.77416226867351,8.692026769238176,0.13151083334714558,7.314140597876038,1070.2068810411354,1694.982962094124,185.4565841667179,14.779746494967505,1118.6154656121353,1070.2375787584945,7.313788770715609,12.772740095116303,True,128.12127083455601,0.13161812229343658,True,0.00048574596897310585,114.67483731472717,-0.00010728894629100094,185.4626793178228,0.5
0.9434770037996689,3.9992,899.9897933690166,8.053905286733334,0.8500005464126836,30.06,0.2,14.769698718908314,175625910.69761017,241.43905258391044,1121.5104011736114,12.779970989397073,8.608518147200726,0.15950700978607277,7.151741221092985,1072.1854488950885,1684.275879597196,184.4211028053896,14.769052936133171,1121.547546784761,1072.216995081596,7.151449542641851,12.78152938174307,True,127.40872378093668,0.16001486702082576,True,0.0006457827751429335,114.03032880297376,-0.0005078572347529953,184.42916669222646,0.5
0.9455200722928591,3.8045,899.7738743355492,5.000033949698387,0.8500083995706622,30.06,0.2,14.77096836204593,176007848.96647018,236.947300652017,1131.0033262902969,12.806593024946729,8.338202531873371,0.2972063316671698,7.068899837584212,1079.927498675124,1614.1426996195185,182.30827293034554,14.770280998328543,1131.0197385304384,1079.9417363990365,7.06906075748763,12.804433188377818,True,127.67518654499618,0.2972341870123868,True,0.0006873637173860914,109.27211410702081,-2.7855345216987182e-05,182.31675699995841,0.5
0.949789829865696,3.9996,899.8559828514465,9.98437755147972,0.8500837773492561,30.06,0.2,14.77495297378188,176818339.7802051,242.97878070439884,1118.1892503175502,12.773730612913003,8.703549856309913,0.1281131157794004,7.335479502921859,1069.950552622896,1695.517846603584,185.60066756886886,14.774489402407491,1118.213760978903,1069.980967402375,7.335113385800038,12.772595862837083,True,128.22657760491302,0.12825383584302755,True,0.00046357137438945983,114.75220309948583,-0.00014072006362714218,185.6064910632861,0.5
0.9589850771272195,4.0,899.9991360013283,15.478886320861356,0.8644028857199544,30.06,0.2,14.775495291583058,181537404.69171304,247.52596996213265,1111.5226571810006,12.761870423395537,8.895887410685592,0.08226973504571591,7.613074437232334,1066.901766218864,1712.2751820230949,189.58289772554568,14.775882362606904,1111.550253728731,1066.9257299508115,7.612186676049697,12.76268021071127,True,131.63637703418763,0.08244901791834601,True,-0.0003870710238462749,115.88959292794502,-0.000179282872630096,189.57793138617416,0.5
0.9558156586070662,3.607,899.9954214054169,5.000011049764156,0.8500146036085618,30.06,0.2,14.752126885432451,177925663.23432314,234.74400293930682,1135.7265939744575,12.824786404746064,8.204403628048706,0.404959218739849,7.267445649034864,1084.6832111226468,1556.6269251586634,181.98459620264796,14.7517824909658,1135.738120154774,1084.686841113049,7.267654990349007,12.82309108993233,True,129.22820635159127,0.40494784099542963,True,0.00034439446665146534,105.51579658771556,1.1377744419394098e-05,181.9888448070445,0.5
0.9584934626852564,3.9992,899.781037442335,16.469923260562222,0.8685761072753512,30.06,0.2,14.754149418665204,182320330.3130767,248.35285651682565,1110.5638834259398,12.761559095621557,8.923453116504149,0.07732185479405523,7.639178957206118,1066.7018253576873,1710.8030431043153,190.37584291345215,14.754662169121712,1110.592261310769,1066.724097257577,7.638213419668198,12.763583730063678,True,132.39422821793627,0.07753841754753153,True,-0.0005127504565081153,115.95862829888938,-0.00021656275347629872,190.36922701813424,0.5
0.9591033752164948,3.9994,899.9015571967346,16.094784914009267,0.8672702795461891,30.06,0.2,14.770274293247027,182162068.1533187,248.05660179432127,1110.9825328933068,12.761332233603627,8.911485030999504,0.07939551418687489,7.6261983805639515,1066.819020651705,1712.1276042530346,190.09804360302826,14.770738004657716,1111.0114069745741,1066.841585923934,7.625285124282875,12.76292958523658,True,132.13533703491282,0.07960457024072055,True,-0.000463711410688461,115.92126475940844,-0.00020905605384566317,190.09207567969628,0.5
0.9588882105097983,3.5577,899.9961198518163,5.002400486029207,0.8500715692038291,30.06,0.2,14.752228843622678,178509583.0403059,234.22623721204417,1136.9460619869071,12.828988984649692,8.17013887567822,0.43820067352699976,7.321075239077256,1085.8821195717717,1542.756377100876,181.93731214673775,14.751925001902444,1136.9574739289453,1085.8834781970554,7.3213157267627,12.827450417973868,True,129.65105741692662,0.4382153103210109,True,0.0003038417202336774,104.57517979511755,-1.4636794011146925e-05,181.9410594641821,0.5
0.9584823930431002,3.9998,899.9878412934581,17.99082951675995,0.8785392517285393,30.06,0.2,14.76347513554006,184409535.74326417,249.74490007667674,1109.7665538769131,12.759932963619622,8.946693956428124,0.07324652134016223,7.619739125021255,1067.0757773721525,1711.286168117838,191.78814692720096,14.76422413187987,1109.781185469269,1067.096061497552,7.61865968785185,12.763968568210153,True,133.8246044454043,0.07345369072536426,True,-0.0007489963398086275,115.92029563127244,-0.0002071693852020301,191.77841742033465,0.5
0.9521878279972691,3.9999,899.0038862650064,10.81835925759145,0.8500403845484916,30.06,0.2,14.763204651782214,177255716.3732294,243.71149124570027,1116.548210469133,12.771494263107869,8.750542922833887,0.11506572924918416,7.432229320393658,1068.7843066582413,1698.7942315381304,186.1767529687689,14.762806535874418,1116.578277863151,1068.8137037956706,7.431789983253403,12.771396280564494,True,128.64548384469379,0.1152900010202176,True,0.0003981159077959262,115.06600740100649,-0.00022427177103342966,186.18177368937774,0.5
0.9672867799710706,3.4323,899.9992202887152,5.000236028064679,0.850016935101371,30.06,0.2,14.755426811035454,180061513.3044307,232.93606718313984,1140.112381818037,12.83935143547357,8.08162370028775,0.537148145405041,7.465733499845564,1088.9492651778937,1507.840591280929,181.84162543668936,14.755248604778277,1140.1241961377755,1088.9485602589846,7.465861969996953,12.838231631915857,True,130.74876278706512,0.5372771624950662,True,0.00017820625717668293,102.18730439607472,-0.00012901709002521855,181.8438216257429,0.5
0.9661214433900402,3.9963,899.9701035746083,14.736935285627341,0.8616985422054881,30.06,0.2,14.878933555181922,182316151.56540993,247.12380080958113,1112.2767308309724,12.75752646091607,8.875179923184053,0.08568757053689122,7.623832132528416,1066.808612619645,1723.5512739489495,189.2046203939698,14.879216161089923,1112.3011402889178,1066.8332161151452,7.623042429393438,12.757628473690266,True,131.282946430273,0.08582801970191413,True,-0.00028260590800144314,115.84085437930813,-0.00014044916502291283,189.20102676760095,0.5
0.9560029443426286,3.9991,899.1437629083302,11.993039708856143,0.8500214529413672,30.06,0.2,14.765560342382626,177961960.5754833,244.63786450170124,1114.5904990282563,12.767809399454407,8.806993005561026,0.10102447887027792,7.54339883502292,1067.494723254889,1705.4798584513164,186.885912699508,14.765360040661676,1114.6229844267345,1067.5260097823266,7.54269059492888,12.769214308471122,True,129.13571268355827,0.1013083474795539,True,0.00020030172094998022,115.50215181814298,-0.00028386860927598345,186.8884479285733,0.5
0.93825528500548,3.9999,899.3853647781598,6.102265170686513,0.8500228141517688,30.06,0.2,14.7725527707902,174658476.12396425,240.02428418104296,1124.685584193561,12.785450089748405,8.518286862001382,0.19630309418247185,6.985634962525107,1074.1944489184393,1674.4305887216985,183.3505794157923,14.771709883842236,1124.7250799696546,1074.2269122569692,6.985333857399184,12.784432623070678,True,126.68410294605326,0.19672140586065154,True,0.0008428869479644163,113.3401812349897,-0.0004183116781796836,183.36104156347236,0.5
0.9602234304217702,3.5372,899.9879206455734,5.0003786608738725,0.8500064636212549,30.06,0.2,14.752142703408719,178744460.8994808,234.01035639528558,1137.444128061873,12.83070974275511,8.156164492614874,0.45253269264341794,7.345170613226395,1086.3652086725417,1537.0349476957779,181.91504459557592,14.751917090934729,1137.4554725080363,1086.3675111724826,7.345288897724137,12.82923253001528,True,129.82171822941422,0.4525561150789353,True,0.00022561247399011108,104.18863816587137,-2.342243551733958e-05,181.9178267630064,0.5
0.9523808026555295,3.998,899.957371364776,10.314746888607134,0.8500001896306075,30.06,0.2,14.795426742396184,177283256.41881627,243.25971536074815,1117.6572626294653,12.771720305011588,8.719030503205676,0.12345581703587302,7.373361476459022,1069.5410582703216,1699.667836365923,185.8207558106482,14.79499426287414,1117.6850458045187,1069.5714489287348,7.372983628126764,12.771055993666636,True,128.3855490499647,0.12364497386930791,True,0.0004324795220451705,114.87416631078344,-0.00018915683343488643,185.82618762564124,0.5
0.9521878279972691,3.9999,899.0038862650064,10.563242889238039,0.8500402476091328,30.06,0.2,14.773976431805174,177255687.81778124,243.5337792711269,1116.9778386381427,12.771682247014823,8.738307657238913,0.11826724987093841,7.411040674195157,1069.0317857112502,1698.7942315381304,186.04098985930023,14.77361844258998,1117.0066248376243,1069.062956250182,7.410493246204291,12.771282971935502,True,128.55131538303058,0.118470595317363,True,0.00035798921519436533,114.9824638880963,-0.0002033454464245854,186.04549794025633,0.5
0.9602234304217702,3.5424,899.9879206455734,5.002429067639663,0.8500333463878718,30.06,0.2,14.756762753917577,178750113.9689951,234.07629885190528,1137.3145321432642,12.830059352276496,8.159839827106087,0.44857868650205107,7.340295845257597,1086.2253604648404,1539.0286159477287,181.92974606074003,14.75649340679885,1137.3259687794923,1086.2268166761296,7.340494675148435,12.828577632204485,True,129.78556217444958,0.4486049368378941,True,0.00026934711872783623,104.2907366774557,-2.6250335843025496e-05,181.9330667854923,0.5
0.9595545600142452,3.9998,899.3111988007082,13.397201260430096,0.8522883431266871,30.06,0.2,14.773014018614562,179099464.5279089,245.80144355907225,1112.6504667282877,12.7638021066584,8.863202228295158,0.08871523737663467,7.636847731610427,1066.4129225877589,1712.305337266275,187.84761859455568,14.772957955204006,1112.675299724016,1066.4417427809021,7.636095500162984,12.767063350835764,True,129.89428657729474,0.08899740351046813,True,5.606341055575115e-05,115.90715698177752,-0.00028216613383345857,187.84833147671478,0.5
0.9557375163116283,3.6186,899.9850310188905,5.007014031632828,0.8500069760505504,30.06,0.2,14.760398407763923,177909520.5233871,234.89115153952886,1135.425061842884,12.823378586205013,8.212961152929665,0.39683532460576554,7.258045292095815,1084.362046414556,1560.9135450027482,182.01610366203687,14.760071702868519,1135.43685416494,1084.367057896935,7.258190922855167,12.821672980873995,True,129.14391424051794,0.3968285398265695,True,0.0003267048954036511,105.74723729901092,6.784779196022939e-06,182.0201324739089,0.5
0.9595567604434574,3.9999,899.8519424436743,14.736935285627341,0.8616985422054881,30.06,0.2,14.79319202501163,181077334.50027117,246.94989189039632,1112.2469185357122,12.762129669781272,8.875090754396254,0.08620191384151464,7.595887129118763,1067.05150100411,1713.0628730733038,189.04951210160772,14.793447491517707,1112.2695460551868,1067.0757942872062,7.595114469765956,12.762022421144687,True,131.14686751209393,0.08632470290949298,True,-0.0002554665060774397,115.80302437830238,-0.00012278906797834332,189.04624742524612,0.5
0.9457858142867218,3.7958,899.9962608713429,5.00001647009604,0.8500018929593183,30.06,0.2,14.769865424378374,176055968.96165746,236.82713639482992,1131.2540166635677,12.807475806949977,8.3310895238459,0.3021367094788876,7.072601892225507,1080.1923880288978,1611.5909802319234,182.27041113273256,14.769192758057075,1131.2701217974557,1080.206059181495,7.072778603907472,12.805332090512561,True,127.71950262018012,0.3021610096509523,True,0.0006726663212983652,109.1076337746498,-2.4300172064672942e-05,182.27871268102615,0.5
0.936104932803723,3.9981,897.6720748641793,5.040527358813087,0.8500147002659715,30.06,0.2,14.767119791451243,174256519.5138142,239.36592668848792,1126.1273104201782,12.788576992867991,8.477355453060635,0.2157835363428493,6.928703292343098,1074.9512354088013,1667.7111757526275,182.8988837137951,14.766146181653607,1126.1567637095209,1074.9827791832756,6.928347097414056,12.78612949960945,True,126.44017705633517,0.21596086143335586,True,0.0009736097976364988,112.92574963215274,-0.00017732509050655265,182.9109432006084,0.5
0.9521878279972691,3.9999,899.9785096244359,10.562296741563808,0.8500004429704205,30.06,0.2,14.784041911188181,177247387.50655115,243.44849099641843,1117.2060847077194,12.771411917856945,8.731886731510091,0.11994706913683761,7.391160299927817,1069.269826332387,1700.0735422506636,185.951578025545,14.783635212758732,1117.2356247091952,1069.3003267825916,7.390752391140926,12.771039649164637,True,128.45819884793568,0.12016104680477205,True,0.0004066984294492926,114.99029214848275,-0.00021397766793443407,185.95669356131467,0.5
0.941623189755827,3.859,899.9792250055461,5.0062358641876,0.8500941456882424,30.06,0.2,14.762668539718575,175300129.14903632,237.52166287526146,1129.8233685882424,12.802204788918905,8.371771661112277,0.275253612348767,7.006066328451323,1078.7916662214864,1628.2379105763032,182.37452243125665,14.761895889549852,1129.8426489878602,1078.81037028892,7.006146485908456,12.799935305182826,True,127.23404117648434,0.275317701447484,True,0.000772650168723743,110.28762169877712,-6.408909871702395e-05,182.38406806865865,0.5
0.9588588373743815,3.5654,899.9963939228376,5.001136921961266,0.8500715692038291,30.06,0.2,14.758490106743714,178504114.8469353,234.3194661409994,1136.755342014924,12.828047078407417,8.175549671420441,0.4325914756225713,7.314080110315624,1085.6737629611423,1545.6574352136727,181.954440178506,14.758197940917197,1136.7668391759926,1085.6759394574644,7.314282684693349,12.826495333973163,True,129.59197967816888,0.4326053227942792,True,0.00029216582651692136,104.72748646283051,-1.3847171707936923e-05,181.9580423032109,0.5
0.9495805798214076,3.9997,899.9323066488708,8.812648610866244,0.8500265345875164,30.06,0.2,14.821728701941026,176767480.65510583,242.15929895471345,1120.1756163133002,12.77474527360433,8.647195960161483,0.14540345876484098,7.23740497584495,1071.1066026408669,1695.2821390257172,184.9702161858558,14.82117049954871,1120.2050613197653,1071.1385396681717,7.237062296656423,12.777448807467582,True,127.78594597443875,0.14587167053898967,True,0.0005582023923160762,114.3733529802747,-0.00046821177414868576,184.97718262735145,0.5
0.9581882164099786,3.9998,899.9871476158249,12.60283214066424,0.8500597753152175,30.06,0.2,14.778750046136684,178376795.14933136,245.0776201158076,1113.7440062995306,12.765359514713678,8.831637984389186,0.0953660662545104,7.584323605012396,1066.9900167449225,1710.76094156501,187.19853913046336,14.778566626023096,1113.7756358419908,1067.0205998604004,7.58366709234631,12.767577105654532,True,129.32106315799368,0.0956654948076001,True,0.0001834201135881841,115.75655695781393,-0.0002994285530897034,187.20086249362703,0.5
0.9457789138362939,3.9992,899.8899489449938,8.127675676302525,0.8500436905338475,30.06,0.2,14.797567058825642,176063341.684204,241.56991890158227,1121.3591198930117,12.778213839878303,8.613133445024374,0.1575236605362785,7.16784809743313,1071.9773729383448,1688.2541277247644,184.5249289713678,14.79697163900295,1121.3955186266378,1072.0101534159292,7.1674687529976895,12.779943687057292,True,127.48506874502468,0.1580297892062963,True,0.0005954198226927332,114.0848501565576,-0.0005061286700177858,184.53235412586366,0.5
0.9391887777844358,3.8921,899.9896621109963,5.000359507180207,0.8500147679756319,30.06,0.2,14.754426978452312,174830593.11484024,237.87023127582702,1129.0798456752982,12.79963870197051,8.392920570102078,0.2623171225248518,6.97164681904484,1078.0677500893207,1636.4540314763221,182.41385761027448,14.753596486190222,1129.1009517595498,1078.0893308339962,6.971670785649847,12.797286324738216,True,126.96463048747363,0.2623999936472663,True,0.0008304922620894217,110.9056007883534,-8.287112241450734e-05,182.42412583859323,0.5
0.9468015879607232,3.7737,899.9951016107169,5.024493290124621,0.85000030017955,30.06,0.2,14.765095370727865,176244722.76067427,236.59190177033997,1131.720902606646,12.80960197670834,8.317753962264312,0.3116587599988306,7.096377486229138,1080.6887519111365,1604.96567828801,182.24190815398003,14.764478211604034,1131.7362842258292,1080.7011749798507,7.096547118814332,12.807525620260563,True,127.8972604537297,0.31167790654039945,True,0.0006171591238306462,108.69464131661027,-1.9146541568870745e-05,182.2495259143065,0.5
0.954009791746378,3.6361,899.9978581721444,5.000083559721942,0.8500158914891324,30.06,0.2,14.752051064841966,177589769.0961868,235.05349576380686,1135.0212228054652,12.822297005208478,8.224268633224863,0.38685526948677273,7.23567744299168,1083.9897434213617,1564.773646446721,182.01769621400766,14.751653712800831,1135.0329960753927,1083.994237407906,7.235911593384424,12.820516253987146,True,128.98537093366372,0.3868367456757138,True,0.00039735204113533484,106.06812483014315,1.8523811058934747e-05,182.02259906114068,0.5
0.9582236017427541,3.9995,899.5080726260229,19.849593560756656,0.8898344413690571,30.06,0.2,14.753846324664455,186730018.436626,251.51097928914376,1108.4197619734618,12.758647862554163,8.985726401876043,0.0669943071039327,7.629593834143964,1067.157209941161,1710.0755684340418,193.5574283708569,14.754883275812274,1108.4465432796824,1067.1783659484297,7.62817472455408,12.759667673049483,True,135.5943474147009,0.06714114503169664,True,-0.0010369511478192095,115.91663187444286,-0.00014683792776394589,193.5438254440315,0.5
0.9423477353057195,3.8633,899.9879206455734,5.000373983772406,0.8500596122429661,30.06,0.2,14.776137136333329,175427889.65150842,237.59283090709107,1129.7290024203633,12.80114283408924,8.37460232567155,0.27321611928030737,7.005176471607171,1078.6458864991155,1631.1197201123866,182.398441972327,14.775351589850267,1129.748729084844,1078.665050997348,7.0052591912579,12.79888392895211,True,127.21081596945571,0.273289103036225,True,0.0007855464830619496,110.38201493763536,-7.298375591763273e-05,182.40813936962653,0.5
0.93825528500548,3.9999,899.382780330895,6.278707404512218,0.8500228141517688,30.06,0.2,14.765275540265387,174658476.12396425,240.1423564401219,1124.3850809132236,12.78531175674398,8.526727726171767,0.19261951060267654,6.99990798846173,1074.0213937621256,1674.4272461131216,183.44083259971325,14.764457835083476,1124.4252046341953,1074.053839339708,6.999593250908211,12.78451167137937,True,126.7463280071958,0.1930572428825033,True,0.0008177051819107106,113.39602843292609,-0.0004377322798267691,183.4509921681218,0.5
0.9469334275334044,3.9939,899.8694019285147,8.576637871370004,0.8500559817104829,30.06,0.2,14.790523460658765,176280811.35102674,241.8443322756686,1120.704094065171,12.77773188665758,8.631685041492581,0.15100835305001611,7.213341278383876,1071.6069467667753,1688.2812915896293,184.77125788177443,14.789926956892568,1120.7356581116899,1071.6375324498485,7.2130611830205416,12.780033740228516,True,127.7033337802116,0.15148701384068128,True,0.0005965037661965766,114.140998495457,-0.0004786607906651641,184.77871003157426,0.5
0.9494325552497285,3.9997,899.3136311792839,9.09882018571012,0.8500252531115284,30.06,0.2,14.801171945799068,176739658.95663103,242.4029215015087,1119.5434737886471,12.774810546345194,8.665029481020923,0.13974747584172878,7.273221051435852,1070.6794220234835,1694.2081182011032,185.17069271566714,14.80061648362426,1119.5687208077882,1070.7101167291767,7.27288415336254,12.77783241709277,True,127.94326541748626,0.14018046083554192,True,0.0005554621748071753,114.45965608402244,-0.00043298499381314026,185.17764210968735,0.5
0.9395460023506641,3.9988,899.6132787708839,6.408338349851531,0.8500922995381797,30.06,0.2,14.779954322850996,174913043.41349882,240.2365330141178,1124.2535152373443,12.784332632966532,8.530610486583843,0.19071549466753235,7.010177327114468,1073.9282052044316,1676.6166623412591,183.51725548059136,14.779151358912566,1124.2943071597722,1073.9606264395704,7.009883022552914,12.78374191255472,True,126.80486698969563,0.19117568223172351,True,0.0008029639384297127,113.43166602442219,-0.0004601875641911668,183.5272261300997,0.5
0.9408901193967458,3.9996,899.8069406251357,5.845301297010396,0.850004066251026,30.06,0.2,14.82373773401589,175145093.83426824,239.8937129214682,1125.2192159344404,12.783626373950755,8.50372691949071,0.20229489112054197,6.966527086480002,1074.4206412213105,1679.5669075914118,183.2424506781635,14.82287471377781,1125.258414209262,1074.4541861170558,6.966240665301163,12.782383030574948,True,126.59855885117078,0.20270056802300057,True,0.0008630202380786045,113.29515407029741,-0.00040567690245860155,183.25311945506837,0.5
0.9617126482153161,3.5218,899.9944269438099,5.001358547576022,0.850000308489956,30.06,0.2,14.75892060563432,179020380.69282815,233.86457366645277,1137.8250482722874,12.831692848158974,8.145551529452966,0.4635146137798538,7.364425489529097,1086.7150289466608,1533.5131677905365,181.91249638496421,14.758664071462192,1137.8365031359451,1086.7157906114742,7.364630884412822,12.83028014036946,True,129.9626780673197,0.46355641560971683,True,0.00025653417212723184,103.90189559913307,-4.180182986301961e-05,181.91565837655327,0.5
0.9419844923846956,4.0,899.5078256519391,7.309497543684952,0.8500045613065546,30.06,0.2,14.775611876007462,175348911.62863636,240.93926529975934,1122.6463325934849,12.781686447734034,8.576228522867137,0.17174953096896153,7.094799069855512,1072.8479192075388,1681.2867308813895,184.04528537560296,14.774889829061829,1122.6869466223734,1072.879765452493,7.094498849184952,12.782274261140506,True,127.15751931921798,0.17225692944471332,True,0.000722046945632826,113.78174598054136,-0.0005073984757517913,184.05427964477863,0.5
0.954061899896012,3.6389,899.9196298893926,5.010334633784487,0.8500030778093757,30.06,0.2,14.753803887155314,177596791.82720345,235.1022257966696,1134.9142232243414,12.82192292305951,8.22728346287004,0.38413341563613546,7.2360669260874,1083.8798932029547,1565.8293632605908,182.03694936908323,14.753440902296008,1134.926117979393,1083.885487854414,7.2362257638047796,12.820149030406172,True,128.9748460836043,0.3841183094791809,True,0.0003629848593060814,106.1273797130653,1.5106156954547423e-05,182.04142809759767,0.5
0.9545509319551474,3.9912,899.996244296216,11.752686940902464,0.8500043243916527,30.06,0.2,14.759159916221499,177688084.7967863,244.2416180266337,1115.3755190283289,12.769963789008855,8.784195246759111,0.10651546607712521,7.5061312909590026,1068.2075279114695,1701.0001901147782,186.61638055477587,14.758867192362494,1115.407734875719,1068.2365654845698,7.505655887767013,12.771043400442823,True,128.99370146254762,0.10679684261397612,True,0.00029272385900469544,115.24791656408607,-0.0002813765368509108,186.6200818596496,0.5
0.9494250243989589,3.7236,899.9877594962394,5.0009499982187045,0.8500002374247596,30.06,0.2,14.761452775153547,176733055.77542782,236.01876090037428,1132.9279067245184,12.814248309192928,8.283500104827198,0.3373186479248293,7.145504359895493,1081.8875166830076,1590.4113383444048,182.1483403337285,14.760923168634736,1132.9413962686197,1081.8967663022981,7.14570240822318,12.812253163459525,True,128.28252224497325,0.33730920628520544,True,0.0005296065188105104,107.73623865540102,9.441639623852804e-06,182.1548756260899,0.5
0.9470382916558696,3.9998,899.9744853631689,9.543163872763888,0.8500016336589317,30.06,0.2,14.756733313330455,176289061.11692718,242.57724139102848,1118.9589282071167,12.776084222265128,8.68129147023754,0.13501681479020602,7.287103344046034,1070.5321102021303,1690.836289980859,185.2869097817472,14.756225243574956,1118.978972538411,1070.5627185300373,7.286763576422321,12.779562910861632,True,128.0009852067246,0.13541812144746623,True,0.0005080697554991076,114.57625618430387,-0.00040130665726020864,185.29328937228584,0.5
0.9474771233207057,3.9997,899.9964699654478,7.069564117001847,0.8500126641413195,30.06,0.2,14.866328652070925,176373037.4159611,240.90156120364279,1123.1576539264822,12.777670207463615,8.562684879847446,0.17610875536291373,7.085871407083378,1072.9304562475418,1691.6106664793206,184.00753221809111,14.86558158142191,1123.1997296906802,1072.9635440942957,7.085610380480131,12.778166763818065,True,127.11989132888392,0.17663802372153525,True,0.0007470706490142476,113.78166987475886,-0.0005292683586215208,184.01677952710253,0.5
0.9579357627122869,3.577,899.9888808091262,5.002402536057397,0.8500904920511955,30.06,0.2,14.75590875677267,178336242.15410757,234.4377851646512,1136.4701252163695,12.827182853941032,8.183536143519703,0.42478331767038024,7.3004561544133395,1085.4040890455183,1548.5971153783137,181.96398836553712,14.755604360761728,1136.481639238645,1085.406636212196,7.300659188745634,12.825591690621385,True,129.49286284282795,0.42479008973136234,True,0.0003043960109412325,104.94492232182324,-6.772060982096484e-06,181.96774213331506,0.5
0.9472709815587074,3.9984,899.936353682752,8.701374511642763,0.8500264424091456,30.06,0.2,14.793831374521597,176337522.38393456,241.9929588584722,1120.4051064388248,12.776749256005836,8.64031500620094,0.1480041478690992,7.220392549677506,1071.3684377733548,1690.6724302030525,184.8518306611216,14.793247979458167,1120.4359304032098,1071.3996795418423,7.220086950369765,12.779226649195344,True,127.71573893672593,0.14847841699755238,True,0.000583395063429748,114.27721992174628,-0.00047426912845316416,184.85912058458015,0.5
0.9494367641745025,3.7344,899.987769177049,5.005640976560975,0.8500003441467764,30.06,0.2,14.770228869594874,176735263.29485664,236.15864955973478,1132.6641787212654,12.81286009550532,8.291053002196406,0.3313060221112575,7.136960009690386,1081.5983567588924,1594.5251968011266,182.18097558869962,14.769671644299677,1132.678168603777,1081.6081014516199,7.13717223505016,12.810861790751325,True,128.20813842949818,0.3313074473602202,True,0.0005572252951964174,107.9505111302366,-1.4252489627386566e-06,182.18784885239475,0.5
0.9558408259908704,3.9991,899.0773760775937,12.207236595249219,0.8500214529413672,30.06,0.2,14.753565719341164,177931781.90302745,244.78930811447879,1114.216325425187,12.767799546279987,8.817662938033006,0.09865284713406713,7.562099821891611,1067.2793078093564,1705.1031956980078,187.00316921984177,14.753318800095915,1114.2483017896095,1067.3088060432726,7.561497104307881,12.769443310955234,True,129.2191929688806,0.09893833620295842,True,0.000246919245249444,115.57011514559818,-0.00028548906889128145,187.00629900250482,0.5
0.9382360331362878,4.0,899.7183951690167,5.976498126197244,0.850022019647091,30.06,0.2,14.780954379188804,174654729.0947131,239.9144881684399,1124.9767070558964,12.785460363334755,8.510138795603481,0.19990713037677144,6.968596984075038,1074.4002432035268,1674.8644356522163,183.25832129702388,14.780106386519597,1125.0159789072434,1074.433241256534,6.968299428945608,12.784297335800277,True,126.60941808772583,0.20031648556024656,True,0.0008479926692075423,113.30507008071407,-0.0004093551834751241,183.26883554563398,0.5
0.9592920677022542,3.9991,899.7835543019936,19.2318615916903,0.8856972552343725,30.06,0.2,14.768349713650478,186069083.00854358,250.9278885960144,1108.8327943443066,12.75836032382819,8.973885901917868,0.06877833963369002,7.633557360421718,1067.052429108558,1712.1934937451874,192.9595466030497,14.769267308596078,1108.8562078117136,1067.072392484392,7.632312721428515,12.758644271999728,True,134.98281778598172,0.06889017784670301,True,-0.0009175949455997312,115.94507081003269,-0.00011183821301298524,192.94755828291377,0.5
0.9493876163617557,3.7405,899.9887806431393,5.002402536057397,0.8500520876267131,30.06,0.2,14.775080105705584,176736872.69496918,236.23327786597136,1132.53680393394,12.812112277294014,8.294717655042874,0.3284142991012951,7.1306097909724535,1081.4552333935305,1596.7562537998913,182.19782620086386,14.77450967963866,1132.5510693098938,1081.4652637239594,7.130825780021145,12.810107038840403,True,128.16732273104805,0.3284207188643132,True,0.0005704260669237016,108.06595513492331,-6.419763018072899e-06,182.2048606400199,0.5
0.9460943234772535,3.7788,899.9676577035096,5.025553123345519,0.8500001995672535,30.06,0.2,14.759133309536944,176113046.41849598,236.63885553308987,1131.5963887352918,12.809436646290385,8.321228745030012,0.3093000261230054,7.090263257502621,1080.58441643525,1605.6589176880987,182.24342173581647,14.7584938616217,1131.611854655499,1080.596780920844,7.090453245489968,12.807338544912824,True,127.853527265938,0.3093180834563189,True,0.0006394479152440624,108.78532826715187,-1.8057333313503676e-05,182.25131787868773,0.5
0.9589876911284593,3.9998,899.6305249887796,19.654882197209133,0.8882630470758318,30.06,0.2,14.762841721468114,186548900.35297132,251.33739126098806,1108.498520967977,12.758165857649884,8.983555681615716,0.0672889748759502,7.635423630388233,1067.0504764564464,1711.71590780512,193.36359664541808,14.763811035309004,1108.5247338491222,1067.0704839549323,7.634119351090009,12.758959946000793,True,135.38091305066047,0.06742700920287442,True,-0.0009693138408906066,115.95647821032759,-0.00013803432692421902,193.35090141312986,0.5
0.9467533033709159,3.9987,899.028809668238,8.182701076708172,0.8500599353677083,30.06,0.2,14.799381824818893,176248099.23276687,241.7026748639988,1121.068844454331,12.777744779622182,8.621403770777743,0.15453334709514596,7.193948625929582,1071.67112086232,1688.6776816127285,184.6503701933814,14.79883837733343,1121.1038618371947,1071.7045738641787,7.193435897118608,12.779548986303888,True,127.60275121809302,0.15502104473408565,True,0.0005434474854624227,114.09992364590578,-0.0004876976389396881,184.65715098095492,0.5
0.9545185087054797,3.9992,899.8814690808521,11.1478593787878,0.8501251119007396,30.06,0.2,14.790210166548137,177707298.27746826,243.93481080046925,1116.2183295311602,12.76932414508756,8.760356930652303,0.11228927588391047,7.449660071943829,1068.595978099586,1703.8403514175081,186.33453561062845,14.789906743296942,1116.2507520138379,1068.627218194618,7.449119577726966,12.769721467020624,True,128.73690147650996,0.11255104867270081,True,0.00030342325119470104,115.1979093239593,-0.00026177278879034593,186.3383583683771,0.5
0.9593089510079187,3.9991,899.7806374876207,19.454034573426338,0.886833626150032,30.06,0.2,14.766822285014246,186311093.09654602,251.1314783595925,1108.6455763681076,12.75816346701364,8.979319045485425,0.06793028918133731,7.636975438910437,1067.0314819694622,1712.2236279317244,193.15611998918217,14.76776335287796,1108.6706593303036,1067.051399275727,7.635707072201941,12.758713410595863,True,135.17214729664929,0.06805677461331067,True,-0.0009410678637138403,115.95933106294322,-0.0001264854319733555,193.14381121818835,0.5
0.9602286813126097,3.9999,899.0169499315332,10.708596523217729,0.8500275128959499,30.06,0.2,14.876532330142917,178749864.73865315,243.89650855041498,1116.676168864592,12.765433528526803,8.748144575649977,0.1148215145462171,7.454704532992698,1068.467366808102,1713.1571724593712,186.31732495975513,14.876136346745328,1116.7077777842555,1068.4978886258773,7.45425479013863,12.765473992995197,True,128.74156821094655,0.11506429836307597,True,0.0003959833975883953,115.15494033946842,-0.00024278381685886863,186.3222844845704,0.5
0.946788198447998,3.9998,899.9744853631689,9.543163872763888,0.8500128539276461,30.06,0.2,14.75340995288047,176244833.2776398,242.5694999293237,1118.9626204788851,12.776271905972726,8.68114890410175,0.13509156806496328,7.285962317575503,1070.5474997931367,1690.3897751192394,185.28139567010444,14.752949693613303,1118.982706185865,1070.579284800104,7.285528887452348,12.779741279702275,True,127.99728451733036,0.13549242855531637,True,0.0004602592671663075,114.57221541199335,-0.00040086049035309435,185.2871760381774,0.5
0.9495050526638517,3.9996,898.8344335210288,9.753714972561742,0.8500040560682223,30.06,0.2,14.769364183376746,176748746.87737888,242.89529530286654,1118.3195638010513,12.77440897512474,8.699722207962566,0.1292961370436883,7.337872259298804,1069.916339630554,1693.672501070673,185.55794211548493,14.768859790277176,1118.3409884306134,1069.9459706678713,7.337503171001539,12.772954764016937,True,128.22496797842925,0.12939307525535088,True,0.0005043930995700663,114.6703273244373,-9.693821166256722e-05,185.56427937827317,0.5
0.9560353388837081,3.9968,899.0862983020736,11.382205390317283,0.8501248418604406,30.06,0.2,14.790401678241302,177989637.30376765,244.18649041019566,1115.6717564836415,12.768559155316103,8.776052947415153,0.10830204096020853,7.493891139626833,1068.1471678063535,1704.584449312158,186.56180629428573,14.790071100625312,1115.7039819373779,1068.1764813070306,7.4934013915717,12.76925231989376,True,128.94000409328837,0.10856864044270659,True,0.0003305776159905349,115.2464863169073,-0.00026659948249806165,186.56597619696842,0.5
0.9408218421923756,3.8965,899.9992202887152,5.00005489657929,0.8500003312126891,30.06,0.2,14.780524985738381,175131614.59240136,237.9735972271911,1128.9768469311398,12.797905155173275,8.39612981015257,0.2599260979173391,6.974115353930369,1077.8728709866443,1640.9645434153829,182.46256006854023,14.779687855853863,1128.9988132678648,1077.8952366210774,6.9741311753753195,12.795596361173693,True,126.95871351599342,0.2600278736389414,True,0.0008371298845180064,111.01488371119768,-0.00010177572160230408,182.4728948512047,0.5
0.9540610426934836,3.6658,899.9937495341039,5.005548738121244,0.8500758959618913,30.06,0.2,14.777766473705883,177611846.6274534,235.4314234025938,1134.3008742420927,12.818505885413304,8.244830846116884,0.36832390952525296,7.210093452446664,1083.1971851708433,1576.166524607276,182.1024400473705,14.777327257119486,1134.3135473736534,1083.203262657378,7.2103262863789235,12.816701575918014,True,128.77728413922762,0.3683243910928702,True,0.00043921658639689554,106.65413926336618,-4.815676172276184e-07,182.1078525560536,0.5
0.9592920677022542,3.9991,899.7806374876207,19.454034573426338,0.886833626150032,30.06,0.2,14.766600974678006,186307814.12460467,251.1308222819436,1108.6458572952045,12.75817662826783,8.979308248491769,0.06793299612869955,7.636898855060787,1067.0324642877629,1712.1934937451874,193.15561537138635,14.767542182598119,1108.6709354143425,1067.052387176625,7.635630117563939,12.758726038956423,True,135.1717927501364,0.06805944678622268,True,-0.0009412079201123191,115.9590295318072,-0.00012645065752313334,193.1433046163024,0.5
0.9583558941729201,3.9991,899.7107564830042,19.06718695076601,0.8844042293800426,30.06,0.2,14.75328631594165,185616121.7032292,250.73535979948187,1108.8918257026005,12.759273484985885,8.97199837668278,0.06914844364144952,7.634946531087401,1067.0202258453892,1710.4263915463746,192.76771940677236,14.754179114023394,1108.913408635869,1067.0403110653206,7.633711788045037,12.759309274589684,True,134.791922053853,0.06924445091139167,True,-0.0008927980817432513,115.94343774562887,-9.600726994214714e-05,192.7560547354424,0.5
0.9672867799710706,3.4323,899.9992202887152,5.000361752808721,0.850016935101371,30.06,0.2,14.75542141474194,180061513.3044307,232.9361523715837,1140.112159113376,12.839351367638901,8.081629777311221,0.5371408256577824,7.465744299405703,1088.9491368592019,1507.840591280929,181.84169193907897,14.755243147999265,1140.1239742763928,1088.9484301615123,7.465872909344444,12.83823168258163,True,130.7488111405282,0.5372699008420307,True,0.00017826674267595877,102.18734123105548,-0.00012907518424831732,181.8438888751633,0.5
0.943350018134326,3.9998,896.5536937994925,6.953497251694339,0.8500127005890247,30.06,0.2,14.778391834306724,175604783.57081208,240.9791948181356,1122.5451191704478,12.78177860350233,8.579053292400474,0.1706039520922408,7.131637302122909,1072.3840848784605,1679.8051409651575,184.14604410055753,14.777604316305622,1122.5838135267613,1072.4140796975207,7.131251502492569,12.781885630672395,True,127.31967805478186,0.1710491945541071,True,0.0007875180011023275,113.65951676335374,-0.00044524246186630756,184.15585748583007,0.5
0.9523808026555295,3.9998,899.9618012112421,10.314746888607134,0.8500001896306075,30.06,0.2,14.796849430817735,177283256.41881627,243.28297712952224,1117.6200494083796,12.771467717019798,8.720136745186146,0.12312990869652643,7.371835098010976,1069.4982401884358,1700.3581200364413,185.82621486447323,14.796417406383153,1117.648057398284,1069.5288701838567,7.371448277102652,12.77080686666727,True,128.37320071889485,0.12332058498539701,True,0.0004320244345823454,114.90977641062739,-0.00019067628887058097,185.83164060120413,0.5
0.9556995145591145,3.9946,899.3964042353263,11.862461575405083,0.8500214529413672,30.06,0.2,14.766290203928529,177905476.48253077,244.45441786860226,1114.9684964766845,12.76869892145245,8.796041750455121,0.10359920131829514,7.529542279551552,1067.8103190749198,1703.55477071022,186.77050582355136,14.766006308448029,1115.0007414681884,1067.839438311928,7.529019329445877,12.769937260503541,True,129.08907563444725,0.10388094390309154,True,0.0002838954805000071,115.36534223415501,-0.00028174258479639336,186.77409672696737,0.5
0.9534837553462948,3.6526,899.9977815892705,5.006682765260691,0.8500031075002389,30.06,0.2,14.75828850257564,177489177.52847928,235.2482945910442,1134.6075022129603,12.820557119537611,8.235987508983303,0.37639691244527823,7.220398910510019,1083.5640889448725,1570.1924420798287,182.0513252471465,14.757867845399517,1134.6196233528542,1083.5694242780758,7.220631112690973,12.818749109592,True,128.85802875830166,0.37638310695829086,True,0.0004206571761233846,106.39026583274256,1.3805486987372717e-05,182.0565144246883,0.5
0.9556709589428433,3.6127,899.9881538381808,5.0009661618004815,0.8500157158966839,30.06,0.2,14.754870670141177,177898960.09396333,234.81179363600668,1135.5836345752562,12.824165296776501,8.208451007151474,0.4011281521171051,7.26218653127059,1084.533679794538,1558.557360202122,181.99678105320885,14.754524191935507,1135.5952488935613,1084.5376922792975,7.26238587211733,12.822459582842226,True,129.18480202586576,0.4011172761179403,True,0.0003464782056692428,105.62699161014092,1.0875999164827732e-05,182.00105485542142,0.5
0.9589876911284593,3.9998,899.5853993591795,19.654882197209133,0.8882630470758318,30.06,0.2,14.762359777912689,186548900.35297132,251.3415554118462,1108.4876515831718,12.758178681602445,8.983866272532609,0.06724306475874432,7.636378021291177,1067.0392241460254,1711.6562500623018,193.36788874158705,14.763328945667316,1108.5138350842801,1067.0592220044443,7.635071427657376,12.758971615138629,True,135.38533385142324,0.06738083978519355,True,-0.0009691677546275201,115.95622156042296,-0.00013777502644922446,193.35519472635252,0.5
0.9592928413959796,3.9991,899.9459822780212,19.2318615916903,0.8856972552343725,30.06,0.2,14.770095661871334,186069233.07804468,250.91297216124903,1108.8719080244869,12.758313482856842,8.972769105597656,0.06894728090518644,7.630125044011398,1067.0929012243005,1712.409675789914,192.94416427429468,14.771016873410838,1108.895394418277,1067.1129349971604,7.628882598909437,12.75860155070121,True,134.96693849323609,0.06905983806779001,True,-0.0009212115395040854,115.94603366801294,-0.00011255716260356874,192.93213108848678,0.5
0.9540610426934836,3.6536,899.707294608507,5.002386355753553,0.8500005837755189,30.06,0.2,14.764299982033473,177596111.1659979,235.29599546060072,1134.5210574704524,12.820123017170465,8.238451302747585,0.3741152346245111,7.22705191168331,1083.4414548011937,1571.1651847729465,182.08774357311262,14.763881528247822,1134.5331601026332,1083.4468688211941,7.22727531374553,12.818320016284314,True,128.88314452658543,0.3741018900021143,True,0.00041845378565064095,106.4128509340153,1.3344622396771477e-05,182.0929044994905,0.5
0.95611634652184,3.9991,899.0773760775937,12.308137490471868,0.8500214529413672,30.06,0.2,14.752968334376785,177983070.62986696,244.86978347694722,1114.0446935630698,12.767517219019666,8.822616349402509,0.09753798906410101,7.57167049729847,1067.1670011328576,1705.5946906468132,187.06464718201923,14.75273158662095,1114.0764230320356,1067.1964954590549,7.571055257426586,12.769286898138853,True,129.26158520796827,0.09782446862410255,True,0.00023674775583515384,115.60819826897895,-0.0002864795600015374,187.06764914373434,0.5
0.946383700496029,3.9999,899.028809668238,8.150142279899544,0.8500103614070487,30.06,0.2,14.796189938539214,176169019.30639005,241.6836255273851,1121.0903580696245,12.777886801480157,8.62076890948126,0.15479279780579575,7.18972221962184,1071.6824867387782,1688.4716214837956,184.62597661582706,14.795541738942843,1121.1258163044618,1071.713564677024,7.189401374807809,12.77963815371037,True,127.57391653230836,0.15528300334220488,True,0.0006481995963714127,114.10970899507673,-0.0004902055364091329,184.63406516612375,0.5
0.9545185087054797,3.9968,899.9988655316675,11.382205390317283,0.8501251119007396,30.06,0.2,14.779689493807545,177707298.27746826,244.05701561322243,1115.9031533014809,12.7694581450053,8.769288713963192,0.1100818027456574,7.46864409724666,1068.4565905269696,1703.0801422901793,186.44145667324122,14.779366635529248,1115.9358375639738,1068.4864248559816,7.4681802461612,12.770127578773483,True,128.8287119612691,0.11035470510157465,True,0.0003228582782970335,115.22830365195333,-0.00027290235591724554,186.44552952488564,0.5
0.9497354745103126,3.9991,899.7778944737358,9.097099288189678,0.8500064372172571,30.06,0.2,14.809666311295343,176792134.76449952,242.36453181439214,1119.6651836145495,12.774537972333722,8.661647165610354,0.14075930647069215,7.265366838393406,1070.7931660873373,1695.1363979591201,185.13378932743151,14.809113062955317,1119.6908156146758,1070.8241695927832,7.265050353313438,12.777582191986944,True,127.90782512449422,0.1412003447736683,True,0.0005532483400259025,114.45670668989791,-0.0004410383029761489,185.14070567422368,0.5
0.9604273015427501,3.9998,899.9097886550775,12.718858750220424,0.8500122410085881,30.06,0.2,14.802551273571959,178783626.43021894,245.2411115280854,1113.5019216352805,12.763580301659228,8.838913520064896,0.09363095715183817,7.60551015696095,1066.7296863416339,1714.6552731727745,187.3235525383027,14.802382600691123,1113.5330224995794,1066.7604564573373,7.604828630109293,12.766010939555166,True,129.40746812746568,0.09393111584939783,True,0.00016867288083588505,115.83364340061974,-0.00030015869755965763,187.32568708678096,0.5
0.9590793498081643,4.0,899.9758252988169,11.706585552627843,0.8501001576883362,30.06,0.2,14.829320014202594,178551170.71613815,244.47924343206662,1115.2432087436907,12.765288315722353,8.788915560531578,0.10486553077347448,7.512188492640257,1067.8115725634689,1712.4126800113445,186.7418462226429,14.829036756855588,1115.2771890340848,1067.8421886813048,7.511666211357765,12.766503857003393,True,129.00691319606386,0.10516143087800979,True,0.00028325734700551664,115.47233023600276,-0.0002959001045353127,186.74541327833256,0.5
0.9331577417278387,3.9999,899.9901854881588,5.000743169053557,0.8500003015162714,30.06,0.2,14.752525860126646,173704955.53949237,239.09370224367584,1126.7109584892785,12.789920075549247,8.460799598699605,0.22439003890934167,6.866856179837974,1075.6824688874083,1666.11150170583,154.39067320803346,14.751583124154626,1126.7414082137443,1075.7159365831283,6.86655172103896,12.787410566066288,True,126.16439252475651,0.22458158823464341,True,0.0009427359720195483,112.92930971891933,-0.00019154932530174307,154.40053992133144,0.75
0.9634427525823919,4.0,892.152784066858,19.971962970252616,0.9028766645161393,30.06,0.2,14.831049190520186,190498871.74003893,252.9077747775657,1108.498399767158,12.755779195515437,8.984049559973862,0.06690338966072322,7.6356646893978795,1067.2146609487002,1709.8283083192312,166.4424671134863,14.831820986486994,1108.5196645160804,1067.227102004616,7.634626692808262,12.757483920682672,True,137.6135365934782,0.06704842405185905,True,-0.0007717959668074315,115.2942381840875,-0.00014503439113583427,166.43380603101093,0.75
0.958843692504277,3.9997,899.4979308873145,19.812065867644353,0.8895488369852445,30.06,0.2,14.761646540878026,186790883.85458896,251.5014996457237,1108.4187161519362,12.758174201767062,8.985853864792276,0.06693925740817074,7.633224621639346,1067.1003212809399,1711.2453438289087,164.55767503120055,14.762634436168707,1108.445500016164,1067.12027235972,7.631900634263013,12.759166492001073,True,135.56732757255912,0.06708533963297482,True,-0.0009878952906809957,115.93417207316458,-0.00014608222480408384,164.54666305681943,0.75
0.958399095831092,4.0,899.900921246138,13.219033337330114,0.850002433753546,30.06,0.2,14.754041767215629,178404017.34885854,245.5307360727031,1112.6740832244366,12.764766501920036,8.862329458049842,0.08900800982869607,7.639575584140143,1066.344958999449,1711.0991206998026,158.5495304632357,14.753923770343743,1112.7020632209646,1066.3756212570556,7.638815115150316,12.767687555341718,True,129.5568314033333,0.08929566055760069,True,0.0001179968718858504,115.9739046693698,-0.0002876507289046176,158.55079848853697,0.75
0.9585678770736176,3.9999,899.9865308648021,14.75307910305103,0.8609080968176078,30.06,0.2,14.774784930389812,180724789.9446819,246.89477489099838,1112.120342433797,12.762894834196059,8.878557415326988,0.08562310523886113,7.602174824679134,1066.972249636041,1711.4801643299156,160.0163445588439,14.775028908622533,1112.1426107894324,1066.9969736237551,7.601389484320757,12.762739470919627,True,131.054703655542,0.08574118811524002,True,-0.00024397823272082064,115.84007123545638,-0.00011808287637889159,160.01370222865333,0.75
0.9621486897249454,3.9998,899.8657769098572,19.47251620868904,0.8894632903037134,30.06,0.2,14.823531175003112,187416700.00658914,251.33729062535062,1109.0131545783004,12.755658221001415,8.969247393191033,0.06925808721176234,7.611736408538947,1067.3267861025,1717.6700915265326,164.43137371283538,14.824531088060779,1109.0390242264573,1067.3469788533787,7.610437152142809,12.75643502878741,True,135.4535977948321,0.06939777196337774,True,-0.0009999130576670012,115.88369283051853,-0.00013968475161539595,164.42028283402857,0.75
0.9608123728959996,4.0,899.5377176616047,18.883714363098424,0.8839607965826207,30.06,0.2,14.78931143277245,185998592.09080958,250.70596908548356,1109.028264560901,12.757403185125225,8.968453997650567,0.06954527121281043,7.6392227986300005,1066.9181503651228,1714.9265967444212,163.73809682145335,14.790192439023416,1109.0488557495999,1066.9380702082979,7.638009074787357,12.75731358225932,True,134.7407794950505,0.06963316482509276,True,-0.0008810062509656547,115.96518959043306,-8.789361228232762e-05,163.72834344688331,0.75
0.9584579628801213,4.0,899.9008897863665,12.914441529493649,0.8500027342200324,30.06,0.2,14.767839806579644,178415038.3964931,245.31644200155532,1113.1835825143323,12.76493320880517,8.847730423287075,0.09196491232886018,7.614164313014364,1066.6364287758504,1711.2042202937716,158.41116797166484,14.767687544025625,1113.2135620571999,1066.6670270923944,7.613456499318351,12.767511507898474,True,129.44407791717066,0.09225936581647015,True,0.00015226255401934452,115.87236408438466,-0.00029445348760996637,158.41280127335466,0.75
0.9590792212050704,3.9998,899.8789384587569,18.159176321222937,0.8786527888829622,30.06,0.2,14.763573354384938,184548210.7637788,249.90630078664154,1109.465757605427,12.75939836381231,8.955454169605876,0.07178337960642406,7.637690260548517,1066.866393205114,1712.207745203224,162.92493265322756,14.764350986884923,1109.478442931438,1066.8870453466081,7.636551281287211,12.763627112025233,True,133.92408917532302,0.07198364069355348,True,-0.0007776324999841933,115.98221161131852,-0.00020026108712942192,162.9163514617616,0.75
0.9413839629615762,3.9999,899.9723507898301,7.670381966524241,0.850004034861046,30.06,0.2,14.75714511476706,175237015.50171405,241.12491456364506,1122.150537924882,12.781740511512758,8.590151074302451,0.16653906992876755,7.112407523952211,1072.6471022430171,1680.7759031974408,155.7031126097799,14.756465657579044,1122.190102970234,1072.6789287226325,7.11211177897378,12.782761735769894,True,127.23503685584488,0.1670534503479011,True,0.00067945718801532,113.88987770780018,-0.0005143804191335422,155.7102819145114,0.75
0.9620427713189792,4.0,899.8487882990584,17.196644249194264,0.8737070694089137,30.06,0.2,14.808572333268936,184076477.73588517,249.16536036600579,1110.1863106502935,12.757921002025498,8.935042888869773,0.07500901756121725,7.639669656874439,1066.7353798178976,1717.5352861833903,162.17848305957008,14.809279416925193,1110.2102464513853,1066.7579399225597,7.638532544675322,12.761069423260043,True,133.1764983438417,0.07523608645278057,True,-0.000707083656257268,115.98886202216408,-0.0002270688915633201,162.17073968789484,0.75
0.9590624312329853,3.9998,899.7228149039266,18.000627406562177,0.8786527888829622,30.06,0.2,14.768678273259702,184544979.99906346,249.80156729004923,1109.6969234422734,12.759545467504397,8.94877553316244,0.07287060819409437,7.627121599047634,1066.987557720635,1711.971336615663,162.86227057677934,14.769430194835842,1109.7110924441379,1067.0077825345693,7.626028211724574,12.76361118977361,True,133.87568895775436,0.07307552388660432,True,-0.0007519215761391251,115.92587833229487,-0.00020491569250995212,162.8539791495834,0.75
0.9585678770736176,3.9999,899.8977289619294,14.75307910305103,0.8609080968176078,30.06,0.2,14.773833079001346,180724789.9446819,246.9024106973057,1112.0989359017706,12.762920220332415,8.879165070937521,0.08550889581144276,7.604057445157545,1066.9500241394655,1711.357967323439,160.02458632842905,14.774073303679042,1112.121151176053,1066.9746295928644,7.603275075961098,12.762762234547925,True,131.06318043240012,0.0856264420771869,True,-0.00024022467769668765,115.83923026490558,-0.00011754626574414506,160.02198434765612,0.75
0.9562839168172258,4.0,899.6692072502249,11.854477857700292,0.8500023324434581,30.06,0.2,14.781384632506844,178010259.916091,244.51498347831833,1114.9248307980893,12.767418629523918,8.797546835741457,0.10313536343854374,7.52139176291821,1067.720155770796,1707.0172343888185,157.90179008531965,14.781107939335964,1114.9580574428062,1067.750307465177,7.520843345961479,12.768691402593111,True,129.0331409961237,0.10342415008541911,True,0.0002766931708801934,115.48184248219462,-0.0002887866468753719,157.90474590887266,0.75
0.957823007319089,4.0,899.8736400003197,15.189040841970332,0.8644866585925474,30.06,0.2,14.771925099431508,181334995.24780202,247.28730238084722,1112.0100876238596,12.762982302790963,8.881696271021369,0.08502295388507282,7.584773929945965,1067.2364207758137,1710.0345597267528,160.46544868457968,14.772245789007737,1112.0358888774708,1067.2592287189107,7.584007087941639,12.763442589405562,True,131.52197552313388,0.08518434429922657,True,-0.00032068957622932714,115.76532685771335,-0.00016139041415375033,160.46196515218568,0.75
0.9388981453123104,4.0,899.9099117625293,6.594458647220188,0.8500009346006552,30.06,0.2,14.766557151974746,174773647.3329525,240.3315180649884,1123.9662280066955,12.784432458580826,8.538639332092714,0.1873919689740125,7.017268775393938,1073.8064543666726,1676.2943040744399,155.19178541663032,14.765772473438377,1124.0076180215833,1073.839058701452,7.016977594528466,12.784055969717459,True,126.81861353488758,0.1878701499519965,True,0.000784678536369654,113.51290453010081,-0.00047818097798399406,155.20003257493215,0.75
0.9357907172688238,3.9998,899.9489052174343,5.857760106286107,0.8500001780917192,30.06,0.2,14.753833878038316,174195051.98888665,239.7409054411244,1125.2400327560106,12.787327859483165,8.502396900821893,0.20387678065053721,6.9459220619634126,1074.7009533365454,1670.7219356250557,154.81101792327757,14.75297418523727,1125.2783297497226,1074.733812708285,6.945634283426862,12.785950968889754,True,126.50842695104797,0.20426109291404673,True,0.0008596928010451421,113.23247849007643,-0.0003843122635095175,154.82003914950357,0.75
0.95019544641411,4.0,899.8736400003197,10.392506619460715,0.8500001108943532,30.06,0.2,14.763142005081143,176876441.54618347,243.27623082625698,1117.4784837670002,12.773064987558579,8.723824829931498,0.1223674556667248,7.371411455924513,1069.510748259558,1696.4168112969644,157.09453535554877,14.762712671338877,1117.506308396943,1069.540981018536,7.371021411499183,12.772425007329863,True,128.37103674931126,0.12255672259290401,True,0.0004293337422662802,114.90519407694572,-0.00018926692617921015,157.0991040270562,0.75
0.9434070571440363,4.0,899.9993097934694,7.821817852083294,0.8500060320578574,30.06,0.2,14.779117568391113,175614023.652885,241.2890717424012,1121.889875528254,12.780091107871984,8.597815881437093,0.16338236254326738,7.131668164935291,1072.3991743522947,1684.460734396566,155.80727318770204,14.778452309630808,1121.928666746834,1072.4311369126565,7.1313729886828465,12.781367946740088,True,127.3190714041249,0.16389839034857645,True,0.0006652587603053206,113.97000033827631,-0.0005160278053090717,155.81428692305374,0.75
0.9595893867608936,4.0,899.9995256107726,17.601769539672908,0.8756988161468563,30.06,0.2,14.774673344445908,184025609.03654796,249.4171802985685,1109.9175135531111,12.759431277483746,8.942457265366361,0.07390850269353376,7.631745587440247,1066.8762293082043,1713.3544114411052,162.44295226503354,14.77537773820196,1109.93767653937,1066.8972595546936,7.6306740473121675,12.762992868356987,True,133.4451808203283,0.07412827555141188,True,-0.0007043937560524682,115.9719994782402,-0.00021977285787812273,162.43520804330754,0.75
0.9443218919822498,4.0,899.9141986353739,8.570961245146144,0.8500094072092554,30.06,0.2,14.759705278589173,175785016.98783395,241.83332978964592,1120.5982440589148,12.778852380120167,8.634441694800373,0.1503661834662439,7.197943340969483,1071.6010958169861,1685.9777779368128,156.16201660381265,14.759113836861909,1120.6308926235874,1071.6324378544612,7.197621169721802,12.781065012507215,True,127.61002571809368,0.1508471606563438,True,0.0005914417272645522,114.22330407155223,-0.0004809771900999016,156.16827448174854,0.75
0.9435208317205086,3.9999,899.9769460308024,7.412582135914437,0.8500002542510957,30.06,0.2,14.797310499977751,175634008.7878539,241.01609977631003,1122.5787881255105,12.780344365999063,8.578397931249057,0.17064314197568659,7.0994372760135,1072.7879724470372,1684.5971125852427,155.6324866906191,14.796599696286618,1122.6195655200904,1072.8202236111033,7.099159374384928,12.781125138137611,True,127.17739142261807,0.17116440889561688,True,0.0007108036911329663,113.83870835369196,-0.0005212669199302911,155.63996301276543,0.75
0.9578467555925636,4.0,899.5115465526395,16.786026694314646,0.871636475831838,30.06,0.2,14.752260277880863,182839276.38241848,248.67992910038544,1110.4957470644963,12.761645002328478,8.925391765642647,0.07698732419873634,7.623454806541832,1066.9109274332955,1709.5987930193614,161.7644957625521,14.752884249197868,1110.5222435002993,1066.9335483346733,7.622371479585582,12.76410972114359,True,132.78706820064673,0.0772088254078841,True,-0.0006239713170046457,115.89286089973871,-0.00022150120914775362,161.75765395428186,0.75
0.9545224863945991,4.0,899.0495005446702,11.588282402082982,0.8500002194810348,30.06,0.2,14.762363062476068,177681931.62220633,244.32352406373158,1115.236723685052,12.76913205146229,8.788315664961445,0.10548677380961391,7.5052204371391,1067.9155360954364,1703.0575852659174,157.79989749095444,14.762143736849698,1115.26923476288,1067.947470600347,7.504504475125251,12.770013816697704,True,128.96060461153328,0.10575718759571197,True,0.00021932562636983732,115.3629194521983,-0.00027041378609805877,157.80224197167317,0.75
0.9597415651996932,4.0,899.9175119315498,12.643692959579845,0.8500242062136769,30.06,0.2,14.796925958792967,178658491.4022953,245.1668687675388,1113.6340533977104,12.764129847524245,8.835028257668299,0.09450826683734956,7.595900085394987,1066.8384268378493,1713.517882534934,158.3151527097507,14.79674948313049,1113.6655343946582,1066.8691809749369,7.595228773931219,12.766449661342847,True,129.36612357665393,0.09480864920287836,True,0.0001764756624762498,115.80074519088487,-0.0003003823655288035,158.31704087927645,0.75
0.9577837441784204,4.0,899.9724227935767,18.565865297053936,0.8818591886177645,30.06,0.2,14.753041463365884,184971479.9736236,250.24888658089623,1109.3633368082526,12.759935032441192,8.958290565100228,0.07136699803424314,7.618873170554671,1067.1384656226087,1710.0949144574272,163.31283417245587,14.753880426860215,1109.3791652797283,1067.1588768408992,7.617699344911209,12.759357730761408,True,134.3265112697838,0.07141832067697759,True,-0.000838963494331324,115.92237531111243,-5.1322642734455415e-05,163.30354756431873,0.75
0.9516355652230477,4.0,899.8528941367402,10.56281104751198,0.8500351066549162,30.06,0.2,14.775552004785476,177151809.26465705,243.44338510716761,1117.1834011737114,12.771850048100045,8.732440966721821,0.11986292613629723,7.391048972738483,1069.2713476705746,1698.9552976077905,157.20522136254732,14.775143213916948,1117.2127089727553,1069.3016373463704,7.3906408597144315,12.771458649762703,True,128.46272092147126,0.12007388301699973,True,0.000408790868528186,114.98066418569636,-0.0002109568807024953,157.20957083368594,0.75
0.9507897900238376,3.9998,899.9560062919784,8.673487746757361,0.8500094072092554,30.06,0.2,14.844305664315673,176989012.76170027,242.10097119594263,1120.4051581059903,12.773919315951982,8.640888200276585,0.14730634994761443,7.230290301238597,1071.1791008037733,1697.5099670420395,156.33525711865698,14.843713085799411,1120.4361122907724,1071.2108537335132,7.229995609250597,12.776501399517468,True,127.75178555777717,0.14778697203966978,True,0.0005925785162617103,114.34918563816547,-0.00048062209205534945,156.34149820632604,0.75
0.9613879687174219,4.0,899.9827198259972,18.61508534732942,0.8826947110455707,30.06,0.2,14.804414426087952,185843455.68950185,250.44716917390258,1109.3679816975844,12.757048486483997,8.958749501592226,0.07104423163674209,7.627044466984978,1067.036639176183,1716.5438019034937,163.48609024335173,14.805372070612238,1109.3859409074053,1067.0591995509833,7.625679641755734,12.75666591324168,True,134.49036423339138,0.0711113460048733,True,-0.0009576445242860387,115.9568049405112,-6.711436813121308e-05,163.47551559798842,0.75
0.9453029870249674,3.9998,899.8540655691957,8.665772979397643,0.850000336558143,30.06,0.2,14.768355971750973,175965769.51491687,241.93137524300286,1120.4209661670504,12.778088302871431,8.639595828257299,0.14850517127839064,7.21097875343918,1071.4454796885714,1687.5811398069607,156.2288192322841,14.767761099872802,1120.4524775303653,1071.476480450759,7.210675844949055,12.780448448526714,True,127.66644298797638,0.1489796301417636,True,0.0005948718781709772,114.26493225502648,-0.0004744588633729674,156.23511240905563,0.75
0.9434070571440363,4.0,899.7796921504681,8.20293283491868,0.8500059267899777,30.06,0.2,14.761008133416421,175614001.90419707,241.56572670256278,1121.192164017071,12.7798571694633,8.617501588156266,0.15633346345747565,7.167248553967679,1071.9723562724164,1684.1750647804947,155.99357016903605,14.760373416979482,1121.228069242331,1072.0036474460665,7.166945277472296,12.781588528291934,True,127.47499935646775,0.15683140558815592,True,0.0006347164369397973,114.09072734609504,-0.0004979421306802734,156.00027810793748,0.75
0.9378994579980394,3.9998,899.7786270122087,6.50437481989594,0.8500094072092554,30.06,0.2,14.754967772636926,174589484.32402182,240.2491336170684,1124.0970272166821,12.785305267317835,8.534797620162092,0.18920546297919685,7.009011229750075,1073.9193684979116,1674.2666061664106,155.1455960171082,14.75417685476824,1124.1379891657068,1073.9518670496047,7.008708858915032,12.784782868830154,True,126.7845462454815,0.18967011676144196,True,0.0007909178686862361,113.4645873715869,-0.00046465378224511134,155.15391280938647,0.75
0.9620427713189792,4.0,899.9792842459127,16.89237584529211,0.8718330196208852,30.06,0.2,14.809494801766498,183681644.62057644,248.8761846639604,1110.4058727652314,12.758177634799079,8.92868360102603,0.0761106993504841,7.638055470101588,1066.7227637764702,1717.7129421296531,161.88572861926323,14.810113766981463,1110.4323910418034,1066.7447240693523,7.637033159238871,12.760930242779137,True,132.88335605647822,0.07634025387417934,True,-0.0006189652149650726,115.99282860748218,-0.00022955452369523288,161.87896286199822,0.75
0.9470796840642622,4.0,899.8370429472405,9.479362276721405,0.8500007376877143,30.06,0.2,14.758665990276327,176296580.39002126,242.548905130951,1119.0288584326565,12.776111719185753,8.679308556039206,0.1356169262779087,7.284729422117952,1070.5522279165043,1690.8063443846977,156.62618290632662,14.758205484326549,1119.0497401620537,1070.5842075980083,7.284279732002921,12.779512351804744,True,127.98926907178935,0.1360219872380417,True,0.0004605059497784225,114.55963605916165,-0.0004050609601330135,156.6310701732234,0.75
0.9612182952228329,3.9999,899.8688251198108,15.562057654699789,0.8642424129590235,30.06,0.2,14.798809419893539,181926376.30131677,247.67280917371838,1111.2973139402632,12.76014987561684,8.902699529815173,0.08086177121959855,7.634926817936077,1066.6357680903716,1716.0515267945525,160.70374236718243,14.799195205410012,1111.3256767972557,1066.6595624898757,7.634036649636913,12.76111314254792,True,131.71061990887245,0.08104803536728712,True,-0.0003857855164728363,115.96218926484593,-0.00018626414768857513,160.6995531409855,0.75
0.9584901917675758,4.0,899.9962954975131,17.744435361623314,0.8765557255524727,30.06,0.2,14.760159645048411,183994681.30321747,249.50701510509498,1109.8395376941985,12.760153285614654,8.94455054377892,0.07362544938249181,7.6268646347789195,1066.9535812667807,1711.3917901190914,162.54699072487705,14.760865936259982,1109.858034915666,1066.9741176127968,7.625810215675534,12.763854622900753,True,133.5539252171482,0.07384111699126711,True,-0.0007062912115713971,115.95308988794679,-0.00021566760877529678,162.5392130300242,0.75
0.9410654639257073,3.9999,899.9648895502881,7.575030259032138,0.8500107180435275,30.06,0.2,14.756669955850743,175179104.79082036,241.05144008904944,1122.3128760481632,12.782053434322235,8.585524060108181,0.16832829830725235,7.103516784115884,1072.7560606163697,1680.1975638749846,155.65628137936957,14.755977633833538,1122.3528751377257,1072.7878311527131,7.103229306688609,12.782948056621128,True,127.1971960433252,0.1688429832746484,True,0.0006923220172048161,113.85424404572423,-0.0005146849673960396,155.66358447194597,0.75
0.9594777624312729,3.9994,899.9988152636828,17.15510366188968,0.8737919105100403,30.06,0.2,14.778330910734777,183603518.07278723,249.0203503056177,1110.356082850438,12.759979647366691,8.929743942177844,0.07608520727955799,7.620936856945386,1066.9893988858032,1712.9245895436495,162.0894614307074,14.77897182708306,1110.3802652294842,1067.0105294359805,7.619929768241339,12.762994065560441,True,133.10672581261204,0.07631221442236104,True,-0.000640916348283227,115.91362449300567,-0.00022700714280304846,162.08243213347814,0.75
0.9481458188430653,3.9999,899.993130654053,10.012540752271764,0.8500003015162714,30.06,0.2,14.752433986169015,176494948.2197248,242.93546069769576,1118.1629744773954,12.774878360938972,8.704060376693072,0.128157934850769,7.32960732612606,1070.0200273083722,1692.8720444881199,156.87142309166816,14.751995473440697,1118.187263832423,1070.0510535460087,7.3291931795747685,12.77372763192638,True,128.18722089216726,0.12829569177235767,True,0.0004385127283175194,114.7482398055285,-0.00013775692158865538,156.87608619747368,0.75
0.9591926155204733,3.9997,899.7266200967215,15.750227950346991,0.864895432098191,30.06,0.2,14.767006977886929,181680156.4592162,247.76473468484969,1111.0914237291356,12.76163032954155,8.908300424244526,0.07999754379415012,7.635864730671034,1066.6550592640237,1712.170461045305,160.8054850747618,14.767408295879486,1111.1198339989412,1066.6784172306543,7.634959970476723,12.762750864953762,True,131.81548623283624,0.08018798722270055,True,-0.00040131799255682665,115.94924845201345,-0.00019044342855042973,160.80111503682627,0.75
0.9582354084270227,4.0,899.9835068921254,18.94367422339436,0.8839739412151241,30.06,0.2,14.75767405140879,185502489.56066325,250.61141842264556,1109.07742019217,12.759250706423884,8.966659510839936,0.06998293178371753,7.623263555561873,1067.1201082798227,1710.9149527783777,163.66098096795133,14.758622461924029,1109.0979772614185,1067.1419097891514,7.62192604396766,12.759152463115658,True,134.66884724451054,0.07007059568861193,True,-0.0009484105152388622,115.94257117813501,-8.766390489439724e-05,163.65046387560855,0.75
0.9597035260689815,4.0,899.9894310016563,13.129174817114746,0.8501122609390278,30.06,0.2,14.777098722625594,178669916.96556318,245.50595097246645,1112.854131928298,12.763792233830944,8.857380233367081,0.08988767536550546,7.633737752462389,1066.4057790565193,1713.5451355954674,158.53631804114812,14.776980817838835,1112.8827679221793,1066.436621572854,7.632986518742249,12.766670867109283,True,129.54747404190795,0.09018019428952777,True,0.00011790478675877125,115.9584769305585,-0.0002925189240223086,158.53758299445644,0.75
0.9401062985000074,4.0,899.9786258417339,7.34888674008725,0.8500010502616422,30.06,0.2,14.752909952105147,174998565.9756818,240.86979083070173,1122.699044939211,12.782926770038323,8.574496609683862,0.1727011604920319,7.081372575592743,1073.0252887950999,1678.545698854011,155.53684443385413,14.752205005083521,1122.7398783465874,1073.0574281687645,7.081068239082248,12.783514055040525,True,127.0986021959175,0.17321354522007615,True,0.0007049470216262677,113.77118863478424,-0.0005123847280442406,155.54427689803143,0.75
0.935457100944813,4.0,899.902158726138,5.152646013694469,0.8500006838748475,30.06,0.2,14.77767176560326,174133053.77810606,239.26978937807434,1126.4250067219873,12.788118133412556,8.469139663790774,0.2197474668318045,6.888987893135841,1075.391246745915,1670.1391203745,154.50648158851735,14.776738698510337,1126.457691609548,1075.4247677860526,6.88869360920832,12.78585787043324,True,126.2600177580316,0.21999208198419332,True,0.0009330670929230678,113.00977162004274,-0.00024461515238882736,154.51623779498178,0.75
0.9435532163912035,3.9999,899.6064134279942,8.066382760033175,0.8500054949136463,30.06,0.2,14.766799791973206,175641120.01788512,241.49051296732566,1121.3830732227057,12.779914167219781,8.612114134078347,0.15822278927640582,7.16032206205538,1072.0563087445455,1684.1729136006377,155.95202778470144,14.766150909007763,1121.419839521415,1072.087611804776,7.1600158616296445,12.781479881837129,True,127.44479957202503,0.1587233327144495,True,0.0006488829654429651,114.04571339530062,-0.0005005434380436768,155.958880932477,0.75
0.9547741004017258,4.0,899.9881707588427,11.47911217639764,0.8500106121312819,30.06,0.2,14.7804703934781,177730941.95570624,244.1738098094799,1115.6461413240077,12.768752825018183,8.776742094596834,0.1082029762530732,7.477164721758948,1068.2457267491536,1704.743674369203,157.67062542225855,14.780159113129333,1115.6793683804283,1068.2761099188297,7.476666023158318,12.769546199103218,True,128.83894400642802,0.10848142463359638,True,0.000311280348766374,115.33486580305188,-0.000278448380523183,157.6739460744177,0.75
0.951864026113601,4.0,899.9887107869924,10.891733598032879,0.8500014597849588,30.06,0.2,14.765949825563796,177187324.55451852,243.66758767079475,1116.6543568089296,12.771398484781052,8.747548117562019,0.11584040073609655,7.416907109553792,1068.9675602591215,1699.5477534361385,157.34325160469717,14.765573076046723,1116.6854580412296,1068.9978204738225,7.416475959041338,12.771405072535691,True,128.57175339213208,0.11607951203955606,True,0.00037674951707344917,115.09583427866266,-0.0002391113034595077,157.34726628084633,0.75
0.935715014390513,4.0,899.9021046585511,5.042727475302307,0.8500006147293024,30.06,0.2,14.785766149630547,174181049.5666566,239.20472481130997,1126.611791366768,12.788015447813729,8.463949644924671,0.22226755853982388,6.881127977879155,1075.4856731068812,1670.5995918754368,154.4644630469316,14.784824406311268,1126.6434239894684,1075.5194118839663,6.880827142011757,12.785625750075859,True,126.22574876673382,0.222486565583898,True,0.000941743319279098,112.97897604457616,-0.00021900704407412652,154.4743019109007,0.75
0.9487435424810156,4.0,899.9812931251108,10.139518871678252,0.8500014684769114,30.06,0.2,14.75519853036555,176606455.42616367,243.045146665262,1117.9404343201159,12.774321530650843,8.710476832637184,0.1262547328409467,7.342561865101913,1069.8601251045775,1693.9673684645716,156.94155925951847,14.754746377167814,1117.9659995096968,1069.8904742779523,7.342190227032229,12.773339763721305,True,128.24429333134995,0.12641115267987776,True,0.0004521531977363935,114.80085333391204,-0.0001564198389310545,156.9463686697288,0.75
0.9543786938977241,4.0,899.8176907571125,11.588282402082982,0.850000277408106,30.06,0.2,14.768615958917948,177655177.12196577,244.2517310115241,1115.4227949792908,12.769024639172676,8.78304142854677,0.10673044774037742,7.488449418811107,1068.1159979240265,1703.8116863033524,157.72644196059673,14.768313276360859,1115.455898854563,1068.146196897789,7.487934249999793,12.769925544701278,True,128.88732048727337,0.10700968852571313,True,0.00030268255708953973,115.36441052425073,-0.00027924078533571317,157.72967462785397,0.75
0.9388981453123104,4.0,899.9290721123052,6.1606674599862465,0.8500008661168897,30.06,0.2,14.784596306650595,174773633.25160626,240.0399494611378,1124.7077294910482,12.784768688984235,8.517804815955188,0.19636101603003306,6.98189894591563,1074.2351176986233,1676.3191082702385,155.00284022081777,14.783768392275983,1124.7480949564201,1074.2682003772197,6.981609092915275,12.783858788894475,True,126.66423014039182,0.19680010594837857,True,0.0008279143746126039,113.37571932074599,-0.00043908991834551436,155.0115206246309,0.75
0.9376515368454749,4.0,899.9705485317382,6.3562743952540055,0.8500023811188587,30.06,0.2,14.759681635017628,174541891.1763238,240.12991775880457,1124.3893281902615,12.78552709861162,8.52656524169527,0.19276461958617114,6.992205644040798,1074.119062267715,1674.1494459880237,155.05951342758553,14.758868431559154,1124.4301237190834,1074.1516387567456,6.991926298790724,12.78482098893402,True,126.70969321577846,0.19321944693898466,True,0.0008132034584740211,113.42022454302611,-0.0004548273528135194,155.06805709969518,0.75
0.9371368646565206,4.0,899.9777915858414,6.282222191709075,0.8501256818585812,30.06,0.2,14.756617377382474,174471391.03946054,240.06722280739004,1124.5430088355472,12.785955827851053,8.52217558718494,0.1947633129451355,6.982267614894327,1074.2455627118195,1673.243819253833,155.02518150842573,14.75586425445024,1124.5835722152244,1074.279691012228,6.981864693323625,12.785149558381342,True,126.68429990482417,0.1952099082077867,True,0.0007531229322346178,113.38292290256587,-0.0004465952626512004,155.0330938216088,0.75
0.943348737340967,4.0,899.9993097934694,8.361979729392154,0.8500060320578574,30.06,0.2,14.75589628323779,175603167.49572772,241.65384768000072,1120.976142367277,12.77971833489893,8.623615011680585,0.15420162539418716,7.175471429814843,1071.8760554273204,1684.3566039286372,156.04281947146637,14.755278889566833,1121.0109236291316,1071.907367089993,7.175170306738857,12.781646473764813,True,127.51114519517091,0.15469570327535404,True,0.0006173936709572558,114.14270248482981,-0.0004940778811668711,156.04934864992927,0.75
0.9487435424810156,3.9999,899.981392311046,9.89002591815026,0.8500014684769114,30.06,0.2,14.76558843171458,176606455.42616367,242.87104934763912,1118.3629575692498,12.774521418832846,8.69847089849614,0.12970236637740648,7.32205374989973,1070.1048685366163,1693.9219342226988,156.83035706217086,14.765114714995681,1118.3863221677175,1070.1354394386406,7.321693943999598,12.773242438414131,True,128.1542378063221,0.12982640114056176,True,0.00047371671889884226,114.71681154131701,-0.00012403476315528406,156.8353887306411,0.75
0.9501240275572517,4.0,899.0076797143585,10.142974576583399,0.8500002194501133,30.06,0.2,14.76351414812401,176863169.6970955,243.17500508141873,1117.6913473708153,12.77354638297726,8.717692663634313,0.12410439134158344,7.3685870556213295,1069.5388588743424,1695.1550955207729,157.0595783012621,14.763051998618199,1117.7166497865871,1069.5685597660047,7.368191205133515,12.7725813559207,True,128.35845410869285,0.12425715136102629,True,0.000462149505811027,114.81655097272588,-0.0001527600194428519,157.06449496798533,0.75
0.9398864507031512,3.9998,899.9999691091049,6.738733240280096,0.8500160065577531,30.06,0.2,14.775214398748354,174960720.31611335,240.448599431635,1123.7468228781888,12.783586652238533,8.544960411528479,0.18457605274053343,7.030656775806454,1073.6454064753361,1678.1004622370967,155.26707091287184,14.774443262075174,1123.7885052607235,1073.677979416662,7.030373502314951,12.78342216506375,True,126.87985008923943,0.18506883277817532,True,0.0007711366731797398,113.56874934239556,-0.0004927800376418878,155.27517491587176,0.75
0.9401062985000074,4.0,899.8352104833724,7.2691948570999685,0.8500002642319799,30.06,0.2,14.754704683207233,174998404.1475715,240.8275765303794,1122.7995841999636,12.783027833612692,8.571652435590522,0.173814738792176,7.077865523168327,1073.0665251203359,1678.356869697114,155.51460827385603,14.753987384836316,1122.8405116056988,1073.0985415871282,7.077563811294831,12.783513489797194,True,127.08313032097152,0.17432328288627252,True,0.0007172983709171632,113.74444620940787,-0.0005085440940965358,155.52216896726446,0.75
0.9401062985000074,4.0,899.977451522583,7.028409622295934,0.8500002573415267,30.06,0.2,14.7661100331789,174998402.72896218,240.65434818317772,1123.241739347206,12.783176840207638,8.559210085251117,0.17872831936023004,7.055453103747629,1073.337397969091,1678.545698854011,155.39768469416228,14.765368350664316,1123.2832914669607,1073.3697437338371,7.055163273161763,12.783373112593482,True,126.98517516478887,0.17923419453028086,True,0.0007416825145849515,113.66917301838885,-0.0005058751700508235,155.40549050996094,0.75
0.9521302353458406,3.9999,899.9887788454079,10.778431595551,0.8500091457662323,30.06,0.2,14.77431778955112,177238481.42967218,243.59634219328643,1116.846679805957,12.771292779829992,8.742109559169382,0.11723372423977664,7.408511126053073,1069.0674155019797,1699.9860423322236,157.29864981178903,14.773928944999891,1116.8773386446956,1069.0977014529278,7.408092850039501,12.771174848299827,True,128.53613528758206,0.11746546489353656,True,0.000388844551228118,115.06020690570438,-0.00023174065375991537,157.30278985626347,0.75
0.9367293494880863,4.0,899.1844264582834,5.632713300537004,0.8500002454072475,30.06,0.2,14.768415692914303,174369789.78838044,239.68265283873237,1125.433613263046,12.786991883029573,8.497053073663796,0.20619711063585835,6.946641243520093,1074.6737795138506,1671.4853037702183,154.79785518036664,14.767527777405551,1125.4700058855374,1074.7065021568021,6.946318167487927,12.785341373758168,True,126.51052876914736,0.20653441886485097,True,0.0008879155087520019,113.17212406958501,-0.00033730822899261104,154.80716258905468,0.75
0.9587677548187268,3.9997,899.4951893603017,19.738554330132594,0.8895488369852445,30.06,0.2,14.76390198841744,186776090.54936862,251.44316317828643,1108.544360226001,12.75827297728739,8.982212781021122,0.06749251670870401,7.62646494482503,1067.178868356025,1711.109818078638,164.51950542400323,14.76487170390675,1108.5707640328483,1067.1984631754476,7.625178506785632,12.759191790647414,True,135.53605062573826,0.06763580291308435,True,-0.000969715489310019,115.90711255254817,-0.00014328620438033846,164.5087002429016,0.75
0.9516355652230477,4.0,899.8534230972281,11.021027263947467,0.8500351066549162,30.06,0.2,14.756232637412392,177151809.26465705,243.76210956123379,1116.4124754446323,12.771513289540188,8.754394457725414,0.11410366812181716,7.429058191798355,1068.8269453678051,1698.9552976077905,157.4110398461059,14.755870294391825,1116.44391833354,1068.857053422891,7.428607607363184,12.771661598250146,True,128.63050849569782,0.11434934621043268,True,0.00036234302056747936,115.13160106553596,-0.0002456780886155169,157.4149052088741,0.75
0.9452737077685899,4.0,899.9770254510165,8.950455015454093,0.8500026826721718,30.06,0.2,14.75755151045573,175960804.92900017,242.1178314444653,1119.9658482771235,12.777831836197695,8.652488972421843,0.14426675954373533,7.231437825821879,1071.1966681770953,1687.7720306165331,156.34282858809314,14.7569912112391,1119.9942731124358,1071.2276981113218,7.2311152904456835,12.780536825506584,True,127.75601147537034,0.14472195701215518,True,0.0005602992166302556,114.36181996909497,-0.000455197468419849,156.34876467378498,0.75
0.9462369138082692,3.9996,899.7262541079381,8.354354383214236,0.850012184072828,30.06,0.2,14.792746257228531,176142072.71027514,241.75650380368955,1120.9189907883292,12.777687772688246,8.625637401410962,0.15310287567961206,7.191669010802229,1071.6750285931425,1689.006123478307,156.12300677877263,14.792117366511905,1120.9533344171923,1071.7062131265368,7.191380157060684,12.779703072302386,True,127.5839318039025,0.15359549404420492,True,0.000628890716626529,114.17257199978705,-0.0004926183645928561,156.12964438900667,0.75
0.9363761750634324,3.9999,899.9751267373074,6.091337852936132,0.8500014586982884,30.06,0.2,14.7527799118556,174304296.0677788,239.9132114661727,1124.8460218549774,12.786691062353812,8.513546252685074,0.19872359768132078,6.96619869617621,1074.4470214628584,1671.8407774092868,154.92037685814577,14.751949561238392,1124.8856504214677,1074.479910519926,6.965900343430838,12.785620230407295,True,126.5965573936557,0.19914354264822298,True,0.0008303506172069319,113.316654072517,-0.0004199449669022026,154.92909694154955,0.75
0.9597613325613056,3.9999,899.676483209851,15.911318577892542,0.8658298267937942,30.06,0.2,14.774159985298722,181984272.41339874,247.93473280873846,1110.9630057610923,12.761017116990148,8.912109815307247,0.07926052493498677,7.639069123393319,1066.623798329274,1713.1959182850355,160.9655284687059,14.774590326172726,1110.9918427704545,1066.646856828142,7.638149023579787,12.762371414984152,True,131.9719496174112,0.07946010471979036,True,-0.0004303408740042869,115.96278319132725,-0.0001995797848035885,160.9608400107063,0.75
0.9504770851032097,3.9998,899.7365630965949,10.670709157339891,0.8500005670171805,30.06,0.2,14.75365546726582,176928962.80739132,243.4875596582867,1116.9796561088306,12.772712357225707,8.738046223404861,0.11850145869427635,7.398574810185735,1069.1964543709594,1696.6641071130725,157.23787847533399,14.753254468074154,1117.0091215156885,1069.2264846523512,7.398154968474636,12.77240540771923,True,128.4914771010573,0.11871596544379842,True,0.00040099919166536324,114.99608255722939,-0.0002145067495220726,157.24215226199604,0.75
0.9448503733595376,3.9999,899.4964022725596,7.92515699381788,0.8500607145776722,30.06,0.2,14.789790552122152,175894010.0018937,241.44517904572515,1121.600734827298,12.779078604033332,8.606156590903883,0.16015885029660795,7.155108748313916,1072.1099791429897,1686.3449493141893,155.92951825740082,14.789131300712109,1121.6383523612863,1072.1415305412586,7.154797887533736,12.780518797492562,True,127.42997815571317,0.16066490284591076,True,0.0006592514100436375,114.01520089001198,-0.0005060525493028045,155.93646908856786,0.75
0.9597415651996932,4.0,899.9929888326645,12.53082204350521,0.8500229959471485,30.06,0.2,14.802556931437831,178658237.0279015,245.07985125648705,1113.841487593509,12.764188193853277,8.829095044063337,0.09577182714856916,7.584825230807422,1066.9664232789598,1713.6130542449491,158.25635200318106,14.802370775166827,1113.8735515181443,1066.9972742134228,7.584169701475544,12.766380795119279,True,129.31681186765454,0.09607412293407387,True,0.00018615627100437848,115.76303938883251,-0.0003022957855047109,158.2583422527701,0.75
0.9591053763090355,3.9996,899.9718059739517,16.225081159379904,0.8677773374584573,30.06,0.2,14.769315615765446,182268951.24771023,248.16195761276612,1110.8652907552778,12.761170629564143,8.91488191351657,0.07878204906734354,7.628222122037796,1066.7981250771024,1712.3006552979682,161.2096894858236,14.769806111850409,1110.8942087766254,1066.820802299008,7.627280698126296,12.762931316766212,True,132.221208980144,0.07899570342333144,True,-0.0004904960849625439,115.9407486326221,-0.0002136543559878995,161.20433581219024,0.75
0.9357224197383364,4.0,899.9118820673816,5.428423000535447,0.8500010199361341,30.06,0.2,14.770212263507636,174182511.08907655,239.4593618312756,1125.9573004448307,12.787701081094859,8.48227907699735,0.21330632997295956,6.911826499593406,1075.1102228559291,1670.6244124919133,154.6286033414596,14.769303462475422,1125.9925769052425,1075.143394651393,6.911542738523193,12.785790710845337,True,126.35945865569701,0.2136140407352903,True,0.0009088010322138018,113.09990317557859,-0.0003077107623307429,154.63811811882763,0.75
0.9401062985000074,4.0,899.9774091717175,7.179706862320708,0.8500002642319799,30.06,0.2,14.759869769300135,174998404.1475715,240.7560944627245,1122.985235935431,12.783058809271472,8.566433355368464,0.17585457697745954,7.067703070253484,1073.1897922529956,1678.545698854011,155.46338566396645,14.75914012278086,1123.0265101704445,1073.2219129277232,7.067417245160769,12.783439845222373,True,127.0387628265058,0.17636442353026308,True,0.0007296465192752066,113.71733163621869,-0.0005098465528035334,155.47107129587187,0.75
0.9391212180116743,3.9992,899.98349551585,6.906652387228906,0.8500006162531997,30.06,0.2,14.756953904160893,174815106.31033537,240.53113530410636,1123.4705722280992,12.78410962285291,8.552601328271805,0.18158146188301116,7.04243247341761,1073.5284198926224,1676.4878800160197,155.32615884500893,14.756201555200743,1123.5120531453415,1073.5606717184137,7.042144636536399,12.784123881937024,True,126.93097130555452,0.1820790611390854,True,0.0007523489601499733,113.60016399855184,-0.0004975992560742326,155.3340781915734,0.75
0.9597257594140982,4.0,899.9894310016563,12.223292890068446,0.8500000173907966,30.06,0.2,14.815282275165545,178650465.17794928,244.86181853538682,1114.35306885042,12.764421945995869,8.814453435309456,0.09897059731638982,7.559356751593532,1067.2598328230322,1713.584833105519,158.11432355289392,14.815059321039087,1114.3862511135972,1067.2906471200995,7.5587513277979665,12.76625786807689,True,129.20043622021413,0.09927362837659656,True,0.0002229541264586743,115.66138231517269,-0.00030303106020673765,158.11670303988242,0.75
0.9561936669099604,4.0,899.6692072502249,12.128123605725158,0.850000277432165,30.06,0.2,14.768517528197036,177993029.757225,244.70460915349796,1114.4656630725422,12.767291925802997,8.810657047520241,0.10015568529409716,7.543966278156404,1067.4594732254707,1706.8561335437714,158.02413511717737,14.768271498728767,1114.498465595609,1067.4896281417928,7.543378595916364,12.76887785059316,True,129.13279500139376,0.10044812186665002,True,0.0002460294682684605,115.5718141521042,-0.0002924365725528594,158.02676769296255,0.75
0.9579857279388055,4.0,899.762800853591,15.309591089107531,0.8644126931314339,30.06,0.2,14.767116851125815,181350283.85160127,247.3886720282219,1111.764872546883,12.762816607871095,8.888753329398476,0.08367977741904076,7.5992187586475515,1067.0666872359936,1710.1786719327224,160.53122944952676,14.767457597436755,1111.7912821029736,1067.0897864280582,7.598405855452464,12.763404986374917,True,131.5757125241471,0.08384699906317977,True,-0.0003407463109397213,115.8129595040748,-0.00016722164413901508,160.52752533025878,0.75
0.9364707077202835,4.0,899.2736633372261,5.87531887814936,0.8500002479118847,30.06,0.2,14.755793727479572,174321644.7937296,239.82924613777183,1125.0429261832637,12.786967129080942,8.50798198292895,0.20124495352495544,6.963380061642931,1074.4725391448715,1671.1389773216424,154.88944173693352,14.75498153201716,1125.0808623928883,1074.5063392549944,6.962963289389052,12.785611495682483,True,126.58314105316992,0.20162111381487446,True,0.0008121954624122907,113.24610508460191,-0.00037616028991901973,154.89796770502647,0.75
0.9371422401025294,4.0,899.9118820673816,5.218707596535858,0.8500006147293024,30.06,0.2,14.798612476755805,174446724.12425622,239.3623988518539,1126.3114692598358,12.786819655664244,8.472569964814138,0.21771010871102445,6.900173307886659,1075.2426771441692,1673.1593379267847,154.5659690908805,14.797681423127925,1126.345298350951,1075.2763121048197,6.899890939846666,12.78468944311662,True,126.30843919015634,0.2179816641901288,True,0.0009310536278803738,113.05395966169756,-0.0002715554791043462,154.57569420944154,0.75
0.9515800644335904,4.0,899.9021993689895,11.103407597180235,0.8500022961662029,30.06,0.2,14.752269157038207,177134640.0294312,243.8130511560409,1116.2799023535622,12.771483881384542,8.758166959152177,0.11314718940547606,7.435167080033159,1068.7557270058635,1698.9246114801635,157.44034163953825,14.751911146085762,1116.3116295629532,1068.785771862758,7.434716537723711,12.771726657353033,True,128.65256063286782,0.11339796922864386,True,0.00035801095244458736,115.16049052317308,-0.00025077982316779046,157.44416252525977,0.75
0.9612204301811577,4.0,899.9143784603333,15.37517868387033,0.864609650294031,30.06,0.2,14.810320043406291,182004085.43082887,247.54305982505744,1111.6872666746306,12.760215751141347,8.891509379271646,0.08290786554072124,7.612374509591903,1066.8987240295905,1716.1481680600045,160.63669167955348,14.810713817254326,1111.7149135253,1066.9227846483047,7.611486564768674,12.76099728533846,True,131.66440163075634,0.08308763039099805,True,-0.0003937738480352948,115.8786581943011,-0.00017976485027680622,160.63242081664987,0.75
0.962209267011449,3.9999,899.848024504642,16.474164206401397,0.869516691258789,30.06,0.2,14.811352168175862,183225334.6550362,248.52030021927607,1110.675019416577,12.7584939442099,8.920891249780812,0.07747892728052068,7.639655900886365,1066.6662352865574,1717.7931018988165,161.5366938749282,14.811894378300424,1110.7035536926885,1066.6884204503758,7.638690268202732,12.760705913318779,True,132.53730653559595,0.07770344025728915,True,-0.0005422101245624589,115.98299368368012,-0.00022451297676846782,161.53078059816087,0.75
0.9488167919736225,4.0,899.808275079812,8.990115185454789,0.8500062801327146,30.06,0.2,14.80260785635183,176621090.45708525,242.27074061226423,1119.8393662365847,12.775180506821002,8.656598111808655,0.14247321061948884,7.2517101774724,1070.9309655917693,1693.8699420253654,156.4478593438199,14.802047686400059,1119.8666538046268,1070.9621774384057,7.251388188174792,12.778063904336527,True,127.84507025096256,0.14292420473965928,True,0.0005601699517718828,114.42567036130167,-0.00045099412017043927,156.4537799699171,0.75
0.9404015208062573,3.9999,899.914544900674,6.738733240280096,0.8500157884788383,30.06,0.2,14.781539487464233,175056556.17346138,240.47243728353902,1123.722429359149,12.783213569284888,8.545719812745016,0.1841747447070976,7.034235897267687,1073.5946428399434,1678.9468683520265,155.2844125631155,14.780769695181764,1123.764114971931,1073.6272962468997,7.033945258275074,12.783063174700684,True,126.8950127551735,0.1846677056711108,True,0.000769792282468984,113.57742452836553,-0.0004929609640131893,155.2924998782448,0.75
0.9385189050562531,4.0,899.7282896270566,6.047007233471045,0.85001945842238,30.06,0.2,14.782072888290376,174706859.91756818,239.96914634759798,1124.8578568536107,12.78519262406048,8.513517986491212,0.19834270474334253,6.975148298726984,1074.3187184356239,1675.3821988484976,154.96505668898598,14.781228027793064,1124.8975134765594,1074.3515853198514,6.974858939171975,12.784125487911831,True,126.63759803196793,0.19876270525010492,True,0.0008448604973114726,113.33154831563006,-0.00042000050676238576,154.97391412996544,0.75
0.9403709676376398,3.9996,899.9917895504973,6.900361757539026,0.8500016626082983,30.06,0.2,14.774910944025018,175047959.6159078,240.56955059805318,1123.4703019715832,12.783129849529068,8.552807221293971,0.18127481226691686,7.04606887868899,1073.462417557932,1678.879832902773,155.34671037604258,14.774159510885985,1123.5119766898574,1073.4949660929856,7.045777606205967,12.783177993290009,True,126.9455532577441,0.18177669770463173,True,0.0007514331390332529,113.62399734030909,-0.0005018854377148718,155.35461151357467,0.75
0.9458657114625659,3.9995,899.8508466808104,9.207904875276036,0.8500002268148099,30.06,0.2,14.753191093906315,176070496.5188723,242.3162437282098,1119.507897170965,12.777295272052921,8.665529552292156,0.14004062396382627,7.25786672955035,1070.895271482792,1688.4682433205103,156.48049643598915,14.752644009366968,1119.5327779417944,1070.925725721328,7.257552260737116,12.780324464759289,True,127.8733225285963,0.14047157706406407,True,0.0005470845393471535,114.4429211996135,-0.000430953100237802,156.48629933208392,0.75
0.9357224197383364,4.0,899.9118820673816,5.5207630771100495,0.8500010199361341,30.06,0.2,14.76643785485832,174182511.08907655,239.52056938148775,1125.8001761654057,12.787627944181443,8.486682143079847,0.2112086361146292,6.919226372436974,1075.01987055922,1670.6244124919133,154.66812753433672,14.765540723884396,1125.836188653954,1075.0530125689695,6.918939178138958,12.78583189923294,True,126.39165914332669,0.2115345223037883,True,0.0008971309739251865,113.12891023816105,-0.0003258861891591025,154.67752492590435,0.75
0.9562839168172258,4.0,899.7305563957548,12.018680681950594,0.8500023324434581,30.06,0.2,14.7750566352227,178010259.916091,244.62497864019446,1114.6638015050933,12.767283439254145,8.805011348374748,0.10142127234109068,7.533835770860881,1067.5764686829443,1707.0951289837558,157.97073572611856,14.77479883899121,1114.6968715815524,1067.6066659225708,7.533266205512086,12.768748340673874,True,129.08824042882765,0.10171339133450134,True,0.00025779623149091435,115.53673821136681,-0.00029211899341066716,157.97349205876307,0.75
0.9480921881318317,3.9999,899.8065381848735,9.700187291054203,0.8500055676610387,30.06,0.2,14.76286675920336,176486058.40428874,242.7345811717852,1118.6459580236344,12.775204015201933,8.690322954885499,0.13218309066550624,7.307459020804771,1070.2802780051495,1692.5362253584328,156.7484248429365,14.762368345482928,1118.6670766508307,1070.310653623805,7.307114574482326,12.77367358955051,True,128.09069724305178,0.13227470509063077,True,0.0004984137204324668,114.64388392873343,-9.161442512453655e-05,156.75371705376403,0.75
0.9398864507031512,3.9996,899.9123780696899,7.0131935656282405,0.8500002572792303,30.06,0.2,14.762719513601635,174957478.60643548,240.63698505198482,1123.2614148730106,12.783423619323775,8.558608021381541,0.17901736790379583,7.0550444308360865,1073.3569633989605,1677.9119012808212,155.39294009122014,14.761977661866757,1123.3028458901258,1073.3892412329317,7.054749919021046,12.78359136894632,True,126.98463963149844,0.1795202557947913,True,0.0007418517348778408,113.65234542048638,-0.0005028878909954793,155.40074924286873,0.75
0.9536926029315763,4.0,899.9989028387972,11.372738395461925,0.8500097770786332,30.06,0.2,14.770500926180766,177529447.08699602,244.06260114359665,1115.8358045455516,12.769652207315247,8.77116422420789,0.1096756226746433,7.463790963626135,1068.408652062082,1702.8256574483385,157.59842166390445,14.770172101770235,1115.868699646368,1068.438845490408,7.46331627816752,12.770284449685132,True,128.7798954327196,0.10994719127290302,True,0.00032882441053061484,115.28270571087705,-0.00027156859825971935,157.60193023562232,0.75
0.9521399277754237,4.0,899.8534230972281,11.208395362297672,0.8500062155878121,30.06,0.2,14.754915652102099,177239674.68139893,243.90869697547768,1116.088245149682,12.77099525256215,8.763713304598799,0.11169134516013546,7.447072744439,1068.6128718346756,1699.8557362437436,157.50415002700518,14.75456576970774,1116.1203586175136,1068.642825901009,7.44661499107826,12.77137813932173,True,128.70568636742576,0.11194911248608605,True,0.00034988239435840285,115.20301060805193,-0.00025776732595059193,157.50788500165595,0.75
0.9471342753373111,4.0,899.8402674130689,9.593012220623738,0.8500024618909231,30.06,0.2,14.754705118110673,176307100.0561588,242.62826129839982,1118.8379679883233,12.775984065568135,8.684732650671403,0.13396963440849494,7.294194871316117,1070.4400987916356,1690.9038053189488,156.67751922409118,14.75421421963738,1118.8576143356381,1070.4709398345246,7.293820743309339,12.77429826739142,True,128.03153155690535,0.13403977278528684,True,0.0004908984732931998,114.59672974149447,-7.01383767919006e-05,156.6827321587715,0.75
0.9336716976056412,4.0,899.8998697515893,5.033147236978613,0.8500006838748475,30.06,0.2,14.75755462677887,173800705.3087197,239.1386658647788,1126.6312613742862,12.789527691443439,8.46310145354806,0.22312781065803783,6.873037621766934,1075.5990869423458,1666.9515108524956,154.42180966756368,14.756609205446491,1126.6621557550632,1075.6324089176217,6.872739446312114,12.787069665683727,True,126.1909418414834,0.2233300759942118,True,0.0009454213323785154,112.94772402329541,-0.00020226533617398457,154.43170311063122,0.75
0.9591482167922107,3.9999,899.9724162628463,16.396306652156696,0.868333878077125,30.06,0.2,14.766801867825018,182393994.33225027,248.3079375910001,1110.668160104985,12.760955398792001,8.920583459510325,0.07776777074487634,7.634623244666662,1066.7236608162887,1712.49274876902,161.33111125629844,14.767317425585382,1110.6969483309595,1066.7463032546184,7.633654936439865,12.762923720070416,True,132.3342155874375,0.07798558076020289,True,-0.0005155577603641603,115.97372200356259,-0.00021781001532654443,161.32547885171206,0.75
0.9362552260910285,4.0,899.8370429472405,5.684398556332615,0.8500001759627765,30.06,0.2,14.76639953899259,174281518.6832619,239.6510799894094,1125.5025482087829,12.787125458218359,8.495099405348544,0.20715505562801745,6.935819783733524,1074.8132604437135,1671.4816111825999,154.7548799999247,14.76552424313611,1125.539799374678,1074.8464120092788,6.9355193752199815,12.785544926862666,True,126.46364295261132,0.20751192425494552,True,0.000875295856481273,113.18743703679807,-0.0003568686269280752,154.764053822879,0.75
0.9473079630217838,3.9999,899.9109368279474,9.348029914614191,0.8500001472903493,30.06,0.2,14.767969349865954,176338951.48051658,242.45873730465047,1119.2688434746403,12.776032083457414,8.67254088476799,0.13766003957685852,7.273365501113829,1070.6888649135267,1691.2772924024587,156.56622634048347,14.767441347315197,1119.2916661999575,1070.7196023263784,7.273035259053424,12.77928761012702,True,127.93996361890507,0.1380797691716279,True,0.000528002550757023,114.5187736857454,-0.0004197295947693802,156.57182428835583,0.75
0.9357740229135748,4.0,899.27509987169,5.5207630771100495,0.8500010199361341,30.06,0.2,14.760622071524125,174192116.89786512,239.57267407456553,1125.6481320535731,12.787760938745306,8.490902864867,0.2092483449033243,6.932322649261383,1074.8554920162428,1669.8975910591041,154.72373022751208,14.759723342897294,1125.6835536490048,1074.8882424729263,6.932002912100551,12.78594699541865,True,126.44844800008461,0.20956163191030422,True,0.0008987286268311578,113.12422607448092,-0.0003132870069799121,154.73315145055096,0.75
0.9591482167922107,3.9996,899.7306711254683,16.396306652156696,0.868333878077125,30.06,0.2,14.763980830786839,182393994.33225027,248.32555961214698,1110.6161585264779,12.761067934878428,8.92205310804546,0.07751985942308191,7.639997437951788,1066.6704863262387,1712.0524340626134,161.3544818070745,14.764489442396155,1110.6447481389985,1066.692903302108,7.63903045412416,12.76302806888481,True,132.35956281928736,0.07773570688934864,True,-0.0005086116093160342,115.96599679285961,-0.0002158474662667248,161.34892341895807,0.75
0.9364707077202835,4.0,899.2736633372261,5.876009305446584,0.8500002353298559,30.06,0.2,14.755765346757464,174321642.21335396,239.82970554330905,1125.0417499800776,12.78696658534697,8.508014991801495,0.2012300453731155,6.963435765096078,1074.4718617375393,1671.1389773216424,154.88973777222677,14.754953223492373,1125.0796900115668,1074.5056611554803,6.963018992441077,12.785611802897934,True,126.58338203903078,0.20160630717964487,True,0.000812123265090392,113.24632350427827,-0.0003762618065293599,154.89826301508342,0.75
0.9597613325613056,3.9999,899.7540479069675,15.911318577892542,0.8658298267937942,30.06,0.2,14.774992453753695,181984272.41339874,247.92770977603848,1110.9817083905893,12.76099490335479,8.911577822696508,0.07935320400454074,7.637422333472399,1066.643188550949,1713.2985508738468,160.9581957693543,14.77542475070287,1111.010607188258,1066.6663073474663,7.636502462496251,12.762351513324491,True,131.96449665860226,0.07955341235568787,True,-0.00043229694917457095,115.96321311743623,-0.00020020835114713253,160.95348648091422,0.75
0.9463221739901511,3.9999,899.8370429472405,9.229477159362471,0.8500097847638243,30.06,0.2,14.75876120285724,176157446.66274542,242.35214307434933,1119.4588440657863,12.776883905892618,8.666998932664772,0.13951494062456332,7.261215483699032,1070.839078294257,1689.416192391313,156.50061889302535,14.758223601136788,1119.4834011233468,1070.8697901632702,7.260883771386087,12.779957749464137,True,127.88810261001328,0.1399441946023792,True,0.0005376017204525851,114.46404046433605,-0.0004292539778158744,156.50631978252554,0.75
0.9361516449832751,4.0,899.902158726138,5.19516533443154,0.8500006147293024,30.06,0.2,14.785639016737157,174262327.27808642,239.31840211262593,1126.3512156811644,12.787572247389468,8.47130887232472,0.21853479044962776,6.894902279064465,1075.3140156242632,1671.379140005851,154.53786921949882,14.784705572124773,1126.3845220166227,1075.3475005234552,6.894617991117641,12.785384340015554,True,126.28566423493916,0.21879418703201453,True,0.0009334446123840934,113.03273787768677,-0.00025939658238677277,154.54762609566578,0.75
0.9345863651101555,4.0,899.9998047295991,5.367143701669304,0.8500006147293024,30.06,0.2,14.757750968469875,173970954.27778983,239.3783332522363,1126.0849005173704,12.788563292136478,8.478542192868474,0.21533131212606588,6.901026161351691,1075.2507109284713,1668.7113192647178,154.5731693676813,14.756841125088588,1126.1194193914057,1075.2839353444642,6.9007356100923305,12.786547411162834,True,126.312568815976,0.2156208109663358,True,0.0009098433812866347,113.06576443626031,-0.0002894988402699361,154.58269968476483,0.75
0.9388981453123104,4.0,899.9403155791199,6.4001461409921525,0.8500009346006552,30.06,0.2,14.77486432523688,174773647.3329525,240.1990555325915,1124.303446161439,12.784576902109333,8.529162568990273,0.1914183139913431,7.0009713766033395,1074.0039485385273,1676.333663691016,155.10519476388325,14.77409021752041,1124.3445299237148,1074.0375623352925,7.000623433001055,12.783962532179661,True,126.74721524526764,0.1918812816011297,True,0.0007741077164702403,113.45184028732386,-0.0004629676097865909,155.1133217027582,0.75
0.9470796840642622,4.0,899.8369688615757,9.635906144392958,0.8500097847638243,30.06,0.2,14.752189586193426,176298456.82201713,242.65675009448842,1118.7666093233224,12.7759934235223,8.686749154296287,0.13337177093136066,7.297467771597354,1070.4019431456372,1690.8063443846977,156.69630667154442,14.751695307850191,1118.7867068414173,1070.432538115131,7.297106464083804,12.774357630409025,True,128.0471158032637,0.13344868885834332,True,0.0004942783432344555,114.60963429122472,-7.691792698266697e-05,156.70155702340136,0.75
0.9473079630217838,3.9999,899.9774543835158,9.348029914614191,0.8500001472903493,30.06,0.2,14.768668525265163,176338951.48051658,242.45277764664868,1119.284802407342,12.776013620623425,8.672093615880478,0.13779536140442983,7.271983856891551,1070.7056347762148,1691.3587973733527,156.5601939069619,14.768142558201195,1119.3076816875177,1070.7364625482348,7.271652298606917,12.779271332042471,True,127.93388886069562,0.13821612564417918,True,0.0005259670639681246,114.51888878595307,-0.0004207642397493494,156.5657697947351,0.75
0.9401062985000074,4.0,899.9772528544014,7.179706862320708,0.8500002642319799,30.06,0.2,14.759868149199976,174998404.1475715,240.75612088904367,1122.9851985658886,12.783058852019087,8.566434395816195,0.1758541749821677,7.067706272551048,1073.1897527056635,1678.545698854011,155.46340272822835,14.75913849976711,1123.02647268557,1073.221873173766,7.067420444271398,12.783439882371407,True,127.03877679653927,0.17636401866231083,True,0.0007296494328663528,113.7173440925044,-0.0005098436801431183,155.47108839251248,0.75
0.944498345373943,3.9999,899.9141986353739,7.92515699381788,0.8500002916386165,30.06,0.2,14.788835717984568,175815978.20747143,241.3985678276119,1121.6905098528289,12.7792315307899,8.603599167969264,0.16111515913670799,7.146118274567854,1072.2214627270919,1686.261138507828,155.88163613684426,14.788173229508585,1121.728545720635,1072.253227421158,7.145831393208201,12.780669402892604,True,127.38169849759576,0.16162840143303817,True,0.0006624884759833805,114.01686933001615,-0.0005132422963301797,155.88861940556552,0.75
0.9371760953145643,4.0,899.9695324283059,5.526375065654794,0.8500096534224097,30.06,0.2,14.78714523158845,174454881.27842328,239.56348205166907,1125.8028169074037,12.786533998346565,8.486829297186748,0.21084141474994014,6.9236547911514155,1074.9562325490701,1673.300559014243,154.69413103050033,14.786248831668823,1125.8393098514955,1074.9896332179915,6.9233734254625325,12.784789259492841,True,126.41201048000093,0.21117825966168946,True,0.0008963999196271999,113.15147157166814,-0.00033684491174931774,154.7035091904516,0.75
0.9561936669099604,4.0,898.2899116991658,12.128123605725158,0.850000277432165,30.06,0.2,14.753763840160566,177993029.757225,244.8261069796345,1114.1333774044658,12.767683235482508,8.820052569614177,0.09811019977183316,7.573163219935051,1067.1136603658058,1705.038388313146,158.1513570589429,14.753492425633548,1114.1650320974031,1067.1425602049428,7.572562693294042,12.769225625152302,True,129.26215169615165,0.09838754883296208,True,0.0002714145270186208,115.56395528348284,-0.00027734906112891755,158.15426651078894,0.75
0.959132492895737,3.9996,899.9718059739517,16.229918855279628,0.8677773374584573,30.06,0.2,14.76946355784297,182274104.49983624,248.1664879966813,1110.856779588284,12.761146667140743,8.915131044467508,0.07873608039402215,7.628754584314999,1066.7918228422095,1712.3490668180425,161.2126324904293,14.769954828217115,1110.8857026666924,1066.8145096820574,7.627811720541362,12.762913386233208,True,132.22361589054069,0.07894986001942353,True,-0.0004912703741446478,115.94287210614061,-0.00021377962540138074,161.20727032167514,0.75
0.9583296216875407,3.9999,899.9549294504064,18.565865297053936,0.8818591886177645,30.06,0.2,14.7599583657246,185076902.27939984,250.27001450479958,1109.3526725061013,12.759530123887831,8.958680516744696,0.07126953216723146,7.621763802397659,1067.105095563157,1711.0081841437066,163.3282964923869,14.76078844642927,1109.3686973441456,1067.1252172681473,7.620609419718304,12.758968472908231,True,134.34016870664652,0.07132228596406491,True,-0.0008300807046701664,115.92984579815305,-5.275379683344905e-05,163.3191116396985,0.75
0.9452737077685899,4.0,899.7303807336874,8.950455015454093,0.850000730778878,30.06,0.2,14.754952567016337,175960400.86355177,242.13771079500995,1119.9063303868738,12.777900069120363,8.654155171839037,0.1437396449012969,7.236577225051611,1071.1340434578017,1687.4404282139512,156.36445497380322,14.754386190136168,1119.9345217709415,1071.1647569579363,7.236254427379707,12.780596891093575,True,127.77827453864015,0.1441905381248498,True,0.0005663768801689173,114.3594362563698,-0.0004508932235529062,156.37045733886512,0.75
0.936365004730322,4.0,899.9318286060479,5.641396657578493,0.8500000222787433,30.06,0.2,14.770662102025714,174301922.1819243,239.6180334695953,1125.5980164585442,12.787052910262027,8.49244617618509,0.20836435105809437,6.930848784316879,1074.873721675946,1671.7964111249487,154.73034870076202,14.769781837714568,1125.6350914611353,1074.9069640741668,6.930555796693905,12.785425312095636,True,126.4419891455422,0.2087163625609764,True,0.0008802643111458508,113.17604432405311,-0.000352011502882027,154.73957047568794,0.75
0.9521556918658732,4.0,899.9021993689895,11.26463750077825,0.8500017345437506,30.06,0.2,14.753236851129891,177241674.76373106,243.9444510326503,1116.004503941251,12.770928977818386,8.766107259345933,0.11109000418097881,7.450856830013589,1068.5688876782492,1699.9523207064287,157.52516193731,14.752888887166721,1116.0367953062432,1068.5987572422666,7.450402821188233,12.77137938032801,True,128.7217682191751,0.1113512325617685,True,0.00034796396317027245,115.22268281347522,-0.0002612283807896937,157.5288773506142,0.75
0.9576680778976427,4.0,899.6692072502249,12.429553373956757,0.8500002781239708,30.06,0.2,14.775456303968483,178267487.7740691,244.96683946995418,1113.9472319542945,12.765947553508298,8.825717829999235,0.09669651570180161,7.575172201422905,1067.0892199958837,1709.488034930258,158.1934769543522,14.775244250851705,1113.9792955129471,1067.119481712569,7.57454081115167,12.767934439598536,True,129.27087804109982,0.09699245126208338,True,0.000212053116777966,115.69596142885436,-0.0002959355602817626,158.19574733440635,0.75
0.9621267157899317,3.9999,899.848024504642,16.474164206401397,0.869516691258789,30.06,0.2,14.810261261867115,183209615.12737495,248.51728295391226,1110.676109193389,12.758558171083255,8.92084679924173,0.07749256533375896,7.639299740025662,1066.6708505656304,1717.6457265577785,161.5347326706685,14.81080132027138,1110.704632348295,1066.6929873528265,7.638338020366034,12.760767117167891,True,132.53571630809301,0.07771696014171488,True,-0.0005400584042654089,115.98156664581924,-0.00022439480795591327,161.52884249713412,0.75
0.936845496290279,4.0,899.9118820673816,5.367143701669304,0.8500006147293024,30.06,0.2,14.788390842068669,174391485.9931209,239.4519985964532,1126.059140787881,12.78692082686238,8.47959298026117,0.2143658779166614,6.910995178605997,1075.1125192327183,1672.6295360896756,154.62382726501608,14.787521526259226,1126.0942114159343,1075.1471564909873,6.910622859959951,12.784966642610494,True,126.35519777612245,0.2146672368950345,True,0.0008693158094423836,113.09680082033074,-0.0003013589783731063,154.63291715457729,0.75
0.9596009935140956,4.0,895.574126779634,19.99825826903419,0.8963262680584024,30.06,0.2,14.769820382054599,188362687.55485466,252.2506718711395,1108.2633589953984,12.758169118061232,8.990333102306142,0.06621574062953951,7.639997586308867,1067.097743293882,1707.5254624158802,136.6415839982408,14.770694759725014,1108.2878208434427,1067.1135089307077,7.63881898104842,12.759561790319108,True,136.63349525550785,0.06636313656815879,True,-0.0008743776704154271,115.61717661563165,-0.00014739593861927414,136.63349525550785,1.0
0.9334955968849488,4.0,899.998253094878,5.0021457135544924,0.8500040406772901,30.06,0.2,14.75738450123204,173768610.8299686,239.1053054274716,1126.7084881891572,12.789655181014062,8.460921931064291,0.22425298532125962,6.867887966468791,1075.6641861038918,1666.7623838709164,126.16101074356169,14.75644405120147,1126.7390815979659,1075.6977616357597,6.8675794744996175,12.787157066454222,True,126.16905117159428,0.22444763510197727,True,0.0009404500305709718,112.93625425587732,-0.00019464978071764838,126.16905117159428,1.0
0.9569006275194847,4.0,899.9990488312014,15.300102325856503,0.8653186857835722,30.06,0.2,14.762450131890073,181334728.57747063,247.34541188442358,1112.0132545805736,12.763536111402306,8.881492199434273,0.08511751073486405,7.575261400527243,1067.3674029172223,1708.5522163941425,131.60905368306365,14.762795887413716,1112.0395626591585,1067.3900429312466,7.5744872395673655,12.764128125901204,True,131.60597130235342,0.08528707814113207,True,-0.000345755523643021,115.73944058207016,-0.0001695674062680147,131.60597130235342,1.0
0.9595321391669828,4.0,899.7335142100035,13.313941995716233,0.8510229980445512,30.06,0.2,14.771198628387,178829386.91233054,245.67604770643845,1112.6535324699655,12.763809839599395,8.86311296217309,0.08874437943632181,7.6400378922219145,1066.3495140917303,1712.9005534196267,129.713856924723,14.771147970947014,1112.6801363697116,1066.3803465155345,7.639208935198963,12.766927798550729,True,129.71430177653377,0.08903097786551706,True,5.0657439985002384e-05,115.96174592990468,-0.0002865984291952478,129.71430177653377,1.0
0.9565504343224023,4.0,899.9962519459343,19.34780008141311,0.8888862167351397,30.06,0.2,14.753031298891909,186205330.94209194,250.99818379063345,1109.2497206572318,12.760058187053414,8.961534549187313,0.07083595350429657,7.580651429704967,1067.703957047022,1707.9269441915394,135.2303182185038,14.75394241169094,1109.2735825805662,1067.7229587267088,7.579491656761859,12.76051327915495,True,135.22196722523654,0.07095892400203818,True,-0.0009111127990308887,115.77621656539691,-0.00012297049774161184,135.22196722523654,1.0
0.9593210989566844,4.0,899.9831081936427,18.256326824888788,0.8791345601061742,30.06,0.2,14.767248561414267,184695967.9749386,249.99506891621496,1109.4011135581907,12.759068345488759,8.957381605608816,0.07144771872009802,7.63787319082085,1066.8647523962634,1712.8539506535794,134.00501541842658,14.768038965755276,1109.4126648582603,1066.8853628192087,7.636729253507345,12.758108708023837,True,133.99784329854327,0.07146616112252385,True,-0.0007904043410089656,115.99722561767169,-1.844240242583617e-05,133.99784329854327,1.0
0.9591887652280433,4.0,899.9503510113224,19.858283783956622,0.8888786942824634,30.06,0.2,14.764377632418363,186717337.164871,251.49161975732306,1108.3252164765188,12.757746259856592,8.988636793649832,0.06649938345559195,7.638563019284568,1067.0180371923839,1712.574347290638,135.49794972748631,14.765405340235247,1108.3526136367375,1067.039033050616,7.637172289248348,12.758778229471885,True,135.48851874344638,0.06664831462316377,True,-0.0010277078168847709,116.00310101387669,-0.00014893116757182245,135.48851874344638,1.0
0.9602869784521311,4.0,899.9984666859698,16.531912288381918,0.87003607991308,30.06,0.2,14.788972056091671,182968516.97054046,248.494318694849,1110.7284611239115,12.759863499378458,8.91907652996878,0.07792109355576121,7.625392536318719,1066.848894296347,1714.598567734155,132.55667534607406,14.789520710106654,1110.7566810461005,1066.8709561775593,7.624434344630416,12.762094521205487,True,132.55175782686794,0.07814590271506988,True,-0.0005486540149828301,115.94256086798106,-0.00022480915930866985,132.55175782686794,1.0
0.9599627475775556,4.0,899.9996043687369,16.003193138867235,0.8658918677903907,30.06,0.2,14.776833542556401,182035506.34985986,247.98276748864728,1110.8924309492072,12.760693234458865,8.914201034132304,0.07886551468406773,7.63995353151954,1066.611927898362,1714.0196514251384,131.98906379774058,14.777286148915687,1110.9217025021424,1066.635396123764,7.639009480254358,12.762164621860816,True,131.98502116846285,0.07907064368015161,True,-0.0004526063592855678,115.99774632018443,-0.0002051289960838809,131.98502116846285,1.0
0.9590999780915673,4.0,899.9955363834,17.703945900468728,0.8771025387286757,30.06,0.2,14.773980067636714,184226590.35631123,249.5153966186716,1109.9933817807614,12.75967034904783,8.94022767915192,0.07429239673253298,7.618090156412149,1067.0603471081333,1712.4791709665315,133.60355951542414,14.774699159885973,1110.011713442548,1067.0809193572336,7.61703254143934,12.763379334749551,True,133.59705696108574,0.07450937038421387,True,-0.0007190922492590346,115.91833965758585,-0.000216973651680899,133.59705696108574,1.0
0.9595102856257816,4.0,899.9528925718282,17.231890634321537,0.873027620836284,30.06,0.2,14.769712747089656,183449141.58278474,249.06881959995886,1110.0690164655655,12.759881529362652,8.93801083097533,0.07469416510598678,7.639418601103493,1066.7428622324965,1713.1484027896786,133.07818172331827,14.770360037295227,1110.0932937820166,1066.764479063021,7.638367301912012,12.762941692640538,True,133.07234975961617,0.07491916705154394,True,-0.0006472902055705276,115.99646984034268,-0.0002250019455571628,133.07234975961617,1.0
0.9486142665041891,4.0,899.9795608325442,10.15857821320282,0.850000640005675,30.06,0.2,14.752617156394816,176582218.88709664,243.05446032619818,1117.9086222982608,12.774405640539031,8.711360952185057,0.12602001667845653,7.343680334577505,1069.8478222518818,1693.7370561276616,128.2452005065954,14.752166673555116,1117.9342999959606,1069.8781424998845,7.3433074685436655,12.773442447123365,True,128.24911669486661,0.12617816695491763,True,0.00045048283969961744,114.80534363133157,-0.0001581502764610998,128.24911669486661,1.0
0.946277013725113,4.0,899.7475694587822,9.355423208678545,0.8500158751565083,30.06,0.2,14.75206986071893,176150302.2226517,242.4460646891957,1119.2241820653724,12.776833372475226,8.67364027477242,0.13745999444295356,7.273068852143293,1070.6952592522696,1689.2566170801276,127.93626145282443,14.75153434444173,1119.246921494309,1070.7255609896586,7.272746500723646,12.780053041191346,True,127.94090584769566,0.13787614242879126,True,0.0005355162771998323,114.50515884150005,-0.00041614798583769486,127.94090584769566,1.0
0.9481363449872586,4.0,899.996433260539,9.617802243818003,0.8500001451643666,30.06,0.2,14.768952757692833,176493152.22065875,242.66457154737066,1118.827035425672,12.77516632680902,8.685208148507936,0.13369393541563632,7.296898509500745,1070.4023195120853,1692.903533641832,128.03873710829478,14.768454498685944,1118.847458250629,1070.4330991240151,7.296550480444204,12.773544212684538,True,128.04305688691485,0.13377474351116123,True,0.0004982590068891568,114.6215146604558,-8.080809552490908e-05,128.04305688691485,1.0
0.9357911983995812,4.0,899.9976742841261,5.425475483276062,0.850000558929424,30.06,0.2,14.772169272743374,174195219.59728247,239.45288485653427,1125.9825410211504,12.78762965441814,8.48158867292911,0.21361739206278746,6.910109510806501,1075.1312811701043,1670.8611951194264,126.34416234802711,14.771261325365575,1126.0178924375411,1075.1645470031895,6.90982847292789,12.78572020627483,True,126.35192836396693,0.21392664202643,True,0.0009079473777990898,113.10095649256733,-0.0003092499636425383,126.35192836396693,1.0
0.9358860621271814,4.0,899.9979536115147,5.812455063559962,0.8500000199337107,30.06,0.2,14.757668150152142,174212767.77529374,239.71239276706996,1125.3241254391291,12.787253542180085,8.500060808087845,0.20492314325714245,6.941487740562006,1074.7478382919944,1671.030574914345,126.48105039560477,14.756863326113939,1125.3622496705398,1074.7823633152175,6.941083094421434,12.785825247981556,True,126.48794854106333,0.20530140262636143,True,0.0008048240382034777,113.22444422600663,-0.0003782593692189806,126.48794854106333,1.0
0.936552150163488,4.0,899.9985290898629,6.08888909264111,0.8500000139637427,30.06,0.2,14.755632881812152,174336757.1145248,239.91608723011217,1124.85282096751,12.786543442882763,8.513385849571652,0.19875857119711154,6.966117196568274,1074.4435295299807,1672.2198793813045,126.58852664526671,14.754797873757763,1124.8925099456376,1074.4763702125126,6.965828406715156,12.785475646726978,True,126.59569058205842,0.19917970142772218,True,0.0008350080543895189,113.32039664805374,-0.0004211302306106335,126.59569058205842,1.0
0.9461825918717064,4.0,899.9874079309864,8.575138723952438,0.8500000648251509,30.06,0.2,14.78573587366034,176129449.43503958,241.88868381961626,1120.5972493477202,12.77743277368264,8.634757909057207,0.1499922100459168,7.2040042363243835,1071.5165046116374,1689.4009458373305,127.62984947597904,14.785139669383314,1120.6297788730924,1071.547983249846,7.203696345430149,12.779721624597702,True,127.6349960937206,0.15047624295090295,True,0.0005962042770253362,114.25368772589566,-0.00048403290498613694,127.6349960937206,1.0
0.934341441827205,4.0,899.9996378966072,5.15354070558454,0.8500063208119877,30.06,0.2,14.763082120768418,173926529.97758955,239.22993532317574,1126.4499988691446,12.78891250670544,8.46828204271322,0.2203994360386544,6.882969727162277,1075.4734883912583,1668.2726454479873,126.22693013761943,14.762150366806097,1126.4824569334041,1075.5068852933255,6.882677430391226,12.786625524931747,True,126.23489729954267,0.22063880965336646,True,0.0009317539623214799,112.99503802363307,-0.00023937361471207397,126.23489729954267,1.0
0.9402064233434154,4.0,899.7183180973904,7.173040115853519,0.850000130672288,30.06,0.2,14.758842618768956,175017014.63308668,240.77524987934228,1122.9341589963303,12.783060042159796,8.567867093347044,0.17528718321163614,7.072844868800353,1073.1254876438302,1678.3817198237673,127.05483404610113,14.758110179085648,1122.9752046458486,1073.1574165077352,7.072549934690139,12.783428070297354,True,127.06113973167213,0.17579179887677931,True,0.0007324396833077174,113.71411014767016,-0.0005046156651431766,127.06113973167213,1.0
0.941525802126617,4.0,899.9769968183401,7.568033996136051,0.8500048551166065,30.06,0.2,14.763464157258479,175263587.74936888,241.06163851704414,1122.3223604889206,12.781699232410713,8.585329251090588,0.16832632124821123,7.10444090781382,1072.738384236166,1681.080705478858,127.1940063968177,14.762771818469618,1122.3624278348036,1072.7702742667373,7.104152694005776,12.782601391664931,True,127.19997149235815,0.16884233073272453,True,0.0006923387888608801,113.861667024686,-0.0005160094845133023,127.19997149235815,1.0
0.9450415954510273,4.0,899.9897419984756,7.5981890983694145,0.8500039471649704,30.06,0.2,14.810804928256829,175917859.38757387,241.18864109613025,1122.2591529067631,12.779043999114075,8.5876440602548,0.1668963485279866,7.119835825789376,1072.5295090520513,1687.363706462128,127.26075435157613,14.810111651718344,1122.2991844437424,1072.5617748501234,7.11955768371078,12.780105446987456,True,127.26671155820202,0.16742008750100004,True,0.0006932765384846107,113.92192953792824,-0.0005237389730134434,127.26671155820202,1.0
0.9516785907976902,4.0,899.9976176364153,11.13690046815051,0.8500011389390633,30.06,0.2,14.753191298752137,177152739.3230148,243.83153635151703,1116.245606211843,12.771357863497187,8.759167176250486,0.11287984571445057,7.43635361907838,1068.7417987919828,1699.228236287408,128.65454163369395,14.752838738959056,1116.2775347793524,1068.771930842267,7.4358997921081516,12.771646027171835,True,128.65761618899683,0.11313390682292189,True,0.00035255979308068675,115.1739201625202,-0.00025406110847131513,128.65761618899683,1.0
0.9409202677420199,4.0,899.9982706996861,7.335950780719794,0.8500000104544421,30.06,0.2,14.76488201398524,175149870.16536984,240.88407410070806,1122.7221765088048,12.782325484615038,8.57396869340359,0.17277101429720412,7.082979828624159,1073.0004596792119,1680.0191813732124,127.09927177164748,14.764167074728231,1122.763118469702,1073.0325220511022,7.082694463820988,12.782924943030238,True,127.10542642016011,0.17328590072561614,True,0.0007149392570084956,113.77864768054795,-0.0005148864284120203,127.10542642016011,1.0
0.9393183579393184,4.0,899.9942004084849,6.121141640075995,0.8500004900745831,30.06,0.2,14.792731246029659,174851777.46735066,240.0203692674517,1124.7892169753777,12.78447058743116,8.51558461011674,0.1972588877370462,6.978936658147646,1074.2685651003596,1677.1449147103096,126.6440841976846,14.79189493297876,1124.8295742045564,1074.3016872718376,6.978659319489719,12.783526824149913,True,126.65124447707501,0.19769680135096812,True,0.0008363130508985961,113.3691247903767,-0.0004379136139219253,126.65124447707501,1.0
0.9389386681745227,4.0,899.996433260539,6.464259325686696,0.850000414774852,30.06,0.2,14.773365039992507,174781083.67794365,240.23880009654485,1124.2077266083083,12.784481229987396,8.531863033442818,0.1902510641548817,7.005155783330363,1073.9533467130552,1676.4810226180766,126.75883002339441,14.772565545227309,1124.2490031686266,1073.9860979663172,7.00487338520651,12.783948732296109,True,126.76569024146121,0.19072126235803824,True,0.0007994947651983608,113.47310985508364,-0.00047019820315655214,126.76569024146121,1.0
0.9462226408080413,4.0,899.9996534608755,9.2043407231219,0.8500001868721787,30.06,0.2,14.7601579599794,176136929.73182848,242.31908643662067,1119.536849147422,12.776919727217008,8.664788004448628,0.1402137315552189,7.2554661187827705,1070.9053396335275,1689.4866025385465,127.85644944320842,14.759618404772182,1119.5619423464532,1070.9361930304233,7.255141276585346,12.779964920559225,True,127.86112338606938,0.14064812720931477,True,0.0005395552072187115,114.45796305055129,-0.0004343956540958649,127.86112338606938,1.0
0.9507981640349932,4.0,899.9796707997734,10.603185384604958,0.8500006125644992,30.06,0.2,14.763575282844727,176988740.34179646,243.43319534530494,1117.1451979350463,12.772422594899194,8.733408135708157,0.11969331037873798,7.388989816050787,1069.3013033889247,1697.6363735903221,128.44503420773987,14.763166179442214,1117.1745888275875,1069.3315190974686,7.388589657050392,12.772054237686945,True,128.44859355943254,0.11990593539951268,True,0.0004091034025126561,114.9846017858724,-0.00021262502077469547,128.44859355943254,1.0
0.9373236244347167,4.0,899.992663375232,5.926138439437704,0.8500040378795689,30.06,0.2,14.77300880850045,174481191.045305,239.83094531458283,1125.1266734469223,12.786102605532195,8.505814403779155,0.20201619953822142,6.955914730459616,1074.5622614583751,1673.5833350550538,126.54438624260372,14.772161194106808,1125.1657508825472,1074.5954920031893,6.955618764589448,12.78485739103187,True,126.55164725484184,0.20241947934937515,True,0.0008476143936420044,113.279298059741,-0.0004032798111537339,126.55164725484184,1.0
0.948263986707973,4.0,899.9084461200985,9.92683233175371,0.850000902172579,30.06,0.2,14.756822037510837,176517069.60561356,242.88890419808263,1118.2842506789184,12.77486275582534,8.700629633094504,0.12913592692782883,7.324675547273296,1070.073393199786,1693.014016934121,128.16135563575702,14.756343817447435,1118.30774318283,1070.103665137306,7.324324492240619,12.773611121923285,True,128.16550905833756,0.12926221913740013,True,0.00047822006340147993,114.72339513974507,-0.00012629220957130483,128.16550905833756,1.0
0.9593038521416962,4.0,899.4073844631407,18.06355653122002,0.8790208730773534,30.06,0.2,14.76854466529894,184668763.58789545,249.8997499130056,1109.5697116405076,12.759361303833495,8.952471661555428,0.07225371718155651,7.634847170521799,1066.8947599464186,1712.061722852664,133.973518747153,14.76930090003113,1109.5826637141604,1066.9148211824265,7.633739628623164,12.763507655233054,True,133.9666588809511,0.07245383130341149,True,-0.0007562347321901086,115.9330910320545,-0.0002001141218549718,133.9666588809511,1.0
0.9595361192760374,4.0,899.973496188785,16.680866196866365,0.8697967161236169,30.06,0.2,14.770478009872498,182775153.00619692,248.5722098846757,1110.4387923701322,12.760378478030272,8.927286889612205,0.07655756595119964,7.639059790153159,1066.6919061086708,1713.2251491863324,132.58238558506784,14.771032879657396,1110.4667372624788,1066.7140726445086,7.638073466852871,12.762725023221668,True,132.57740516424215,0.07678128954812292,True,-0.0005548697848976047,115.99480472043354,-0.0002237235969232837,132.57740516424215,1.0
0.933629810844707,4.0,899.998253094878,5.0021457135544924,0.8500040406772901,30.06,0.2,14.75926281912672,173793594.52932295,239.10924916145564,1126.7082520657575,12.789556535427165,8.460948417898692,0.2242107714380921,6.868371578954143,1075.657317773372,1667.002023758091,126.16309160690616,14.758318268260094,1126.7388865053454,1075.6908192303313,6.868071053268715,12.7870620738704,True,126.17116620289653,0.22440641606859457,True,0.0009445508666257041,112.93808295855911,-0.00019564463050247838,126.17116620289653,1.0
0.9449177898837561,4.0,899.9897419984756,7.746819617204784,0.8500039471649704,30.06,0.2,14.802917614993246,175894813.19523752,241.28553774392375,1122.0075678938842,12.779021022270761,8.594722569336184,0.16428566336814915,7.131475413678468,1072.3909455994976,1687.1426526779592,127.31188089068802,14.802238352004718,1122.0467979924113,1072.4230203929358,7.131195039508502,12.78025957725977,True,127.31772313201886,0.1648063387598046,True,0.0006792629885286061,113.9678146119049,-0.0005206753916554563,127.31772313201886,1.0
0.9381252969035151,4.0,899.9990138329791,5.237702201114557,0.8500040406772901,30.06,0.2,14.812484046315827,174630421.58030352,239.39731939080875,1126.2986081193394,12.786054086505615,8.473083432486867,0.21724922161506888,6.9034337990151515,1075.1965667877414,1675.0287429895914,126.3150883651351,14.811610054479527,1126.3329810691037,1075.2318491778897,6.903050600100944,12.783978546043063,True,126.32254186651859,0.21753248257551708,True,0.0008739918363005472,113.07477752429016,-0.0002832609604482006,126.32254186651859,1.0
0.9571795440398487,4.0,899.4276512399135,12.21497536625333,0.850007661885623,30.06,0.2,14.775522475714654,178178096.21315354,244.8203280849106,1114.2547239887454,12.766542985346028,8.816824534658792,0.09869659630322399,7.560204443975412,1067.2638522368268,1708.2972292752158,129.20362268021123,14.775283414235165,1114.2872258185837,1067.2938831693493,7.559599798599419,12.768257672886369,True,129.20571317203647,0.09898886456923663,True,0.00023906147948871137,115.61461491287415,-0.0002922682660126408,129.20571317203647,1.0
0.9399953783810568,4.0,899.9998494374838,7.113444888420611,0.8500002206311855,30.06,0.2,14.761300927187385,174977747.67313856,240.7057064426413,1123.1033320212189,12.783186875331124,8.563092370555314,0.17719544458359598,7.061465607819403,1073.2658431147477,1678.3677854788561,127.005173287895,14.760585875004827,1123.144760552065,1073.298575777066,7.061139999461365,12.783484094904697,True,127.01132584356758,0.17770372652508562,True,0.0007150521825582956,113.69438059907371,-0.0005082819414896356,127.01132584356758,1.0
0.9562886219603856,4.0,899.9922592306939,12.529498209558078,0.8500005541287228,30.06,0.2,14.756174987252454,178010763.34639046,244.96208253015516,1113.869602163097,12.766842784637557,8.827750145332821,0.09637083349482616,7.571143009432351,1067.146956513477,1707.4451763454206,129.25152896051762,14.755969662128296,1113.9014751865554,1067.177195697629,7.570518428766139,12.768903304724905,True,129.25332745880945,0.09666789733557214,True,0.00020532512415805115,115.7087550713457,-0.0002970638407459869,129.25332745880945,1.0
0.9389805729174304,4.0,899.9765670759504,6.283900405670755,0.8500001324579085,30.06,0.2,14.78115797217952,174788826.08705354,240.1214887609476,1124.5092045309473,12.78459753006778,8.523396631993712,0.19389404309361286,6.991176415253106,1074.1223119713284,1676.5362355292077,126.69761231738923,14.780343135884095,1124.5500337231924,1074.1553308880177,6.990888250802672,12.783843640157201,True,126.7045971222825,0.1943475366515875,True,0.0008148362954241151,113.41689163866512,-0.000453493557974638,126.7045971222825,1.0
0.9395755089188826,4.0,899.9999188381153,6.7191780851353755,0.8500004769047421,30.06,0.2,14.771739765112615,174899642.77311513,240.42820319939497,1123.7736717577054,12.783807299821863,8.544163055769832,0.18495873793964665,7.028015479191773,1073.6724080748209,1677.6181058574166,126.85877044919467,14.771013210200431,1123.8153376604482,1073.7062112749607,7.027638594778056,12.78360828664403,True,126.865010363919,0.18544877773679572,True,0.0007265549121839854,113.56319283547597,-0.0004900397971490666,126.865010363919,1.0
0.9552332940084004,4.0,899.9997408402905,11.932559538164139,0.8500005738725203,30.06,0.2,14.767457715302417,177814320.7868204,244.50576993772668,1114.8815964562814,12.768072627526935,8.798644851031579,0.10297195782793693,7.5167649001752626,1067.782869781223,1705.5751817011924,129.0102517122821,14.767191145737025,1114.9148810675629,1067.8131420180036,7.516217316553549,12.769408756886003,True,129.01258053747242,0.10326370213954715,True,0.0002665695653920608,115.49318940025427,-0.0002917443116102203,129.01258053747242,1.0
0.9539982664613671,4.0,899.9990150099634,11.331627919020876,0.8500006404901655,30.06,0.2,14.776295453063915,177584437.37412176,244.04360646246755,1115.9008483153732,12.769449557685586,8.769356004860661,0.11009002897922868,7.461718764408098,1068.4305429909027,1703.3700320836595,128.76640200385881,14.775968645194855,1115.9337391178217,1068.4609361050489,7.461235833279023,12.77004380064133,True,128.7692499980889,0.11036057839948381,True,0.00032680786905991965,115.27435646437866,-0.0002705494202551312,128.7692499980889,1.0
0.9593393902958655,4.0,899.7475694587822,11.009675283584487,0.8500156907202715,30.06,0.2,14.859477832489839,178581836.41438702,244.01610333147914,1116.3452678240542,12.76567016489569,8.757495077952093,0.11250476861449467,7.461068188830856,1068.4004489534204,1712.5750594990893,128.76474128465196,14.859119525942175,1116.378308923765,1068.431280876992,7.4606114052772305,12.766061629854475,True,128.7678462633709,0.11277165638867785,True,0.00035830654766400016,115.24825706810824,-0.0002668877741831832,128.7678462633709,1.0
0.9572850001677716,4.0,899.9992660749774,15.576878285716866,0.8652301735023191,30.06,0.2,14.754897633427158,181389012.08620068,247.55795044452347,1111.5261945059863,12.763071302903718,8.895540042110891,0.08245050391232947,7.60187186989713,1067.056067124498,1709.2385162263981,131.71583762944533,14.755276402799756,1111.5538152138677,1067.0790789507057,7.601032697057894,12.763967273525928,True,131.71245647115197,0.08263371000895099,True,-0.0003787693725989527,115.8454939733715,-0.00018320609662152154,131.71245647115197,1.0
0.9431854236858597,4.0,899.9887182067386,8.114075522993593,0.8500006003788422,30.06,0.2,14.763787918142182,175571644.92757294,241.48100165477845,1121.3925584592375,12.780034384805159,8.611822699862781,0.15836130041233154,7.154939715849583,1072.1221519157045,1684.0495276105519,127.41477847765319,14.763145614188858,1121.4293564076204,1072.1536549359348,7.154646652648304,12.78165688548832,True,127.42032194501894,0.15886674267425568,True,0.000642303953323875,114.06067970975951,-0.0005054422619241439,127.42032194501894,1.0
0.9569006275194847,4.0,899.9990488312014,15.444054547918999,0.865204964057608,30.06,0.2,14.755358321016375,181310897.24382457,247.44698794454473,1111.7501614114462,12.76345277112214,8.88904448385302,0.08369033627441921,7.589262383159723,1067.2036211513544,1708.5522163941425,131.65500382440214,14.755720078236857,1111.777145135693,1067.2264901250473,7.588452554325788,12.764193186065421,True,131.65177611691016,0.08386664862910044,True,-0.00036175722048170655,115.79521182763457,-0.00017631235468122675,131.65177611691016,1.0
0.9550541802347507,4.0,899.9989898378136,12.15105981101632,0.8500001319506019,30.06,0.2,14.755763015393821,177780886.77007583,244.65360310649126,1114.5162078684418,12.768053887859871,8.809060591650809,0.10061142355358785,7.534340911102579,1067.5805159387735,1705.2553729079332,129.08822223605165,14.755522089612708,1114.549119181029,1067.6108142616422,7.533759132198338,12.76963551273448,True,129.0903299676918,0.10090564616755163,True,0.0002409257811137877,115.56327313879947,-0.00029422261396377936,129.0903299676918,1.0
0.9360431774374887,3.9998,899.8007838863841,5.628629504194497,0.8500005529576464,30.06,0.2,14.765205486630265,174242123.6484861,239.60800333212592,1125.5936649149626,12.787362305215856,8.492505279344567,0.20841298912591316,6.931454856401799,1074.874493385027,1670.9815092062486,126.43778631622969,14.764318679837542,1125.6304221441796,1074.9074635318827,6.9311651635864875,12.785705414903273,True,126.44538069902468,0.208758072848274,True,0.0008868067927227941,113.16262263310124,-0.00034508372236083384,126.44538069902468,1.0
0.9431854236858597,4.0,899.9887182067386,8.012060866865113,0.8500006003788422,30.06,0.2,14.76802058507895,175571644.92757294,241.41179071038184,1121.5651771267478,12.780113049413938,8.606947568181543,0.16010308485180638,7.146627497807042,1072.2215210902216,1684.0495276105519,127.37826008867809,14.76737338688971,1121.6027236559385,1072.2532541184476,7.146327434067699,12.781612150221862,True,127.38384259662436,0.16061253791368985,True,0.0006471981892399725,114.02794811375747,-0.0005094530618834636,127.38384259662436,1.0
0.9474047701600093,4.0,899.9983243641103,8.444750505707512,0.8500033410711288,30.06,0.2,14.808075762267228,176357634.5230549,241.83718693483544,1120.814941044224,12.776610506755564,8.628788269949094,0.1518387638783953,7.197705711968268,1071.583176604581,1691.5973020890374,127.60240523555267,14.807465619271078,1120.84867884869,1071.6149134515513,7.197406937794638,12.778788120476632,True,127.60766310451203,0.15233276862628123,True,0.0006101429961500315,114.22952383032342,-0.00049400474788594,127.60766310451203,1.0
0.9390971067580205,4.0,899.9982542068461,6.2479198480835025,0.8500038598870877,30.06,0.2,14.784509929591227,174811285.14353904,240.09872412010486,1124.5759363130055,12.78453331140583,8.52154140750621,0.19467994566785737,6.988204598311927,1074.1577528140244,1676.7639157265276,126.68516332493225,14.783674039671016,1124.6166999234931,1074.190385471711,6.98795255722634,12.783739549772333,True,126.6923262839355,0.19513104868665546,True,0.000835889920210775,113.40639783616936,-0.00045110301879808246,126.6923262839355,1.0
0.9459999720209851,4.0,899.9874079309864,8.763415044886406,0.8500006808609294,30.06,0.2,14.775385227801193,176095582.84558776,242.01150847525108,1120.2799642255904,12.777425867829512,8.643707562627096,0.14703583147789376,7.218711537754942,1071.3428893653074,1689.0748796518103,127.69470024248386,14.774805108358182,1120.3104963460903,1071.3741354399074,7.218401050569247,12.779934465112738,True,127.69971406011712,0.14750640465360776,True,0.0005801194430112844,114.31179441513396,-0.0004705731757140008,127.69971406011712,1.0
0.9464779437151982,4.0,899.9997092401072,9.335000401667402,0.8500002352373398,30.06,0.2,14.75819097560056,176184463.74136385,242.41677969725737,1119.3149085719426,12.77662876469685,8.671117782619504,0.13820337491427775,7.267173490604175,1070.7649749017328,1689.9424475190287,127.90799943326847,14.757659700719321,1119.3381536113384,1070.7956407649904,7.266851159578504,12.779839500050741,True,127.91260411372501,0.13862566514595207,True,0.000531274881238275,114.50417558353236,-0.00042229023167431046,127.91260411372501,1.0
0.9495004839999637,4.0,899.9849584883381,10.425842068850201,0.8500000064429291,30.06,0.2,14.753486140011645,176747054.35857707,243.267102442626,1117.453875911744,12.773535616797094,8.72442672017732,0.12227795980875374,7.369123213206468,1069.5430005655767,1695.3193846518927,128.35735375250692,14.753112461859061,1117.4818022947188,1069.5745399369594,7.3686310072895225,12.772916681270821,True,128.36060488605213,0.12246865992213463,True,0.000373678152584489,114.90649755657387,-0.00019070011338089,128.36060488605213,1.0
0.9593689527602938,4.0,899.4263936854906,19.51517554863379,0.8884446161035974,30.06,0.2,14.773338403247736,186661213.44365513,251.27335349180868,1108.7066832974397,12.757961355895254,8.977600210867784,0.06816959286961702,7.626444849613367,1067.1472572662583,1712.2047102427903,135.3750599912426,14.774282417825237,1108.732067501291,1067.1667012328724,7.62518959355246,12.758635625813964,True,135.3664100936403,0.06830187978649785,True,-0.0009440145775005959,115.90694339816838,-0.0001322869168808305,135.3664100936403,1.0
0.9583867550859951,4.0,899.9084461200985,13.195078005284872,0.8500004566420905,30.06,0.2,14.754965836662084,178401305.18096393,245.5125702774938,1112.7157346177114,12.764790571212474,8.861133353940147,0.08924789773548869,7.637377401251722,1066.3702761202055,1711.0870314051922,129.5457120450196,14.754908983552221,1112.743894217056,1066.402522588492,7.636494682279762,12.767684244963231,True,129.54621120611964,0.08953583966442077,True,5.685310986258685e-05,115.96635907137417,-0.0002879419289320839,129.54621120611964,1.0
0.9592948339202808,3.9999,899.7257921832953,17.7674588631888,0.8767330014952948,30.06,0.2,14.768078053180648,184186385.44726852,249.5825093502076,1109.7562735986346,12.75959610259832,8.947058650071085,0.07316222893191804,7.6356402064847115,1066.8523809809983,1712.4284204289631,133.62778496004552,14.768798611255498,1109.7741597440865,1066.8730511772337,7.634552365697958,12.76335160975935,True,133.62126536545887,0.0733754077636915,True,-0.0007205580748497198,115.96124398474873,-0.00021317883177346397,133.62126536545887,1.0
0.9522176034624659,4.0,899.7128597220245,10.592340360290985,0.8500001702809658,30.06,0.2,14.780434300128942,177252873.2703955,243.49446113501952,1117.0892337922407,12.771427783984617,8.735198566678584,0.1190649119607814,7.399257523320405,1069.1697818385417,1699.8159573543614,128.489994903636,14.78002411695951,1117.1187414167096,1069.1999854345418,7.398846950299485,12.771083953942442,True,128.49356082700209,0.11927872962726369,True,0.0004101831694320879,115.00090030801744,-0.00021381766648229106,128.49356082700209,1.0
0.9441090639357291,4.0,899.9907475761469,8.357172137539074,0.8500002520909696,30.06,0.2,14.766401714721894,175743506.27554852,241.67463997039556,1120.9772956633772,12.779155303821627,8.623696760785165,0.15406291730304014,7.178232121556526,1071.8377548595824,1685.6986793970543,127.51692491132083,14.765784759194448,1121.0120582787995,1071.869200866024,7.177929283616134,12.781104759805139,True,127.52225292286576,0.15455789884724166,True,0.00061695552744645,114.1523870475298,-0.0004949815442015226,127.52225292286576,1.0
0.9432283626031348,4.0,899.9999518775206,8.219921679841654,0.8500000458795641,30.06,0.2,14.760098717112886,175579523.36166453,241.55322716869185,1121.2159000324546,12.779917748298624,8.61682080701462,0.15658836447923474,7.163507833149486,1072.0195650288852,1684.1402995721087,127.45234398018623,14.759471722742198,1121.2518774494874,1072.0511004501182,7.1632021582852605,12.781669968503145,True,127.45775825948482,0.15708928381034762,True,0.0006269943706875836,114.09546890920703,-0.0005009193311128757,127.45775825948482,1.0
0.9593244834629341,4.0,899.9884451390253,17.963598060411304,0.8772657121665403,30.06,0.2,14.766615782728003,184303994.93870327,249.7221702978018,1109.5769341805633,12.75933998829052,8.952268309345623,0.07229699940782529,7.639418837167391,1066.8156701981818,1712.865681159075,133.7263520032299,14.767402689882527,1109.5928480913544,1066.8374751937931,7.638227977422719,12.763325284705957,True,133.71922615819474,0.07250578404525276,True,-0.000786907154523675,116.00294413960705,-0.00020878463742747544,133.71922615819474,1.0
0.9516976332048807,4.0,899.9996212925425,10.931862008046254,0.850000079461516,30.06,0.2,14.762110831329515,177156063.20736343,243.68892463636342,1116.5904419273015,12.771492575301593,8.749343917062756,0.11539239265006869,7.419374775361003,1068.9398950099644,1699.2622366277515,128.57921871128525,14.761737053346689,1116.6216639140257,1068.970097312073,7.418942023768649,12.771541091274447,True,128.58247443117986,0.11563377155588714,True,0.0003737779828263399,115.10645020518356,-0.00024137890581844845,128.58247443117986,1.0
0.9400074532768568,4.0,899.9997205925242,6.925534799213778,0.8500000243806757,30.06,0.2,14.769212851767511,174979954.9843771,240.5798205307267,1123.4218635741533,12.783324723379549,8.554126507500388,0.1807947021519509,7.046310081697615,1073.4484945893078,1678.389345282861,126.93873741220428,14.768461489249738,1123.4635293196375,1073.4809715414012,7.046020820240175,12.783392561605282,True,126.94519556692909,0.18129686166428083,True,0.0007513625177733019,113.6346249637976,-0.0005021595123299305,126.94519556692909,1.0
0.9638382220193187,4.0,899.9994321502467,15.589217867534098,0.8657523360602604,30.06,0.2,14.845207345931842,182740951.5406738,247.81587866791114,1111.5184347059476,12.757949986418234,8.896811624562911,0.08170933289205573,7.622991256400784,1066.780119742697,1720.9393359322094,131.89029434767508,14.845627021446772,1111.5474972725594,1066.8034633409716,7.622121314190708,12.759108934485457,True,131.88656590110193,0.08190865029878343,True,-0.0004196755149301623,115.9293127668092,-0.0001993174067276976,131.88656590110193,1.0
0.9584961217656963,4.0,899.9999847133944,15.926665369176725,0.8658918677903907,30.06,0.2,14.760743831154004,181757393.50333402,247.87379742845837,1111.0399618297936,12.761876406250362,8.909726090681595,0.07976919755593663,7.62710801193604,1066.7690028763188,1711.400981618255,131.93106437958755,14.761180102099392,1111.0688224764947,1066.7922661226419,7.626190562285444,12.763215704987223,True,131.92716511883845,0.07996955469863282,True,-0.0004362709453875624,115.94663230961993,-0.00020035714269618643,131.92716511883845,1.0
0.9449303784810721,4.0,899.9913861012649,7.894415595048988,0.8500251379416569,30.06,0.2,14.797135456191803,175901541.6938732,241.38621393155896,1121.7618510883597,12.77889504175738,8.60166003233213,0.16174537657500412,7.143185833266378,1072.2511357273133,1687.1651295110726,127.36650150099626,14.796474782508135,1121.8001694841564,1072.283121892048,7.142895331160096,12.780314995684908,True,127.37218851070362,0.1622621601887297,True,0.0006606736836687332,114.01402542085533,-0.0005167836137255633,127.37218851070362,1.0
0.9339711413143245,3.9999,899.9608943616239,5.196723839172415,0.8500063534791139,30.06,0.2,14.75567373849335,173857605.66636124,239.24940286106374,1126.370152448434,12.789174258173894,8.47045711235598,0.21940847597495997,6.885942126273346,1075.4428065553814,1667.5260700362005,126.24025806775619,14.754751262976601,1126.402870553813,1075.476179607245,6.885638533908406,12.786929278403528,True,126.24815068114017,0.21965465093303083,True,0.0009224755167487331,113.00125217992357,-0.00024617495807086054,126.24815068114017,1.0
0.9486713021113838,4.0,899.9988168093539,9.77849574847238,0.8500005622069644,30.06,0.2,14.769534787705233,176592819.76231694,242.79198231976557,1118.5533342680785,12.774640924259854,8.693058349075546,0.13129385255649856,7.312150691803808,1070.2187768310498,1693.858703022867,128.10599339932207,14.769047957444355,1118.5756218610009,1070.2493834939432,7.311802626308565,12.773227158718663,True,128.1102161409887,0.13140195266640717,True,0.0004868302608773689,114.68176617877685,-0.00010810010990860985,128.1102161409887,1.0
0.9594201581903831,4.0,899.7391893803582,12.50191423317298,0.8500116027457894,30.06,0.2,14.796673766191368,178596012.50137714,245.07108293753382,1113.8295133890529,12.764529422799363,8.829367046692344,0.09574991823916627,7.586659162562196,1066.94567447055,1712.7081583820177,129.3215445314529,14.7964760845691,1113.86146572911,1066.9762089894455,7.5860106817472,12.76666787918062,True,129.3232722734214,0.09604907161253241,True,0.00019768162226796449,115.74781066411242,-0.00029915337336614,129.3232722734214,1.0
0.9594301975366651,4.0,899.7391893803582,13.034906369911837,0.8500149225831619,30.06,0.2,14.774036327269268,178598578.86378577,245.4496660152431,1112.9361129618048,12.764146524618864,8.854964028326474,0.09040789682483369,7.631507734723092,1066.4298951086184,1712.7260801133211,129.5215579360687,14.773900247976623,1112.9652075587567,1066.460542540263,7.630768574798549,12.766894559931515,True,129.52275093193916,0.09069934260842254,True,0.00013607929264480845,115.92691508330395,-0.0002914457835888479,129.52275093193916,1.0
0.9593689527602938,4.0,899.754329426225,19.65613640832181,0.8883911429188078,30.06,0.2,14.77017263226506,186649978.78774232,251.3477077741663,1108.537031358283,12.757796142610596,8.982521925674845,0.06741585707156379,7.632668289670345,1067.076142740195,1712.6278332513082,135.3959260387168,14.771147974210612,1108.5633920632931,1067.0961976701208,7.631365004386648,12.758612977980084,True,135.38698581781094,0.06755550755407412,True,-0.0009753419455513779,115.96072195635537,-0.0001396504825103284,135.38698581781094,1.0
0.9499974636660481,4.0,899.9869780776272,8.834383588649933,0.850000402315098,30.06,0.2,14.827117011072584,176839648.1952772,242.18618363755635,1120.1381679772114,12.774358777378772,8.648331153286616,0.14497118504379078,7.239822004493431,1071.064784466414,1696.2123668811905,127.78684588265132,14.826544064858824,1120.1673961369086,1071.0964474093173,7.2395119536415,12.777105993198862,True,127.79178398482783,0.14543909896325571,True,0.0005729462137598063,114.39439965272852,-0.0004679139194649351,127.79178398482783,1.0
0.9357911983995812,4.0,899.2489395480421,5.425475483276062,0.8500000992560394,30.06,0.2,14.764482726567836,174195125.39392537,239.5120035896065,1125.8038322235475,12.787830815911532,8.486539052358165,0.2113062139834186,6.9252868265339735,1074.9409800297396,1669.8944962980556,126.40987009642448,14.763575364458786,1125.8384721409584,1074.9738551841303,6.924961814458697,12.7858985550141,True,126.41763918511093,0.21160031331086304,True,0.0009073621090500694,113.09436440449558,-0.00029409932744445255,126.41763918511093,1.0
0.9481363449872586,4.0,899.9926113408153,9.67477500606473,0.8500001472277947,30.06,0.2,14.766525991409974,176493152.64910683,242.70349177185938,1118.7300249019122,12.77512456178493,8.687960752135119,0.13287108178517343,7.301669016399017,1070.3459937456869,1692.8893553575451,128.0597796121857,14.766030741792633,1118.7510530953666,1070.3766653597938,7.30132248951602,12.773570585426533,True,128.06407471071006,0.13296087310366653,True,0.0004952496173409315,114.63941706114932,-8.979131849309874e-05,128.06407471071006,1.0
0.9501261506432763,4.0,899.9795608325442,8.816453516114604,0.850000640005675,30.06,0.2,14.829553437108705,176863652.41114014,242.1788507005666,1120.1661062020628,12.77427734667323,8.647559345292326,0.14520518971832375,7.238991147462375,1071.0737048445742,1696.4365033965505,127.78319404164957,14.828976680901263,1120.195534762652,1071.1053436144905,7.238685625479166,12.777007680527785,True,127.78816402386454,0.14567462464948494,True,0.0005767562074421306,114.39068667670207,-0.0004694349311611945,127.78816402386454,1.0
0.9407526569111603,4.0,899.9982705381694,7.44343098470495,0.8500000117544466,30.06,0.2,14.758128384413919,175118670.11127,240.9513783869482,1122.5407699857938,12.782366783943708,8.579056326458012,0.17083700405499333,7.091069863326304,1072.9043534788661,1679.7199111581858,127.13478407325864,14.757424261341415,1122.5813262208098,1072.9362813902721,7.0907822195531685,12.783091449823884,True,127.14085007320541,0.17135189080964916,True,0.0007041230725040037,113.81052831374278,-0.00051488675465583,127.14085007320541,1.0
0.9592825541914977,4.0,899.0366154904597,12.55292116888615,0.8501085759076351,30.06,0.2,14.785855430894598,178590769.64142743,245.16714664398845,1113.5938534417105,12.76479359433833,8.836040341489465,0.09435887625730387,7.603808128814348,1066.7465623747257,1711.533454810512,129.4123658124165,14.785651885222695,1113.6249359322214,1066.7763933933436,7.603146830428884,12.766967803768248,True,129.41414735895611,0.094650004604765,True,0.0002035456719031714,115.75299928503233,-0.0002911283474611309,129.41414735895611,1.0
0.9593632278056349,4.0,899.9927265114818,17.171770803202715,0.8729627988527863,30.06,0.2,14.770358610696794,183407406.59695998,249.0131967808008,1110.1709829406047,12.760023532624208,8.935051948990875,0.07520151128591644,7.6336806072035905,1066.8089841477452,1712.9348588524365,133.04208842789205,14.770997626123172,1110.1956340004472,1066.830539711737,7.632645639705539,12.763014959525956,True,133.03633282837097,0.07542746712119536,True,-0.000639015426378009,115.97686395242982,-0.00022595583527891538,133.03633282837097,1.0
0.9612586313606727,4.0,899.9996043687369,15.589217867534098,0.8657523360602604,30.06,0.2,14.811013655726276,182251868.5796777,247.72322390977283,1111.550061180755,12.759954834489143,8.895494461083736,0.08214673633588172,7.612019799616233,1066.922960208752,1716.3334602430648,131.8409824819897,14.811418744088465,1111.5785906214596,1066.9460478762776,7.611167971979785,12.761024239416153,True,131.83737666619407,0.08234080410740859,True,-0.000405088362189332,115.88584724357875,-0.0001940677715268624,131.83737666619407,1.0
0.9357911983995812,4.0,899.9976742841261,5.509798148775479,0.850000558929424,30.06,0.2,14.768722411352803,174195219.59728247,239.50877059131108,1125.8390518563751,12.787562852967,8.485609420087268,0.21169822145619363,6.916866223021438,1075.0487668189535,1670.8611951194264,126.37364972025823,14.767901056032809,1125.875077759806,1075.0839983248375,6.916432220600137,12.78575782412131,True,126.38067832026786,0.21202304203297653,True,0.0008213553199940549,113.12809227104322,-0.00032482057678290266,126.38067832026786,1.0
0.9417613223838927,4.0,899.9986501982505,6.776445309931287,0.8500002365406353,30.06,0.2,14.799638069004205,175306476.93666735,240.53321808983915,1123.6685171482388,12.782136423625158,8.547449413010568,0.18321838449252265,7.040771803121101,1073.5031571995685,1681.5208898381816,126.91416321849778,14.798870939318922,1123.71045749154,1073.5360294000714,7.040487945035889,12.782078623882212,True,126.92074207322844,0.1837197387209823,True,0.000767129685282697,113.61247601661071,-0.0005013542284596495,126.92074207322844,1.0
0.9357911983995812,4.0,899.9983171334934,5.255446910113489,0.8500000436049713,30.06,0.2,14.779120995740515,174195113.98905045,239.3401757418555,1126.2720626134396,12.787764400004033,8.473479040756754,0.21754139628893324,6.896488025766874,1075.2977765898327,1670.8611951194264,126.28465670246307,14.778298449431215,1126.3059240843706,1075.3339282497163,6.896002753489985,12.785644085607247,True,126.29168558868074,0.2178126504459791,True,0.0008225463092994545,113.04849015317475,-0.00027125415704587486,126.29168558868074,1.0
0.9550541802347507,4.0,899.9438756689882,11.862962198799597,0.8500006832263555,30.06,0.2,14.767407511591166,177781002.07157832,244.45592181253974,1114.9864740122514,12.768275267013092,8.795616211957956,0.10369291552386437,7.511410153107669,1067.8457955295203,1705.1837652605311,128.98651637207186,14.767181546769535,1115.019765543907,1067.8772471229265,7.510773467369653,12.769522747675248,True,128.98849010111908,0.10398208143739729,True,0.00022596482163095288,115.46743171142066,-0.00028916591353292387,128.98849010111908,1.0
0.9601779167544011,3.9999,899.9720244621301,16.841970345952685,0.8709951347576912,30.06,0.2,14.780711940884695,183149403.12270835,248.7461918553586,1110.3701713806354,12.759725692024796,8.929391403725894,0.07613472795817539,7.63817378859563,1066.7219549763577,1714.3307747485042,132.7618751590484,14.781303387783328,1110.397191555304,1066.7439558702422,7.637164522049922,12.762317441374051,True,132.75656293472963,0.07636122677796596,True,-0.000591446898633663,115.98962892062897,-0.0002264988197905743,132.75656293472963,1.0
0.9360431774374887,3.9998,899.9794670163953,5.628629504194497,0.8500005529576464,30.06,0.2,14.767040308847738,174242123.6484861,239.59384770909082,1125.636302676612,12.787314238360029,8.491323604084485,0.20895486772224917,6.9278313309582575,1074.9198733825767,1671.212110638291,126.42207627179226,14.766155482039,1125.6732292766542,1074.952995877814,6.927547944919116,12.785662829208624,True,126.42965181455543,0.20930360148043994,True,0.0008848268087380262,113.1641958945354,-0.0003487337581907779,126.42965181455543,1.0
0.9464284524827424,4.0,899.9991228052319,9.073029386070669,0.8500007995882011,30.06,0.2,14.768452330256391,176175368.04437417,242.23576239761383,1119.7573442217304,12.776864523169792,8.658571879438547,0.1421551808577884,7.245484099310573,1071.0222470116826,1689.8540806056078,127.81252814011663,14.767898799847057,1119.7841141171268,1071.0531901017487,7.245168129689554,12.77976089443489,True,127.81731880952589,0.1426012114456418,True,0.0005535304093342575,114.41844358808794,-0.00044603058785341876,127.81731880952589,1.0
0.9450141993034312,3.9998,899.9966800435561,8.415714191278331,0.8500005561468075,30.06,0.2,14.776303459505327,175912057.85312316,241.73999035307986,1120.879509179837,12.77845729292203,8.62659379886729,0.15293608084314259,7.186480256785494,1071.7400236960498,1687.2514073286786,127.5536911915463,14.775691692480317,1120.9136718830102,1071.7714932260337,7.18617872072861,12.78051029022041,True,127.55897237525082,0.15342891399401665,True,0.0006117670250098683,114.18101797782904,-0.0004928331508740613,127.55897237525082,1.0
0.9460330198403645,4.0,899.9797889333357,8.763415044886406,0.8500006808609294,30.06,0.2,14.775757990714792,176101734.61639908,242.01347770057703,1120.27796049519,12.777403132739664,8.643768705617418,0.1470114233118618,7.218995442543585,1071.3392400242471,1689.1282775335583,127.6959395685218,14.77517937463219,1120.30847183296,1071.370519125325,7.218681816169646,12.779912710267395,True,127.70094031487105,0.14748177335125368,True,0.0005786160826026787,114.31253738570598,-0.0004703500393918869,127.70094031487105,1.0
0.9583548784910458,4.0,899.9997460274611,19.45375124405209,0.8883365542211453,30.06,0.2,14.768121350314981,186441228.71793333,251.13102041049518,1108.9480885953583,12.758627774133416,8.970510899040441,0.06931598607741071,7.605866721672505,1067.3923235369932,1711.1487908441927,135.2632840712555,14.769192174589023,1108.973157734693,1067.4151161733876,7.604386587963971,12.75921946657664,True,135.25347695342143,0.06944568038062085,True,-0.001070824274041371,115.87754345707376,-0.0001296943032101372,135.25347695342143,1.0
0.9595321391669828,4.0,899.9837720516911,13.313941995716233,0.8509499689071092,30.06,0.2,14.773325933349174,178814040.96291965,245.65189320760223,1112.700371563584,12.763742900456252,8.861787065435802,0.0890029112082411,7.635835844621413,1066.3979590951212,1713.2307598974808,129.6840490249968,14.773245290670628,1112.72723248052,1066.4282313180618,7.635074293448444,12.76686536116,True,129.6847569310034,0.08929220813167846,True,8.064267854557272e-05,115.96713627659884,-0.0002892969234373627,129.6847569310034,1.0
0.9500952545452652,4.0,899.9964858480674,10.246083999751148,0.8500039677536422,30.06,0.2,14.769268228502447,176858593.57601815,243.16131485165877,1117.7560346211962,12.773214902479975,8.715926877109482,0.12456146348637509,7.356282439052072,1069.6898559664648,1696.4011792392894,128.3011096611611,14.768830254987803,1117.7828839024796,1069.7203650267054,7.355897699458229,12.77240208202827,True,128.30491446404397,0.12473604679077949,True,0.00043797351464469614,114.8564003876148,-0.0001745833044043965,128.30491446404397,1.0
0.9594201581903831,4.0,899.9988334706337,12.892111925522528,0.8500064335921542,30.06,0.2,14.782736954570064,178594926.41005293,245.3245251142348,1113.2365679893962,12.76418031063147,8.846370475058169,0.09216037495650954,7.6140497250562555,1066.631974549314,1713.050854589412,129.44267861626105,14.782587144984623,1113.2667909784184,1066.6627590879082,7.613342440748854,12.766773556310845,True,129.44399041329845,0.0924575524999725,True,0.0001498095854408632,115.88053470093635,-0.00029717754346296477,129.44399041329845,1.0
0.9570326061885377,4.0,899.9986080204341,12.21497536625333,0.8500075361385218,30.06,0.2,14.779663802505034,178150717.5116085,244.76507727913528,1114.3935249550796,12.76649310389015,8.81287682744387,0.09956992375838444,7.547529446601026,1067.4148284281175,1708.787865155406,129.14757149623782,14.779431174753471,1114.4264880184635,1067.4452674719944,7.546939300741057,12.768220649544807,True,129.1496042746866,0.09986829907142075,True,0.00023262775156318583,115.61547300444869,-0.0002983753130363087,129.1496042746866,1.0
0.9601784457022239,3.9999,899.9143424992184,16.841970345952685,0.8709951347576912,30.06,0.2,14.780100087987112,183149504.01700756,248.75145954016116,1110.3562573826925,12.75974180721167,8.929787708155736,0.0760684337098144,7.6393998961266,1066.707512730326,1714.2553545685205,132.76744425180573,14.78068615918477,1110.3832488981775,1066.729385982976,7.638397944120534,12.762331914384488,True,132.76217987001556,0.07629456366486162,True,-0.0005860711976577448,115.9892796701456,-0.00022612995504721345,132.76217987001556,1.0
0.9401543911281678,4.0,899.3915877345136,6.925534799213778,0.8500002862149791,30.06,0.2,14.764949953223596,175007360.9944816,240.63367929773528,1123.2759938981071,12.783380815888858,8.558207605945242,0.17915542847903757,7.059291909296851,1073.2869319826896,1677.8653640931009,126.99527419587602,14.764189947104317,1123.3171056669019,1073.3188553238438,7.058988302063869,12.783434393681109,True,127.00181144484493,0.17964564518221007,True,0.0007600061192789553,113.63186785289035,-0.000490216703172508,127.00181144484493,1.0
0.9576861217098223,4.0,899.0479648913225,12.55292116888615,0.8501085759076351,30.06,0.2,14.764615905200845,178293559.91491127,245.11225194051323,1113.6106447857017,12.766016338466908,8.835310955463378,0.09465345003381245,7.597110729469553,1066.834412693072,1708.7001116150204,129.38285385890583,14.764397976033875,1113.641652817773,1066.8638146259202,7.596476912598135,12.768130902171926,True,129.38476360812876,0.0949424358449434,True,0.0002179291669701655,115.72748833238447,-0.0002889858111309457,129.38476360812876,1.0
0.9384760426080092,4.0,899.9118136853385,6.623717314915847,0.8500004588658191,30.06,0.2,14.759516446618763,174694976.1480392,240.33786554127906,1123.9183353041813,12.784722166174694,8.539922948404257,0.18692805169994026,7.018038682360929,1073.800066315703,1675.5387919013374,126.81525807908241,14.75872919385211,1123.9596995439817,1073.8324366607242,7.0177582434841765,12.78436823454902,True,126.82202259528603,0.18740678474914435,True,0.0007872527666528129,113.51584294599303,-0.0004787330492040942,126.82202259528603,1.0
0.9601102671133477,4.0,899.9985573910434,17.016237200795235,0.8719987997822229,30.06,0.2,14.77997688110331,183347531.1052541,248.8989604901024,1110.2565912230007,12.7595915932381,8.932681219655382,0.07556393795994143,7.637521487028122,1066.7437935535995,1714.28304850378,132.9121046043163,14.780640611339523,1110.2824962603472,1066.7667158923718,7.6364071832922225,12.762407692051465,True,132.90613613617583,0.07579084517154215,True,-0.0006637302362122455,115.99282435392658,-0.00022690721160072147,132.90613613617583,1.0
0.9360431774374887,3.9998,899.8007838863841,5.860843714664146,0.8500005527964108,30.06,0.2,14.755705041116881,174242123.61543432,239.7622746746174,1125.1988560557281,12.78717889219429,8.503578367644739,0.20329711903543696,6.950093517135489,1074.6474353564586,1670.9815092062486,126.51919313089947,14.754843217548462,1125.2370880223204,1074.6801835034728,6.949801931576862,12.785808723732073,True,126.52658305845681,0.20368018212026873,True,0.0008618235684192399,113.2356916161606,-0.00038306308483176954,126.52658305845681,1.0
0.9545600414933056,4.0,899.9997408402905,11.73675632532892,0.8500006574573465,30.06,0.2,14.766707231721462,177689013.9653353,244.34587158162378,1115.2158511835078,12.768727636921627,8.788992404740789,0.10529154245929222,7.49771858995782,1068.0082968885163,1704.3730850113407,128.92588943759847,14.76641960208765,1115.2491661634324,1068.0385485848785,7.497195405790322,12.769813159789159,True,128.92840073738319,0.10557762495102276,True,0.0002876296338119033,115.4174708442406,-0.00028608249173053824,128.92840073738319,1.0
0.9540088539865669,4.0,899.9961129181189,11.470938624493407,0.8500014893579464,30.06,0.2,14.770513860800563,177586585.5656945,244.14197007210635,1115.6660598020514,12.76934117355188,8.776055460885186,0.10844723703837052,7.4734158156974875,1068.294366308191,1703.388936177905,128.8183630377888,14.770201372784554,1115.6991449921588,1068.324712879613,7.4729177807538765,12.770098331401863,True,128.8210884031156,0.1087234532767006,True,0.0003124880160090271,115.32088166899075,-0.00027621623833008757,128.8210884031156,1.0
0.9592639346249766,4.0,899.9107574731389,12.933370856274305,0.8500005603665792,30.06,0.2,14.777891975347742,178564611.7553311,245.35606345899063,1113.1464950346206,12.764297276530117,8.848920242767143,0.09165091957910598,7.61885241472727,1066.5771683538735,1712.6531324864102,129.46313804422698,14.777745556964467,1113.1763832083443,1066.607902204361,7.618135618805827,12.766928305935547,True,129.46442076920647,0.09194608158361348,True,0.00014641838327555945,115.89164268978416,-0.0002951620045074932,129.46442076920647,1.0
0.9462226408080413,4.0,899.953797857252,9.07203245004558,0.8500001868721787,30.06,0.2,14.765199433375592,176136929.73182848,242.23211554880672,1119.749201897947,12.777032722417655,8.658767624337809,0.14212242707551923,7.245561887449277,1071.0224271770303,1689.4241052627353,127.81279375868426,14.764637810516158,1119.7759790637465,1071.0531222136522,7.245259360522441,12.779918468912909,True,127.8176555499198,0.14256779594540298,True,0.0005616228594345074,114.41445999888691,-0.0004453688698837499,127.8176555499198,1.0
0.9408016329929385,4.0,899.9986501982505,6.776445309931287,0.8500002365406353,30.06,0.2,14.786349193205531,175127833.19532552,240.5040590600517,1123.6718611616616,12.782851055467845,8.547211017819546,0.183483738822018,7.037215647953288,1073.552756450427,1679.8073582667632,126.89877784305928,14.785655909333505,1123.7136831390833,1073.5874029587667,7.036785157242361,12.782761925847712,True,126.90472799343462,0.18398081190411752,True,0.0006932838720263845,113.59933106661708,-0.0004970730820995362,126.90472799343462,1.0
0.951679521523405,4.0,899.9996212925425,10.926584401387755,0.8500040552150543,30.06,0.2,14.762119412793758,177153520.3708294,243.68474675330876,1116.6002081643437,12.771509936509004,8.74906303609788,0.11546697996398711,7.4188035824433,1068.946763842437,1699.2298981041492,128.57729838573275,14.761744797775085,1116.6314056728015,1068.9769551783843,7.418372470888765,12.771551857015757,True,128.58056134601932,0.1157079739653189,True,0.0003746150186731967,115.10418540728944,-0.00024099400133179016,128.58056134601932,1.0
0.9552332940084004,4.0,899.9998105136966,11.73675632532892,0.8500003430372254,30.06,0.2,14.775768696030225,177814272.49765164,244.36820686621706,1115.2103766850657,12.768213236660749,8.789253243234707,0.10516379018245298,7.500407943008068,1067.972546341056,1705.5751817011924,128.93765182785714,14.775477976148546,1115.2437924547755,1068.0027723163237,7.499891913309941,12.769322464583539,True,128.94018878395048,0.1054514225954642,True,0.00029071988167928,115.42801808226659,-0.00028763241301121845,128.94018878395048,1.0
0.9552203042018368,4.0,899.9997408402905,10.701754006340575,0.8500005738725203,30.06,0.2,14.819506756996557,177811902.76637897,243.6437040155368,1116.9525798982181,12.768979393568902,8.739575189117126,0.11756028193964688,7.414117511606264,1068.9774107317194,1705.5519883181423,128.5553939735767,14.819115881190982,1116.9836919117806,1069.008178065191,7.4136985893503455,12.768872596304195,True,128.55878480968215,0.11779673683489646,True,0.00039087580557506385,115.08491920585465,-0.00023645489524957986,128.55878480968215,1.0
0.9407526569111603,4.0,899.9982706996861,7.44343098470495,0.8500000117544466,30.06,0.2,14.758128386838129,175118670.11127,240.9513783473689,1122.5407700114192,12.782366783792764,8.579056325768619,0.17083700429811563,7.091069859876139,1072.9043535352987,1679.7199111581858,127.13478405237514,14.757424263030444,1122.581326259559,1072.9362814315841,7.090782216223049,12.783091449785408,True,127.14085005865378,0.17135189121647498,True,0.0007041238076848089,113.8105282887151,-0.000514886918359353,127.14085005865378,1.0
0.9591887652280433,4.0,899.9512319839583,19.858283783956622,0.8888786942824634,30.06,0.2,14.76438704296274,186717337.164871,251.4914594612646,1108.3254287183727,12.75774600934832,8.988630727034401,0.06650026999914518,7.638544383674143,1067.018256801109,1712.574347290638,135.4978633636254,14.765414523775895,1108.3528262597981,1067.0392469432184,7.63715415729229,12.75877800105869,True,135.48843447460874,0.06664920651090095,True,-0.0010274808131551794,116.00302498665587,-0.00014893651175576506,135.48843447460874,1.0
0.9533388601868754,4.0,899.9963498662652,11.473837537180264,0.8500022394663471,30.06,0.2,14.761365131443974,177462024.34502196,244.1218314244709,1115.6666370488372,12.76984985837204,8.775935271912708,0.10854448497995507,7.470977954046871,1068.3272521853366,1702.192657945336,128.80779083350927,14.761046274872829,1115.6996056905768,1068.3573864618768,7.470491867376189,12.770587365388948,True,128.81057323861506,0.10881916006606852,True,0.0003188565711447211,115.31125818585585,-0.0002746750861134517,128.81057323861506,1.0
0.9552332940084004,4.0,899.9997408402905,10.701754006340575,0.8500005738725203,30.06,0.2,14.819682508652093,177814320.7868204,243.64412777364208,1116.9524872323905,12.768969481676889,8.739579838727167,0.11755762915912969,7.414168565145393,1068.9767255485767,1705.5751817011924,128.55561756396415,14.819293946986178,1116.9835946267478,1069.0075439088214,7.413744842123231,12.768863095525697,True,128.55898829033626,0.11779404750428103,True,0.00038856166591472174,115.08513948330582,-0.0002364183451513402,128.55898829033626,1.0
0.9552332940084004,4.0,899.9999820463303,11.579379286859153,0.8500005738725203,30.06,0.2,14.78245209136271,177814320.7868204,244.25775888782107,1115.4749162044673,12.768326765119786,8.781700610710743,0.10696026402820671,7.487262433241944,1068.1251704903093,1705.5751817011924,128.8793919457257,14.782192945767191,1115.5083082560943,1068.1566328042918,7.486670371629914,12.769252928522809,True,128.8816513213744,0.10724306457201514,True,0.00025914559551942773,115.37610756644668,-0.00028280054380842856,128.8816513213744,1.0
0.950061977917718,4.0,899.9997760000674,10.354712720619666,0.8500039468026264,30.06,0.2,14.764283653033544,176852394.8300899,243.23488599018216,1117.5740822439764,12.77315856888136,8.721095508390121,0.12312937314287886,7.365066283163186,1069.5869736582545,1696.3417636070753,128.33992708314867,14.763854546391316,1117.6017089453148,1069.6173814926647,7.364677444184078,12.772473712005658,True,128.34365724148918,0.12331559365493987,True,0.0004291066422279499,114.89122874869298,-0.00018622051206100554,128.34365724148918,1.0
0.9552332940084004,4.0,899.9997408402905,11.579379286859153,0.8500005738725203,30.06,0.2,14.782449517820396,177814320.7868204,244.25780141173956,1115.4748581440952,12.76832683373937,8.781702248862075,0.10695987919780482,7.487267513881783,1068.1251098817586,1705.5751817011924,128.87941438291165,14.782190350781416,1115.5082500593044,1068.1565715740535,7.486675487374826,12.769252988513475,True,128.88167394630642,0.10724267751331662,True,0.00025916703897976845,115.37612746543314,-0.000282798315511798,128.88167394630642,1.0
0.9593244834629341,4.0,899.9886853528858,17.963598060411304,0.8772657121665403,30.06,0.2,14.766618353603686,184303994.93870327,249.72212682104634,1109.576992098264,12.759339919912449,8.95226665762291,0.07229726178362486,7.639413745813883,1066.8157301800345,1712.865681159075,133.72632872140474,14.76740526994521,1109.5929060999333,1066.8375353840033,7.638222883383985,12.763325223763427,True,133.71920279566228,0.07250604781086738,True,-0.0007869163415232805,116.00292402538406,-0.00020878602724251627,133.71920279566228,1.0
0.9432283626031348,4.0,899.9997158314421,8.20687734614456,0.8500000060400003,30.06,0.2,14.76063727884166,175579515.13223955,241.5444078004243,1121.2378959487323,12.779927846637865,8.616199299341304,0.15680689296543346,7.162449734110296,1072.0321987782504,1684.1402995721087,127.44768773629768,14.760009052250952,1121.2739783199468,1072.0637473411437,7.16214435030933,12.781664311673621,True,127.45311226050201,0.15730842026069014,True,0.0006282265907078255,114.09129553992229,-0.0005015272952566818,127.45311226050201,1.0
0.9601102671133477,4.0,899.9980298800643,17.016237200795235,0.8719987997822229,30.06,0.2,14.779971223237439,183347531.1052541,248.89905577018874,1110.2564640486785,12.759591744515149,8.93268484177377,0.07556333666761761,7.6375326762752795,1066.7436617479707,1714.28304850378,132.91215548390525,14.780634847465485,1110.2823688604349,1066.7665814014965,7.636418553750691,12.76240782612656,True,132.9061879644116,0.0757902409097351,True,-0.0006636242280464444,115.99286780577714,-0.00022690424211749272,132.9061879644116,1.0
0.9483384051225159,4.0,899.9925766049406,9.859640064285134,0.8500001472277947,30.06,0.2,14.761531639340843,176530765.62585306,242.83734776741113,1118.4170651736185,12.774833395730575,8.696875836125809,0.1302153850000233,7.317683693989037,1070.155778269922,1693.250132005258,128.13040722930396,14.76104879214173,1118.4400273497104,1070.1862000897263,7.317337144614323,12.77350641986817,True,128.13459849031278,0.13033362908952886,True,0.0004828471991125127,114.70274927709835,-0.0001182440895055592,128.13459849031278,1.0
0.9393734487836254,4.0,899.9998504956204,6.5343157777238785,0.8500004769047421,30.06,0.2,14.776549961514206,174862029.7817805,240.29824844758286,1124.0881814968095,12.784102518567526,8.535288754818232,0.18871557984534096,7.01234194879857,1073.8633573666998,1677.257326188128,126.79020153835337,14.775760354308138,1124.129646056008,1073.8961812170778,7.01205416872975,12.783670006610098,True,126.79697712582859,0.189193061912591,True,0.0007896072060677994,113.50127132175427,-0.00047748206725004017,126.79697712582859,1.0
0.9384760426080092,4.0,899.9443409639052,6.623717314915847,0.8500004588658191,30.06,0.2,14.759852354253713,174694976.1480392,240.33550195486885,1123.9261081475804,12.784713353011115,8.539706884371853,0.18701681636841064,7.017374938049955,1073.8083108072392,1675.5846370388988,126.81237199239303,14.759071563002582,1123.9674994396948,1073.8408652136961,7.017083256294981,12.784360428997141,True,126.81908067932935,0.18749610304809522,True,0.0007807912511310633,113.5164212755395,-0.00047928667968458183,126.81908067932935,1.0
